G1674248P2509358_014444_PL01DF_FTXXX_US1XM1X0XXXHXXXXX_TC_FLUSH_ALL_WAYS_SETS128_159,1,G1674248P2509358_014444_PL01DF_FTXXX_US1XM1X0XXXHXXXXX_TC_FLUSH_ALL_WAYS_SETS128_159,1
G1685226P2446050_014444_PL01DF_FBXXX_US1XM1X2XXXHXXXXX_BPBTB_TAR_2PORT_RDS_XTHRD_GLOBAL,1,G1685226P2446050_014444_PL01DF_FBXXX_US1XM1X2XXXHXXXXX_BPBTB_TAR_2PORT_RDS_XTHRD_GLOBAL,1
G1696375P2482132_014444_PL01DF_FTXXX_US1XM1X2XXXHXXXXX_FSB_EMON_BNR_STALL_T1,1,G1696375P2482132_014444_PL01DF_FTXXX_US1XM1X2XXXHXXXXX_FSB_EMON_BNR_STALL_T1,1
G1681146P2431044_014444_PL01DF_FTXXX_US1XM1X2XXXHXXXXX_LOCKRAND_MT_TOGGLE,1,G1681146P2431044_014444_PL01DF_FTXXX_US1XM1X2XXXHXXXXX_LOCKRAND_MT_TOGGLE,1
G1696165P2437016_014444_PL01DF_FTXXX_US1XM1X2XXXHXXXXX_ISROUTPUT1,1,G1696165P2437016_014444_PL01DF_FTXXX_US1XM1X2XXXHXXXXX_ISROUTPUT1,1
G1702125P2244898_014444_PL01DF_FTXXX_US1XM1X0XXXHXXXXX_SAAT_DRCAM_HIT_LD3_FT_T1,1,G1702125P2244898_014444_PL01DF_FTXXX_US1XM1X0XXXHXXXXX_SAAT_DRCAM_HIT_LD3_FT_T1,1
G1690097P2494768_014444_PL01DF_FTXXX_US1XM1X2XXXQXXXXX_MOS_MOLLARYM_LB_CAM1_HIT_05_MT1,1,G1690097P2494768_014444_PL01DF_FTXXX_US1XM1X2XXXQXXXXX_MOS_MOLLARYM_LB_CAM1_HIT_05_MT1,1
G1648624P2481168_014444_PL01DF_FTXXX_US1XM1X1XXXQXXXXX_ITLB_FAULT_LIP,1,G1648624P2481168_014444_PL01DF_FTXXX_US1XM1X1XXXQXXXXX_ITLB_FAULT_LIP,1
G1676366P2502398_014444_PL01DF_FTXXX_US1XM1X2XXXHXXXXX_MOS_MOLLARYM_LB_CAM0_SPHIT_18_MT0,1,G1676366P2502398_014444_PL01DF_FTXXX_US1XM1X2XXXHXXXXX_MOS_MOLLARYM_LB_CAM0_SPHIT_18_MT0,1
G1885362P6074561_014444_PL01DF_FBXXX_UX1XM1X0XXXHXXXXX_WINBEZ,1,G1885362P6074561_014444_PL01DF_FBXXX_UX1XM1X0XXXHXXXXX_WINBEZ,1
G1680154P2479778_014444_PL01DF_FTXXX_US1XM1X0XXXHXXXXX_MOS_MOB_EMON_BASIC_02,1,G1680154P2479778_014444_PL01DF_FTXXX_US1XM1X0XXXHXXXXX_MOS_MOB_EMON_BASIC_02,1
G1683451P2259428_014444_PL01DF_FTXXX_US1PM1X0XXXHXXXXX_JCC_BLIP_NLIP_LOOP1,1,G1683451P2259428_014444_PL01DF_FTXXX_US1PM1X0XXXHXXXXX_JCC_BLIP_NLIP_LOOP1,1
G1681316P2259308_014444_PL01DF_FTXXX_US1XM1X0XXXHXXXXX_FC_STPCLK_NOP_T0,1,G1681316P2259308_014444_PL01DF_FTXXX_US1XM1X0XXXHXXXXX_FC_STPCLK_NOP_T0,1
G1693176P2325008_014444_PL01DF_FTXXX_US1XM1X0XXXHXXXXX_PMH_FT_T0__B4K_ADG_ORP_000,1,G1693176P2325008_014444_PL01DF_FTXXX_US1XM1X0XXXHXXXXX_PMH_FT_T0__B4K_ADG_ORP_000,1
G1685498P2430144_014444_PL01DF_FTXXX_US1XM1X2XXXHXXXXX_LOCKRAND_MT_TOGGLE,1,G1685498P2430144_014444_PL01DF_FTXXX_US1XM1X2XXXHXXXXX_LOCKRAND_MT_TOGGLE,1
G1686794P2801765_014444_PL01DF_FUXXX_UX1XM1X0XXXHXXXXX_UL1_SINGLEBITECC_PBIST_CODE,1,G1686794P2801765_014444_PL01DF_FUXXX_UX1XM1X0XXXHXXXXX_UL1_SINGLEBITECC_PBIST_CODE,1
G1690858P2464074_014444_PL01DF_FTXXX_US1XM1X0XXXHXXXXX_BOGBR_JC_JZ_4,1,G1690858P2464074_014444_PL01DF_FTXXX_US1XM1X0XXXHXXXXX_BOGBR_JC_JZ_4,1
G1693201P2449810_014444_PL01DF_FTXXX_US1XM1X2XXXHXXXXX_UL1_SAME_SET_TEST,1,G1693201P2449810_014444_PL01DF_FTXXX_US1XM1X2XXXHXXXXX_UL1_SAME_SET_TEST,1
G1684112P2494758_014444_PL01DF_FTXXX_US1XM1X2XXXHXXXXX_MOS_MOLLARYM_LB_CAM1_HIT_05_MT0,1,G1684112P2494758_014444_PL01DF_FTXXX_US1XM1X2XXXHXXXXX_MOS_MOLLARYM_LB_CAM1_HIT_05_MT0,1
G1685167P2479518_014444_PL01DF_FTXXX_US1XM1X0XXXHXXXXX_DAC_FT_PL2_RHINE_RAND_018,1,G1685167P2479518_014444_PL01DF_FTXXX_US1XM1X0XXXHXXXXX_DAC_FT_PL2_RHINE_RAND_018,1
G1678956P2509368_014444_PL01DF_FTXXX_US1XM1X1XXXQXXXXX_TC_FLUSH_ALL_WAYS_SETS128_159,1,G1678956P2509368_014444_PL01DF_FTXXX_US1XM1X1XXXQXXXXX_TC_FLUSH_ALL_WAYS_SETS128_159,1
G1677177P2449080_014444_PL01DF_FTXXX_US1XM1X0XXXHXXXXX_EXEC_FT_T0__FRITSFPU_GEN_EXT_ORP_001,1,G1677177P2449080_014444_PL01DF_FTXXX_US1XM1X0XXXHXXXXX_EXEC_FT_T0__FRITSFPU_GEN_EXT_ORP_001,1
G1676302P2244588_014444_PL01DF_FTXXX_US1XM1X0XXXHXXXXX_MEU_PMH_VAR_MTRR_4K_MATCH_1,1,G1676302P2244588_014444_PL01DF_FTXXX_US1XM1X0XXXHXXXXX_MEU_PMH_VAR_MTRR_4K_MATCH_1,1
G1693150P2502888_014444_PL01DF_FTXXX_US1XM1X2XXXHXXXXX_MOS_MOLLARYM_LB_CAM0_SPHIT_30_MT0,1,G1693150P2502888_014444_PL01DF_FTXXX_US1XM1X2XXXHXXXXX_MOS_MOLLARYM_LB_CAM0_SPHIT_30_MT0,1
G1690418P2254218_014444_PL01DF_FTXXX_US1XM1X2XXXHXXXXX_CACHE_STRIDE_MISS_X2_MT,1,G1690418P2254218_014444_PL01DF_FTXXX_US1XM1X2XXXHXXXXX_CACHE_STRIDE_MISS_X2_MT,1
G1688163P2463294_014444_PL01DF_FTXXX_US1XM1X1XXXQXXXXX_MITE_CREG_PATCH3_09,1,G1688163P2463294_014444_PL01DF_FTXXX_US1XM1X1XXXQXXXXX_MITE_CREG_PATCH3_09,1
G1698579P2412066_014444_PL01DF_FTXXX_US1XM1X0XXXHXXXXX_PATCH_MAX_RESOURCES,1,G1698579P2412066_014444_PL01DF_FTXXX_US1XM1X0XXXHXXXXX_PATCH_MAX_RESOURCES,1
G1672108P2496478_014444_PL01DF_FTXXX_US1XM1X2XXXQXXXXX_MOS_MOLLARYM_LB_CAM1_HIT_27_MT1,1,G1672108P2496478_014444_PL01DF_FTXXX_US1XM1X2XXXQXXXXX_MOS_MOLLARYM_LB_CAM1_HIT_27_MT1,1
G1680562P2801780_014444_PL01DF_FUXXX_UX1XM1X0XXXHXXXXX_UL1_DOUBLEBITECC_PBIST_CODE,1,G1680562P2801780_014444_PL01DF_FUXXX_UX1XM1X0XXXHXXXXX_UL1_DOUBLEBITECC_PBIST_CODE,1
G1680270P2801757_014444_PL01DF_FUXXX_UX1XM1X0XXXHXXXXX_UL1_SINGLEBITECC_PBIST_DATA,1,G1680270P2801757_014444_PL01DF_FUXXX_UX1XM1X0XXXHXXXXX_UL1_SINGLEBITECC_PBIST_DATA,1
G1681091P2496908_014444_PL01DF_FTXXX_US1XM1X2XXXQXXXXX_MOS_MOLLARYM_LB_CAM0_HIT_37_MT1,1,G1681091P2496908_014444_PL01DF_FTXXX_US1XM1X2XXXQXXXXX_MOS_MOLLARYM_LB_CAM0_HIT_37_MT1,1
G1697442P2802218_014444_PL01DF_FUXXX_UX1XM1X0XXXHXXXXX_UL1_SINGLEBITECC_EACHBIT_PBIST_DATA,1,G1697442P2802218_014444_PL01DF_FUXXX_UX1XM1X0XXXHXXXXX_UL1_SINGLEBITECC_EACHBIT_PBIST_DATA,1
G1702496P2447730_014444_PL01DF_FTXXX_US1XM1X2XXXHXXXXX_TMRCHAINTESTOUTPUT7A,1,G1702496P2447730_014444_PL01DF_FTXXX_US1XM1X2XXXHXXXXX_TMRCHAINTESTOUTPUT7A,1
G1710192P2415862_014444_PL01DV_FTXXX_US1XM1X2XXXHXXXXX_BAV_APIC_INIT_REG_2,1,G1710192P2415862_014444_PL01DV_FTXXX_US1XM1X2XXXHXXXXX_BAV_APIC_INIT_REG_2,1
G1650256P2222848_014444_PL01DV_FTXXX_US12M1X0XXXAXXXXX_BAV_ARB_PRI_AGENT,1,G1650256P2222848_014444_PL01DV_FTXXX_US12M1X0XXXAXXXXX_BAV_ARB_PRI_AGENT,1
G1680566P2801771_014444_PL01DF_FUXXX_UX1XM1X0XXXHXXXXX_UL1_DOUBLEBITECC_PBIST_DATA,1,G1680566P2801771_014444_PL01DF_FUXXX_UX1XM1X0XXXHXXXXX_UL1_DOUBLEBITECC_PBIST_DATA,1
G1678279P2429644_014444_PL01DF_FTXXX_US1XM1X2XXXHXXXXX_MIXED_OPERATING_MODE_457461202,1,G1678279P2429644_014444_PL01DF_FTXXX_US1XM1X2XXXHXXXXX_MIXED_OPERATING_MODE_457461202,1
G1701756P2468204_014444_PL01DF_FTXXX_US1XM1X0XXXHXXXXX_PMH_FT_RHINE_RAND_006,1,G1701756P2468204_014444_PL01DF_FTXXX_US1XM1X0XXXHXXXXX_PMH_FT_RHINE_RAND_006,1
G1691484P2442688_014444_PL01DF_FTXXX_US1XM1X0XXXHXXXXX_PMH_FT_T1__B4K_ADG_ORP_000,1,G1691484P2442688_014444_PL01DF_FTXXX_US1XM1X0XXXHXXXXX_PMH_FT_T1__B4K_ADG_ORP_000,1
G1679594P2218838_014444_PL01DF_FTXXX_US1XM1X0XXXHXXXXX_MTRR_MODIFY,1,G1679594P2218838_014444_PL01DF_FTXXX_US1XM1X0XXXHXXXXX_MTRR_MODIFY,1
G1687213P2242528_014444_PL01DF_FTXXX_US1XM1X0XXXHXXXXX_IFALU_ADD2,1,G1687213P2242528_014444_PL01DF_FTXXX_US1XM1X0XXXHXXXXX_IFALU_ADD2,1
G1650533P2246368_014444_PL01DV_FTXXX_US12M1X0XXXAXXXXX_BAV_PART_SPLIT_WT1,1,G1650533P2246368_014444_PL01DV_FTXXX_US12M1X0XXXAXXXXX_BAV_PART_SPLIT_WT1,1
G1695422P2495318_014444_PL01DF_FTXXX_US1XM1X2XXXQXXXXX_MOS_MOLLARYM_LB_CAM0_HIT_15_MT1,1,G1695422P2495318_014444_PL01DF_FTXXX_US1XM1X2XXXQXXXXX_MOS_MOLLARYM_LB_CAM0_HIT_15_MT1,1
G1684103P2222988_014444_PL01DV_FTXXX_US1XM1X0XXXHXXXXX_BAV_RETRY_FEW_READ_TRANS,1,G1684103P2222988_014444_PL01DV_FTXXX_US1XM1X0XXXHXXXXX_BAV_RETRY_FEW_READ_TRANS,1
G1694947P2502408_014444_PL01DF_FTXXX_US1XM1X2XXXQXXXXX_MOS_MOLLARYM_LB_CAM0_SPHIT_18_MT1,1,G1694947P2502408_014444_PL01DF_FTXXX_US1XM1X2XXXQXXXXX_MOS_MOLLARYM_LB_CAM0_SPHIT_18_MT1,1
G1696630P2210378_014444_PL01DW_FTXXX_US1XM1X0XXXHXXXXX_PAGE_RSVD_BITS_PF,1,G1696630P2210378_014444_PL01DW_FTXXX_US1XM1X0XXXHXXXXX_PAGE_RSVD_BITS_PF,1
G1679431P2433836_014444_PL01DF_FTXXX_US1XM1X0XXXHXXXXX_URDR_UWDR_CONFLICTS_DIFFJMPS,1,G1679431P2433836_014444_PL01DF_FTXXX_US1XM1X0XXXHXXXXX_URDR_UWDR_CONFLICTS_DIFFJMPS,1
G1689191P2242438_014444_PL01DF_FTXXX_US1XM1X0XXXHXXXXX_DAC_EMON,1,G1689191P2242438_014444_PL01DF_FTXXX_US1XM1X0XXXHXXXXX_DAC_EMON,1
G1703088P2242698_014444_PL01DF_FTXXX_US1XM1X0XXXHXXXXX_T3_0031,1,G1703088P2242698_014444_PL01DF_FTXXX_US1XM1X0XXXHXXXXX_T3_0031,1
G1686812P2245128_014444_PL01DF_FTXXX_US1XM1X0XXXHXXXXX_FA_DIRECTED_NORMD_X87,1,G1686812P2245128_014444_PL01DF_FTXXX_US1XM1X0XXXHXXXXX_FA_DIRECTED_NORMD_X87,1
G1681461P2434046_014444_PL01DF_FTXXX_US1XM1X0XXXHXXXXX_MOS_MOSLARYM_LA_CAM_HIGHBITS_LDHIHALF,1,G1681461P2434046_014444_PL01DF_FTXXX_US1XM1X0XXXHXXXXX_MOS_MOSLARYM_LA_CAM_HIGHBITS_LDHIHALF,1
G1682356P2262178_014444_PL01DF_FTXXX_US1XM1X0XXXHXXXXX_UXDSEU,1,G1682356P2262178_014444_PL01DF_FTXXX_US1XM1X0XXXHXXXXX_UXDSEU,1
G1705907P2246818_014444_PL01DF_FTXXX_US1XM1X0XXXHXXXXX_COMBM2_RAND_KM_RM2_E_4,1,G1705907P2246818_014444_PL01DF_FTXXX_US1XM1X0XXXHXXXXX_COMBM2_RAND_KM_RM2_E_4,1
G1673637P2223148_014444_PL01DV_FTXXX_US1XM1X0XXXHXXXXX_BAV_REQ_FULL_POC_IOQ1D,1,G1673637P2223148_014444_PL01DV_FTXXX_US1XM1X0XXXHXXXXX_BAV_REQ_FULL_POC_IOQ1D,1
G1653164P2449070_014444_PL01DF_FTXXX_US1XM1X0XXXHXXXXX_EXEC_FT_T0__FRITSFPU_GEN_EXT_ORP_000,1,G1653164P2449070_014444_PL01DF_FTXXX_US1XM1X0XXXHXXXXX_EXEC_FT_T0__FRITSFPU_GEN_EXT_ORP_000,1
G1698159P2329378_014444_PL01DF_FTXXX_US1XM1X2XXXHXXXXX_FSPIMUX4,1,G1698159P2329378_014444_PL01DF_FTXXX_US1XM1X2XXXHXXXXX_FSPIMUX4,1
G1690730P2802240_014444_PL01DF_FUXXX_UX1XM1X0XXXHXXXXX_UL1_SINGLEBITECC_EACHBIT_PBIST_DATA,1,G1690730P2802240_014444_PL01DF_FUXXX_UX1XM1X0XXXHXXXXX_UL1_SINGLEBITECC_EACHBIT_PBIST_DATA,1
G1676148P2253888_014444_PL01DF_FTXXX_US1XM1X0XXXHXXXXX_CLD_STD_FC_FD_ISA_FN_P_01,1,G1676148P2253888_014444_PL01DF_FTXXX_US1XM1X0XXXHXXXXX_CLD_STD_FC_FD_ISA_FN_P_01,1
G1693134P2243058_014444_PL01DF_FTXXX_US1XM1X0XXXHXXXXX_IFALU_TRAVEL12,1,G1693134P2243058_014444_PL01DF_FTXXX_US1XM1X0XXXHXXXXX_IFALU_TRAVEL12,1
G1672551P2260378_014444_PL01DF_FTXXX_US1XM1X0XXXHXXXXX_BASIC_RM_CMPS,1,G1672551P2260378_014444_PL01DF_FTXXX_US1XM1X0XXXHXXXXX_BASIC_RM_CMPS,1
G1694240P2247688_014444_PL01DF_FTXXX_US1XM1X0XXXHXXXXX_BSU_UBRKMATCH,1,G1694240P2247688_014444_PL01DF_FTXXX_US1XM1X0XXXHXXXXX_BSU_UBRKMATCH,1
G1695980P2484768_014444_PL01DF_FTXXX_US1XM1X1XXXQXXXXX_YT_MOVSD,1,G1695980P2484768_014444_PL01DF_FTXXX_US1XM1X1XXXQXXXXX_YT_MOVSD,1
G1679997P2429564_014444_PL01DF_FTXXX_US1XM1X2XXXHXXXXX_MEMORY_EXECUTION_480980566,1,G1679997P2429564_014444_PL01DF_FTXXX_US1XM1X2XXXHXXXXX_MEMORY_EXECUTION_480980566,1
G1650773P2503098_014444_PL01DF_FTXXX_US1XM1X2XXXQXXXXX_MOS_MOLLARYM_LB_CAM0_SPHIT_35_MT1,1,G1650773P2503098_014444_PL01DF_FTXXX_US1XM1X2XXXQXXXXX_MOS_MOLLARYM_LB_CAM0_SPHIT_35_MT1,1
G1677432P2501988_014444_PL01DF_FTXXX_US1XM1X2XXXQXXXXX_MOS_MOLLARYM_LB_CAM1_SPHIT_12_MT1,1,G1677432P2501988_014444_PL01DF_FTXXX_US1XM1X2XXXQXXXXX_MOS_MOLLARYM_LB_CAM1_SPHIT_12_MT1,1
G1690364P2479808_014444_PL01DF_FTXXX_US1XM1X0XXXHXXXXX_MOS_MOB_EMON_BASIC_04,1,G1690364P2479808_014444_PL01DF_FTXXX_US1XM1X0XXXHXXXXX_MOS_MOB_EMON_BASIC_04,1
G1699139P2445180_014444_PL01DF_FTXXX_US1XM1X0XXXHXXXXX_DPU_UL1_RAND_STORE_DATA_8,1,G1699139P2445180_014444_PL01DF_FTXXX_US1XM1X0XXXHXXXXX_DPU_UL1_RAND_STORE_DATA_8,1
G1671521P2256198_014444_PL01DF_FTXXX_US1XM1X0XXXHXXXXX_PAGEB4K_MIXED_AVL,1,G1671521P2256198_014444_PL01DF_FTXXX_US1XM1X0XXXHXXXXX_PAGEB4K_MIXED_AVL,1
G1690227P2222828_014444_PL01DV_FTXXX_US1XM1X0XXXHXXXXX_BAV_PARTIAL_WRITE_1,1,G1690227P2222828_014444_PL01DV_FTXXX_US1XM1X0XXXHXXXXX_BAV_PARTIAL_WRITE_1,1
G1678097P2252698_014444_PL01DF_FTXXX_US1XM1X0XXXHXXXXX_BSU_L1L2EVICTS_SNP,1,G1678097P2252698_014444_PL01DF_FTXXX_US1XM1X0XXXHXXXXX_BSU_L1L2EVICTS_SNP,1
G1682498P2504408_014444_PL01DF_FTXXX_US1XM1X1XXXQXXXXX_MOS_SASEGARYM_FLASHCOPY_FDS_HIGHBITS_,1,G1682498P2504408_014444_PL01DF_FTXXX_US1XM1X1XXXQXXXXX_MOS_SASEGARYM_FLASHCOPY_FDS_HIGHBITS_,1
G1692903P2388998_014444_PL01DF_FTXXX_US1PM1X0XXXHXXXXX_TOGGLE_WB_A5A_RMW_TEST,1,G1692903P2388998_014444_PL01DF_FTXXX_US1PM1X0XXXHXXXXX_TOGGLE_WB_A5A_RMW_TEST,1
G1678567P2501378_014444_PL01DF_FTXXX_US1XM1X2XXXHXXXXX_MOS_SATAGARYM_THREAD_VALID_CLEAR_3,1,G1678567P2501378_014444_PL01DF_FTXXX_US1XM1X2XXXHXXXXX_MOS_SATAGARYM_THREAD_VALID_CLEAR_3,1
G1709373P2251068_014444_PL01DV_FTXXX_US1XM1X2XXXHXXXXX_BAV_APIC_INIT_EOI,1,G1709373P2251068_014444_PL01DV_FTXXX_US1XM1X2XXXHXXXXX_BAV_APIC_INIT_EOI,1
G1691517P2246518_014444_PL01DF_FTXXX_US1XM1X0XXXHXXXXX_COMBM2_RAND_KM_RM2_E_2,1,G1691517P2246518_014444_PL01DF_FTXXX_US1XM1X0XXXHXXXXX_COMBM2_RAND_KM_RM2_E_2,1
G1674921P2260358_014444_PL01DF_FTXXX_US1XM1X0XXXHXXXXX_BASIC_PM_MOVS,1,G1674921P2260358_014444_PL01DF_FTXXX_US1XM1X0XXXHXXXXX_BASIC_PM_MOVS,1
G1682167P2478768_014444_PL01DF_FTXXX_US1XM1X0XXXHXXXXX_SAAT_FT_PL1_RHINE_RAND_017,1,G1682167P2478768_014444_PL01DF_FTXXX_US1XM1X0XXXHXXXXX_SAAT_FT_PL1_RHINE_RAND_017,1
G1701638P2468304_014444_PL01DF_FTXXX_US1XM1X0XXXHXXXXX_SAAT_FT_RHINE_RAND_007,1,G1701638P2468304_014444_PL01DF_FTXXX_US1XM1X0XXXHXXXXX_SAAT_FT_RHINE_RAND_007,1
G1674361P2430454_014444_PL01DF_FTXXX_US1XM1X2XXXHXXXXX_LOCKRAND_MT_TOGGLE,1,G1674361P2430454_014444_PL01DF_FTXXX_US1XM1X2XXXHXXXXX_LOCKRAND_MT_TOGGLE,1
G1649021P6013449_014444_PL01DF_FBXXX_UX1XM1X0XXXHXXXXX_T3THR_0000913C_GENERIC_WINXP64_REV2,1,G1649021P6013449_014444_PL01DF_FBXXX_UX1XM1X0XXXHXXXXX_T3THR_0000913C_GENERIC_WINXP64_REV2,1
G1671692P2259028_014444_PL01DF_FTXXX_US1XM1X0XXXHXXXXX_MEU_FP_INT_LDST,1,G1671692P2259028_014444_PL01DF_FTXXX_US1XM1X0XXXHXXXXX_MEU_FP_INT_LDST,1
G1691488P2463424_014444_PL01DV_FTXXX_US1XM1X2XXXHXXXXX_BUS_BAV_APIC_INTR_RW_IRR4_IRR5_FG_3,1,G1691488P2463424_014444_PL01DV_FTXXX_US1XM1X2XXXHXXXXX_BUS_BAV_APIC_INTR_RW_IRR4_IRR5_FG_3,1
G1676907P2324668_014444_PL01DF_FTXXX_US1XM1X0XXXHXXXXX_PMH_FT_T0__B4M_AD_EMON_ORP_003,1,G1676907P2324668_014444_PL01DF_FTXXX_US1XM1X0XXXHXXXXX_PMH_FT_T0__B4M_AD_EMON_ORP_003,1
G1691053P2243318_014444_PL01DF_FTXXX_US1XM1X0XXXHXXXXX_POP_0FA9_PROT_OPCOV_SHORT,1,G1691053P2243318_014444_PL01DF_FTXXX_US1XM1X0XXXHXXXXX_POP_0FA9_PROT_OPCOV_SHORT,1
G1697006P2324968_014444_PL01DF_FTXXX_US1XM1X0XXXHXXXXX_UL1_FT_T0_RLB_R_W_ACCESS_ORP_003,1,G1697006P2324968_014444_PL01DF_FTXXX_US1XM1X0XXXHXXXXX_UL1_FT_T0_RLB_R_W_ACCESS_ORP_003,1
