Timing cat10,FF_pbistl2_lfm_TAG_LRU_0112c_min1331600_1017,FF_SCB_ON_pbistl2_lfm_Data_NoEcc_0112c_min1331600_1017,pbistl1_lfm_0112c_min1331600_1017,pbistl2_lfm_Data_NoEcc_0112c_min1331600_1017,pbistl2_lfm_TAG_LRU_0112c_min1331600_1004,FF_pbistl2_lfm_Data_NoEcc_0112c_min1331600_1017,FF_SCBRD_ON_pbistl1_lfm_0112c_min1331600_1017,pbistl2_lfm_Data_NoEcc_0112c_min1331600_1004,FF_pbistl1_lfm_0112c_min1331600_1017,FF_SCBRD_ON_pbistl2_lfm_TAG_LRU_0112c_min1331600_1017,pbistl1_lfm_0112c_min1331600_1004,pbistl2_lfm_TAG_LRU_0112c_min1331600_1017FF_iF_KC_SBF_lfm_0112c_min1331600_1025
FF_pbistl2_DATA_ECCEnable_0112c_min1331600_1023
pbistl2_TAGLRU_el_c_0112c_exact1331600_1008
iF_KC_SBF_hfm_0118c_max1332400_1013
FF_pbistl2_DATA_Relaxed_0112c_min1331600_1023
F_pbistl2_DATA_ECCEnable_0118c_max1332400_1013
pbistl2_TAGLRU_eh_c_0112c_exact1331600_1006
F_pbistl2_DATA_ECCOnly_0118c_min1332400_1012
iF_KC_SBF_hfm_0118c_min1332400_1012
F_pbistl2_DATA_Relaxed_0118c_max1332400_1013
pbistl1_eh_c_0112c_exact1331600_1006
F_pbistl2_DATA_ECCOnly_0118c_max1332400_1013
FF_first_frc_0112c_min1331600_1020
F_pbistl2_DATA_ECCEnable_0118c_min1332400_1012
pbistl2_Data_el_c_0112c_exact1331600_1008
F_pbistl2_DATA_Relaxed_0118c_min1332400_1012
FF_pbistl2_Data_eh_c_0112c_exact1331600_1006
FF_pbistl2_TAGLRU_eh_c_0112c_exact1331600_1006
FF_pbistl1_eh_c_0112c_exact1331600_1006
pbistl2_Data_eh_c_0112c_exact1331600_1006
FF_pbistl2_DATA_ECCOnly_0112c_min1331600_1023
