Timing cat05,FF_SCB_ON_pbistl2_lfm_Data_NoEcc_0112c_min1331600_0522,pbistl2_lfm_TAG_LRU_0112c_min1331600_0505,pbistl1_lfm_0112c_min1331600_0505,pbistl2_lfm_TAG_LRU_0112c_min1331600_0522,FF_pbistl1_lfm_0112c_min1331600_0522,pbistl2_lfm_Data_NoEcc_0112c_min1331600_0505,FF_SCBRD_ON_pbistl2_lfm_TAG_LRU_0112c_min1331600_0522,FF_SCBRD_ON_pbistl1_lfm_0112c_min1331600_0522,FF_pbistl2_lfm_Data_NoEcc_0112c_min1331600_0522,pbistl1_lfm_0112c_min1331600_0522,FF_pbistl2_lfm_TAG_LRU_0112c_min1331600_0522,pbistl2_lfm_Data_NoEcc_0112c_min1331600_0522dicc_AVID3_ref_0118c_nom1332400_0501
F_pbistl2_DATA_ECCEnable_0118c_min1332400_0520
iF_KC_SBF_hfm_0118c_max1332400_0524
FF_pbistl2_TAGLRU_eh_c_0112c_exact1331600_0508
pbistl2_TAGLRU_eh_c_0112c_exact1331600_0508
FF_pbistl1_eh_c_0112c_exact1331600_0508
pbistl2_Data_el_c_0112c_exact1331600_0510
F_pbistl2_DATA_ECCOnly_0118c_max1332400_0524
F_pbistl2_DATA_ECCOnly_0118c_min1332400_0520
FF_pbistl2_DATA_ECCEnable_0112c_min1331600_0530
F_pbistl2_DATA_ECCEnable_0118c_max1332400_0524
F_pbistl2_DATA_Relaxed_0118c_max1332400_0524
FF_iF_KC_SBF_lfm_0112c_min1331600_0534
pbistl2_Data_eh_c_0112c_exact1331600_0508
F_pbistl2_DATA_Relaxed_0118c_min1332400_0520
FF_pbistl2_Data_eh_c_0112c_exact1331600_0508
FF_first_frc_0112c_min1331600_0533
iF_KC_SBF_hfm_0118c_min1332400_0520
pbistl2_TAGLRU_el_c_0112c_exact1331600_0510
FF_pbistl2_DATA_Relaxed_0112c_min1331600_0530
pbistl1_eh_c_0112c_exact1331600_0508
FF_pbistl2_DATA_ECCOnly_0112c_min1331600_0530
