P2236158,G1640796P2236158_014040_PL01DB_FBXXX_US1XM1X0XXXIXXXXX_FLT_LIP_TEST,0
P2468704,G1642402P2468704_014040_PL01DB_FBXXX_US1XM1X0XXXIXXXXX_TEST1,0
P2364680,G1644429P2364680_014040_PL01DB_FBXXX_US1XM1X0XXXIXXXXX_FACTLS_EMON_MMX,0
P2230088,G1642317P2230088_014040_PL01DB_FBXXX_US1XM1X0XXXIXXXXX_WNI_ORP_002,0
P2505668,G1642399P2505668_014040_PL01DB_FBXXX_US1XM1X0XXXIXXXXX_CRUCHK_LIVELOCK_XMM_ORP_001,0
P2241538,G1647934P2241538_014040_PL01DB_FBXXX_US1XM1X0XXXIXXXXX_FEC_EMON_SBFT,0
P2233778,G1648706P2233778_014040_PL01DB_FBXXX_US1XM1X0XXXIXXXXX_FMXD_MULPS_MULPD_SBFT,0
P2230758,G1642430P2230758_014040_PL01DB_FBXXX_US1XM1X0XXXIXXXXX_MMX_PAGING_ORP_002,0
P2229928,G1642661P2229928_014040_PL01DB_FBXXX_US1XM1X0XXXIXXXXX_FPUMMX_ORP_001,0
P2485908,G1641837P2485908_014040_PL01DB_FBXXX_US1XM1X0XXXIXXXXX_PIX_FRITS_IMMED_OTHERS11,0
P2344346,G1642457P2344346_014040_PL01DB_FBXXX_US1XM1X0XXXIXXXXX_BPBTB_TAR_2PORT_RDS_FINAL,0
P2490088,G1650748P2490088_014040_PL01DB_FBXXX_US1XM1X1XXXRXXXXX_IPLENDEC2A_ORP_000,0
P2444490,G1641079P2444490_014040_PL01DB_FBXXX_US1XM1X0XXXIXXXXX_TBTACD_CREG,0
P2230798,G1644368P2230798_014040_PL01DB_FBXXX_US1XM1X0XXXIXXXXX_WNI_PAGING_ORP_001,0
P2235198,G1648530P2235198_014040_PL01DB_FBXXX_US1XM1X0XXXIXXXXX_FA_RND_FP_ADD_SUB_DBL_SBFT,0
P2389238,G1642363P2389238_014040_PL01DB_FBXXX_US1XM1X0XXXIXXXXX_FMEXPD_SIMPLE_X87_SBFT,0
P2266478,G1693699P2266478_014040_PL01DB_FBXXX_US1XM1X0XXXIXXXXX_FPUMMX_NOPRELOAD_LM0_ORP_000,0
P2436746,G1650484P2436746_014040_PL01DB_FBXXX_US1XM1X0XXXIXXXXX_CREG_FRITS_TEST6_ORP_000,0
P2231208,G1650731P2231208_014040_PL01DB_FBXXX_US1XM1X0XXXIXXXXX_NINT_CALLRET_ORP_000,0
P2345162,G1641192P2345162_014040_PL01DB_FBXXX_US1XM1X0XXXIXXXXX_ISMATCHN_PATTERN_MASK_3_A,0
P2239548,G1641763P2239548_014040_PL01DB_FBXXX_US1XM1X1XXXIXXXXX_TD_TB_PERF_RETBRB_RETBRCOND_T1,0
P2235028,G1640699P2235028_014040_PL01DB_FBXXX_US1XM1X0XXXIXXXXX_MEU_PMH_PDECCH4_2_SBFT_PROT_PAGE_T0,0
P2364620,G1642390P2364620_014040_PL01DB_FBXXX_US1XM1X0XXXIXXXXX_FMXD_FMRNDC_EXPON_UNF_OVF,0
P2505598,G1642677P2505598_014040_PL01DB_FBXXX_US1XM1X1XXXIXXXXX_CRUCHK_LIVELOCK_XMM_DEFT_FORCEQ_ORP_0,0
P2238818,G1640606P2238818_014040_PL01DB_FBXXX_US1XM1X0XXXIXXXXX_TD_TB_006_STRUCT_TBTACD_ST,0
P2240158,G1641745P2240158_014040_PL01DB_FBXXX_US1XM1X0XXXIXXXXX_FMXD_ARITH6_SBFT,0
P2234678,G1641253P2234678_014040_PL01DB_FBXXX_US1XM1X0XXXIXXXXX_SAAT_CPL1_SBFT_T1,0
P2509488,G1648114P2509488_014040_PL01DQ_FBXXX_US1XM1X0XXXIXXXXX_FLAGS_S1A2_EVEN_RAND0_DPDAT,0
P2235958,G1641794P2235958_014040_PL01DB_FBXXX_US1XM1X1XXXIXXXXX_SAAT_SADPD_STOREADD_SBFT_T1,0
P2477828,G1649221P2477828_014040_PL01DB_FBXXX_US1XM1X0XXXIXXXXX_PIX_FRITS_CALLRETSH1_1,0
P2375100,G1647607P2375100_014040_PL01DQ_FBXXX_US1XM1X0XXXIXXXXX_BYPASS_P2_TO_STA_PORT2_DPDAT,0
P2387778,G1641132P2387778_014040_PL01DB_FBXXX_US1XM1X0XXXIXXXXX_SAAT_SARPLY_SBFT,0
P2231028,G1641861P2231028_014040_PL01DB_FBXXX_US1XM1X0XXXIXXXXX_CACHE_LINE_SPLIT_ORP_004,0
P2345382,G1641272P2345382_014040_PL01DB_FBXXX_US1XM1X0XXXIXXXXX_ISMATCHN_MATCH_MASK_REG_TEST,0
P2238738,G1641863P2238738_014040_PL01DB_FBXXX_US1XM1X1XXXIXXXXX_WMT_SBFT_ITULSBREQD0,0
P2230968,G1649378P2230968_014040_PL01DB_FBXXX_US1XM1X0XXXIXXXXX_BYPASS2_ORP_003,0
P2339246,G1692081P2339246_014040_PL01DB_FBXXX_US1XM1X0XXXIXXXXX_NUMERATOR_ESCR3_LAST5_ORP_000,0
P2388978,G1650688P2388978_014040_PL01DB_FBXXX_US1XM1X0XXXIXXXXX_FA_DIRECTED_VX_COM_MAX_MIN_PD_SBFT,0
P2232378,G1641640P2232378_014040_PL01DB_FBXXX_US1XM1X0XXXIXXXXX_FSQRT_E_TO_ONE_SBFT,0
P2344730,G1642517P2344730_014040_PL01DB_FBXXX_US1XM1X0XXXIXXXXX_BPBTB_TAR_2PORT_RDS_FINAL_GDBND,0
P2230188,G1650686P2230188_014040_PL01DB_FBXXX_US1XM1X0XXXIXXXXX_FPU_GEN_EXT_ORP_002,0
P2240108,G1641657P2240108_014040_PL01DB_FBXXX_US1XM1X0XXXIXXXXX_FMXD_INT1_SBFT,0
P2481308,G1642454P2481308_014040_PL01DB_FBXXX_US1XM1X0XXXIXXXXX_CRUCHK_CRUD_EVENTS_ORP_000,0
P2473628,G1642530P2473628_014040_PL01DB_FBXXX_US1XM1X0XXXIXXXXX_PIX_FRITS_CALL_RET2,0
P2236408,G1648869P2236408_014040_PL01DB_FBXXX_US1XM1X0XXXIXXXXX_WMT_SBFT_TCTAGD_PRECEV2,0
P2345272,G1641802P2345272_014040_PL01DB_FBXXX_US1XM1X0XXXIXXXXX_PSLLD_PATTERNS_BYPASS_SBFT,0
P2480608,G1649217P2480608_014040_PL01DB_FBXXX_US1XM1X0XXXIXXXXX_FRITS_T0_IQSSU_FILL_FIFO_LIMIT_SCHLR_,0
P2387788,G1648828P2387788_014040_PL01DB_FBXXX_US1XM1X0XXXIXXXXX_SAAT_LIVELOCK_SBFT,0
P2485928,G1644336P2485928_014040_PL01DB_FBXXX_US1XM1X1XXXIXXXXX_POWER_DEFT_FPU_NOPRELOAD_LM0_ORP_000,0
P2236668,G1640707P2236668_014040_PL01DB_FBXXX_US1XM1X0XXXIXXXXX_TD_TB_011_C,0
P2345452,G1642443P2345452_014040_PL01DB_FBXXX_US1XM1X0XXXIXXXXX_BPBTB_TAR_2PORT_RDS_FINAL_GDBND,0
P2239848,G1641453P2239848_014040_PL01DB_FBXXX_US1XM1X1XXXIXXXXX_TD_TB_PERF_TMRBCALL_TMRBR_T1,0
P2344760,G1649905P2344760_014040_PL01DB_FBXXX_US1XM1X0XXXIXXXXX_BPBTB_TAR_2PORT_RDS_FINAL,0
P2493988,G1644107P2493988_014040_PL01DB_FBXXX_US1XM1X0XXXIXXXXX_FRITS_T0_SSU_CR_CTRL_RANDOM_ORP_002,0
P2231168,G1642474P2231168_014040_PL01DB_FBXXX_US1XM1X0XXXIXXXXX_NINT_BRANCH_ORP_001,0
P2344296,G1642421P2344296_014040_PL01DB_FBXXX_US1XM1X0XXXIXXXXX_BPBTB_TAR_2PORT_RDS_FINAL_GDBND,0
P2241458,G1641130P2241458_014040_PL01DB_FBXXX_US1XM1X0XXXIXXXXX_FEC_EMON_SBFT,0
P2237108,G1641701P2237108_014040_PL01DB_FBXXX_US1XM1X1XXXIXXXXX_WMT_SBFT_ITREQCTRLS,0
P2234528,G1641733P2234528_014040_PL01DB_FBXXX_US1XM1X0XXXIXXXXX_FISSDBM_3_SBFT,0
P2505628,G1651236P2505628_014040_PL01DB_FBXXX_US1XM1X0XXXIXXXXX_CRUCHK_LIVELOCK_XMM_DEFT_FORCEQ_ORP_0,0
P2443468,G1641143P2443468_014040_PL01DB_FBXXX_US1XM1X1XXXIXXXXX_REAL_PRED0PRED1_2,0
P2443188,G1641452P2443188_014040_PL01DB_FBXXX_US1XM1X1XXXIXXXXX_REAL_PRED0PRED1_1,0
P2458924,G1650861P2458924_014040_PL01DB_FBXXX_US1XM1X0XXXIXXXXX_CRUCHK_LIVELOCK_DEFT_ORP_000,0
P2238908,G1648705P2238908_014040_PL01DB_FBXXX_US1XM1X0XXXIXXXXX_RANDOMINST2V2_3OF10,0
P2230828,G1644408P2230828_014040_PL01DB_FBXXX_US1XM1X0XXXIXXXXX_WNI_PAGING_ORP_004,0
P2241588,G1648001P2241588_014040_PL01DB_FBXXX_US1XM1X0XXXIXXXXX_FEC_EMON_SBFT,0
P2439686,G1647680P2439686_014040_PL01DQ_FBXXX_US1XM1X0XXXIXXXXX_PSC_4R_SS_BP_ALUMEM_S1_T1_IAQDAT,0
P2473658,G1649878P2473658_014040_PL01DB_FBXXX_US1XM1X0XXXIXXXXX_PIX_FRITS_CALL_RET00,0
P2487088,G1642385P2487088_014040_PL01DB_FBXXX_US1XM1X1XXXIXXXXX_FRITS_T1_IQSSU_PWROVR_RANDOM_ORP_001,0
P2472968,G1641962P2472968_014040_PL01DB_FBXXX_US1XM1X0XXXIXXXXX_MOB_MODPAEXTDEC_5,0
P2230148,G1642473P2230148_014040_PL01DB_FBXXX_US1XM1X0XXXIXXXXX_XMM_ORP_003,0
P2389068,G1649930P2389068_014040_PL01DB_FBXXX_US1XM1X0XXXIXXXXX_XMM_ORP_090,0
P2220318,G1640977P2220318_014040_PL01DB_FBXXX_US1XM1X0XXXIXXXXX_XMM_ORP_001,0
P2232028,G1648634P2232028_014040_PL01DB_FBXXX_US1XM1X0XXXIXXXXX_UL1_UTLBDATAOUT_SBFT,0
P2505718,G1649163P2505718_014040_PL01DB_FBXXX_US1XM1X1XXXIXXXXX_CRUCHK_LIVELOCK_XMM_ORP_003,0
P2447770,G1649167P2447770_014040_PL01DB_FBXXX_US1XM1X0XXXIXXXXX_FIRM_EMON_SBFT,0
P2485968,G1650149P2485968_014040_PL01DB_FBXXX_US1XM1X1XXXIXXXXX_POWER_DEFT_FPU_NOPRELOAD_LM0_ORP_002,0
P2447760,G1640835P2447760_014040_PL01DB_FBXXX_US1XM1X0XXXIXXXXX_FIRM_EMON_SBFT,0
P2477848,G1641751P2477848_014040_PL01DB_FBXXX_US1XM1X0XXXIXXXXX_PIX_FRITS_CALLRETSH1_3,0
P2230868,G1644389P2230868_014040_PL01DB_FBXXX_US1XM1X0XXXIXXXXX_XMM_PAGING_ORP_003,0
P2386560,G1646816P2386560_014040_PL01DB_FBXXX_US1XM1X0XXXIXXXXX_FP_FAULTS,0
P2236648,G1648691P2236648_014040_PL01DB_FBXXX_US1XM1X0XXXIXXXXX_TD_TB_011_B,0
P2344910,G1642641P2344910_014040_PL01DB_FBXXX_US1XM1X0XXXIXXXXX_BPBTB_TAR_2PORT_RDS_FINAL,0
P2472878,G1641161P2472878_014040_PL01DB_FBXXX_US1XM1X0XXXIXXXXX_FM_VX_ARITH_PACKED_SINGLE_DAZ_SBFT,0
P2241718,G1641103P2241718_014040_PL01DB_FBXXX_US1XM1X0XXXIXXXXX_SAAT_SADPD_MISC_SBFT_T0,0
P2482232,G1644369P2482232_014040_PL01DB_FBXXX_US1XM1X1XXXIXXXXX_FRITS_T1_IQSSU_FILLFIFO_PORT0A0B1A1B_,0
P2344206,G1650732P2344206_014040_PL01DB_FBXXX_US1XM1X0XXXIXXXXX_BPBTB_TAR_2PORT_RDS_FINAL,0
P2236208,G1648502P2236208_014040_PL01DB_FBXXX_US1XM1X0XXXIXXXXX_TDE_SBFT_TC_IGNOREBRPOS,0
P2443568,G1648835P2443568_014040_PL01DB_FBXXX_US1XM1X1XXXIXXXXX_ALFFPREADSTALL,0
P2339266,G1694479P2339266_014040_PL01DB_FBXXX_US1XM1X1XXXIXXXXX_TEMPLIVELOCK_QUEUE_ORP_001,0
P2473718,G1650746P2473718_014040_PL01DB_FBXXX_US1XM1X0XXXIXXXXX_PIX_FRITS_CALL_RET11,0
P2220278,G1650954P2220278_014040_PL01DB_FBXXX_US1XM1X0XXXIXXXXX_WNI_ORP_002,0
P2240088,G1641913P2240088_014040_PL01DB_FBXXX_US1XM1X0XXXIXXXXX_FMXD_KNI9_SBFT,0
P2345010,G1641056P2345010_014040_PL01DB_FBXXX_US1XM1X0XXXIXXXXX_IQPUBD_CCCR_READ_WRITE_SBFT,0
P2237258,G1640802P2237258_014040_PL01DB_FBXXX_US1XM1X0XXXIXXXXX_TD_TB_PERF_RETBRB_RETBRCOND_T0,0
P2238198,G1641202P2238198_014040_PL01DB_FBXXX_US1XM1X0XXXIXXXXX_ISPLATEST10,0
P2240408,G1648862P2240408_014040_PL01DB_FBXXX_US1XM1X0XXXIXXXXX_ROUNDER1_SBFT,0
P2240728,G1641010P2240728_014040_PL01DB_FBXXX_US1XM1X0XXXIXXXXX_TD_TB_NLIP_BASEI,0
P2477858,G1651053P2477858_014040_PL01DB_FBXXX_US1XM1X0XXXIXXXXX_PIX_FRITS_CALLRETSH1_4,0
P2345052,G1648668P2345052_014040_PL01DB_FBXXX_US1XM1X0XXXIXXXXX_REALMODE_TBITS,0
P2440888,G1641927P2440888_014040_PL01DB_FBXXX_US1XM1X0XXXIXXXXX_IQPUBD_SHADOWBUFFER5,0
P2444710,G1649542P2444710_014040_PL01DB_FBXXX_US1XM1X0XXXIXXXXX_RAT_DYN_DEAL,0
P2330122,G1651048P2330122_014040_PL01DB_FBXXX_US1XM1X1XXXIXXXXX_FPUMMX_ORP_003,0
P2235848,G1640689P2235848_014040_PL01DB_FBXXX_US1XM1X1XXXIXXXXX_DAC_L0_CACHE_HIT_T1,0
P2472348,G1648795P2472348_014040_PL01DB_FBXXX_US1XM1X0XXXIXXXXX_FMXD_FMRNDC_INTOF_WALK1,0
P2343936,G1650442P2343936_014040_PL01DB_FBXXX_US1XM1X0XXXIXXXXX_BPBTB_TAR_2PORT_RDS_FINAL,0
P2233788,G1641576P2233788_014040_PL01DB_FBXXX_US1XM1X0XXXIXXXXX_FIRM_FIXRC_SBFT,0
P2239468,G1640745P2239468_014040_PL01DB_FBXXX_US1XM1X1XXXIXXXXX_TD_TB_PERF_NOEVENT_PRED0GTL_T1,0
P2231878,G1650371P2231878_014040_PL01DB_FBXXX_US1XM1X0XXXIXXXXX_FMXD_INT8_SBFT,0
P2345552,G1650253P2345552_014040_PL01DB_FBXXX_US1XM1X0XXXIXXXXX_BPBTB_TAR_2PORT_RDS_FINAL_GDBND,0
P2235168,G1648922P2235168_014040_PL01DB_FBXXX_US1XM1X0XXXIXXXXX_MEU_PMH_PDECCH4_6_SBFT_PROT_PAGE_T0,0
P2237218,G1640698P2237218_014040_PL01DB_FBXXX_US1XM1X0XXXIXXXXX_TD_TB_PERF_PRED0GPU_PRED0BTL_T0,0
P2385492,G1682161P2385492_014040_PL01DB_FBXXX_US1XM1X0XXXIXXXXX_WMT_SBFT_BPPUBDCLB,0
P2503258,G1642599P2503258_014040_PL01DB_FBXXX_US1XM1X0XXXIXXXXX_CRUROB_CRM_SRTPTR_ORP_000_T0,0
P2416928,G1650037P2416928_014040_PL01DB_FBXXX_US1XM1X0XXXIXXXXX_IS_MASK_BIT_7_P213,0
P2241568,G1641527P2241568_014040_PL01DB_FBXXX_US1XM1X0XXXIXXXXX_FEC_EMON_SBFT,0
P2241918,G1648936P2241918_014040_PL01DB_FBXXX_US1XM1X0XXXIXXXXX_IS_MASK_BIT_7,0
P2345562,G1651035P2345562_014040_PL01DB_FBXXX_US1XM1X0XXXIXXXXX_IXLAT_BABRANCH_AGGRESS_ISBRINSTMKS_0,0
P2386000,G1647571P2386000_014040_PL01DQ_FBXXX_US1XM1X0XXXIXXXXX_IAQDAT_INPUT_ST0_IAQDAT,0
P2485868,G1642931P2485868_014040_PL01DB_FBXXX_US1XM1X0XXXIXXXXX_PIX_FRITS_IMMED_MOV07,0
P2231798,G1641961P2231798_014040_PL01DB_FBXXX_US1XM1X0XXXIXXXXX_FMXD_WNI8_SBFT,0
P2387030,G1641567P2387030_014040_PL01DB_FBXXX_US1XM1X1XXXIXXXXX_TBPU_LBR_SBFT,0
P2241448,G1648646P2241448_014040_PL01DB_FBXXX_US1XM1X0XXXIXXXXX_FEC_EMON_SBFT,0
P2465964,G1650021P2465964_014040_PL01DB_FBXXX_US1XM1X0XXXIXXXXX_CREG_FRITS_TEST1_ORP_000,0
P2236088,G1640980P2236088_014040_PL01DB_FBXXX_US1XM1X0XXXIXXXXX_TD_TB_LIMIT_COMP_ST,0
P2256798,G1648655P2256798_014040_PL01DB_FBXXX_US1XM1X0XXXIXXXXX_FEC_EMON_SBFT,0
P2472318,G1641203P2472318_014040_PL01DB_FBXXX_US1XM1X0XXXIXXXXX_FACTLS_RSR_SIGS,0
P2232258,G1648959P2232258_014040_PL01DB_FBXXX_US1XM1X0XXXIXXXXX_FMXD_MMX4_SBFT,0
P2230988,G1650466P2230988_014040_PL01DB_FBXXX_US1XM1X0XXXIXXXXX_CACHE_LINE_SPLIT_ORP_000,0
P2442788,G1641905P2442788_014040_PL01DB_FBXXX_US1XM1X0XXXIXXXXX_MUL_IMUL_YT_ORP_000,0
P2386350,G1641625P2386350_014040_PL01DB_FBXXX_US1XM1X0XXXIXXXXX_ISMATCHN_TEST2,0
P2389338,G1641533P2389338_014040_PL01DB_FBXXX_US1XM1X0XXXIXXXXX_FMXD_FMRNDC_MANTISSA_LOGIC_VARIOUS,0
P2230778,G1642393P2230778_014040_PL01DB_FBXXX_US1XM1X0XXXIXXXXX_MMX_PAGING_ORP_004,0
P2230858,G1644424P2230858_014040_PL01DB_FBXXX_US1XM1X0XXXIXXXXX_XMM_PAGING_ORP_002,0
P2237538,G1649832P2237538_014040_PL01DB_FBXXX_US1XM1X0XXXIXXXXX_TD_TB_PERF_WRITEATT_WRITEAODT_T0,0
P2385452,G1641798P2385452_014040_PL01DB_FBXXX_US1XM1X0XXXIXXXXX_WMT_SBFT_IQPUBDTHRDSLCT_KS,0
P2446840,G1642340P2446840_014040_PL01DB_FBXXX_US1XM1X0XXXIXXXXX_AGCNTLD_STORE_LOAD_FRZ,0
P2344426,G1641604P2344426_014040_PL01DB_FBXXX_US1XM1X0XXXIXXXXX_BPBTB_TAR_2PORT_RDS_FINAL,0
P2237438,G1641027P2237438_014040_PL01DB_FBXXX_US1XM1X0XXXIXXXXX_TD_TB_PERF_TCRBCALL_TCRBR_T0,0
P2473378,G1642384P2473378_014040_PL01DB_FBXXX_US1XM1X1XXXIXXXXX_TBITRDD_BPUSTEW_TRAP_2A,0
P2222278,G1642345P2222278_014040_PL01DB_FBXXX_US1XM1X0XXXIXXXXX_LDST_ORP_000,0
P2229878,G1645488P2229878_014040_PL01DB_FBXXX_US1XM1X0XXXIXXXXX_FPU_ORP_001,0
P2485998,G1650753P2485998_014040_PL01DB_FBXXX_US1XM1X0XXXIXXXXX_POWER_DEFT_FPU_NOPRELOAD_LM0_ORP_003,0
P2384300,G1641815P2384300_014040_PL01DB_FBXXX_US1XM1X0XXXIXXXXX_FMXD_E67UOPS_MUL_SPECIAL_SBFT,0
P2241388,G1649049P2241388_014040_PL01DB_FBXXX_US1XM1X0XXXIXXXXX_FEC_EMON_SBFT,0
P2232578,G1649614P2232578_014040_PL01DB_FBXXX_US1XM1X0XXXIXXXXX_FMXD_ARITH1_SBFT,0
P2229898,G1644445P2229898_014040_PL01DB_FBXXX_US1XM1X0XXXIXXXXX_FPU_ORP_003,0
P2233658,G1644303P2233658_014040_PL01DB_FBXXX_US1XM1X0XXXIXXXXX_FA_RND_VX_ADD_SUB_SNG_SBFT,0
P2473668,G1641595P2473668_014040_PL01DB_FBXXX_US1XM1X0XXXIXXXXX_PIX_FRITS_CALL_RET01,0
P2236228,G1640612P2236228_014040_PL01DB_FBXXX_US1XM1X0XXXIXXXXX_MS_PUB_EXERCISE,0
P2502318,G1648760P2502318_014040_PL01DB_FBXXX_US1XM1X0XXXIXXXXX_SAAT_REPLAY_WHACK_SPLIT_STORE_ORP_004,0
P2344770,G1644132P2344770_014040_PL01DB_FBXXX_US1XM1X0XXXIXXXXX_BPBTB_TAR_2PORT_RDS_FINAL,0
P2233198,G1640540P2233198_014040_PL01DB_FBXXX_US1XM1X0XXXIXXXXX_DIVSS_MARCHING1S_SBFT,0
P2477918,G1649000P2477918_014040_PL01DB_FBXXX_US1XM1X0XXXIXXXXX_PIX_FRITS_CALLRETSH_1,0
P2330102,G1643043P2330102_014040_PL01DB_FBXXX_US1XM1X1XXXIXXXXX_FPU_ORP_001,0
P2505578,G1642388P2505578_014040_PL01DB_FBXXX_US1XM1X0XXXIXXXXX_CRUCHK_LIVELOCK_XMM_DEFT_FORCEQ_ORP_0,0
P2241508,G1648532P2241508_014040_PL01DB_FBXXX_US1XM1X0XXXIXXXXX_FEC_EMON_SBFT,0
P2472618,G1640782P2472618_014040_PL01DB_FBXXX_US1XM1X0XXXIXXXXX_TB_LOADBYPASS2,0
P2234488,G1648696P2234488_014040_PL01DB_FBXXX_US1XM1X0XXXIXXXXX_FA_FAP2D_5_SBFT,0
P2232648,G1650224P2232648_014040_PL01DB_FBXXX_US1XM1X0XXXIXXXXX_FMXD_ARITH8_SBFT,0
P2233068,G1641965P2233068_014040_PL01DB_FBXXX_US1XM1X0XXXIXXXXX_FMXD_MIXED5_SBFT,0
P2423312,G1650938P2423312_014040_PL01DQ_FBXXX_US1XM1X0XXXIXXXXX_PSC_4R_CRU_CHKBYPASS1_ALU1_IAQDAT,0
P2310078,G1697406P2310078_014040_PL01DB_FBXXX_US1XM1X0XXXIXXXXX_INT_NOPRELOAD_LM1_ORP_000,0
P2236478,G1641111P2236478_014040_PL01DB_FBXXX_US1XM1X0XXXIXXXXX_SELROW2,0
P2222298,G1642559P2222298_014040_PL01DB_FBXXX_US1XM1X0XXXIXXXXX_LDST_ORP_002,0
P2230048,G1642806P2230048_014040_PL01DB_FBXXX_US1XM1X0XXXIXXXXX_MMX_ORP_003,0
P2495548,G1642423P2495548_014040_PL01DB_FBXXX_US1XM1X0XXXIXXXXX_FRITS_T0_IQSSU_ALLCRS_RANDOM_ORP_000,0
P2234078,G1640647P2234078_014040_PL01DB_FBXXX_US1XM1X0XXXIXXXXX_FMXD_SPEEDPATH_SBFT,0
P2233728,G1641667P2233728_014040_PL01DB_FBXXX_US1XM1X0XXXIXXXXX_FMXD_CR_DFT1_SBFT,0
P2515468,G1648264P2515468_014040_PL01DQ_FBXXX_US1XM1X0XXXIXXXXX_FLAG_WRITES_PRT2_LO_DPDAT,0
P2234738,G1648960P2234738_014040_PL01DB_FBXXX_US1XM1X0XXXIXXXXX_DAC_MASSIVE_LOADS_T0,0
P2266398,G1650948P2266398_014040_PL01DB_FBXXX_US1XM1X0XXXIXXXXX_FPU_NOPRELOAD_LM0_ORP_001,0
P2509578,G1648535P2509578_014040_PL01DQ_FBXXX_US1XM1X0XXXIXXXXX_FLAGS_S1A2_HI_ODD_ZF1_DPDAT,0
P2229938,G1642591P2229938_014040_PL01DB_FBXXX_US1XM1X0XXXIXXXXX_FPUMMX_ORP_002,0
P2344476,G1650578P2344476_014040_PL01DB_FBXXX_US1XM1X0XXXIXXXXX_BPBTB_TAR_2PORT_RDS_FINAL_GDBND,0
P2236148,G1640650P2236148_014040_PL01DB_FBXXX_US1XM1X0XXXIXXXXX_TD_TB_LIMIT_LITTLE_VIOL4,0
P2241038,G1648943P2241038_014040_PL01DB_FBXXX_US1XM1X0XXXIXXXXX_IXPLA0TEST03,0
P2388828,G1651162P2388828_014040_PL01DB_FBXXX_US1XM1X0XXXIXXXXX_FA_RND_R2I_EXTENDED_SBFT,0
P2465994,G1643792P2465994_014040_PL01DB_FBXXX_US1XM1X0XXXIXXXXX_CREG_FRITS_TEST4_ORP_000,0
P2364690,G1644415P2364690_014040_PL01DB_FBXXX_US1XM1X0XXXIXXXXX_FACTLS_EMON_PD,0
P2475118,G1651747P2475118_014040_PL01DB_FBXXX_US1XM1X0XXXIXXXXX_JMPSBRS_ORP_002,0
P2437216,G1641083P2437216_014040_PL01DB_FBXXX_US1XM1X1XXXIXXXXX_SAAT_PAGE_AD_ASSIST,0
P2384360,G1641880P2384360_014040_PL01DB_FBXXX_US1XM1X0XXXIXXXXX_WMT_SBFT_FLPUBDUSEL_2,0
P2444650,G1642405P2444650_014040_PL01DB_FBXXX_US1XM1X0XXXIXXXXX_FMXD_FMRNDC_INT_ZERO_FLAG_BOUNDARY_OF,0
P2505638,G1649405P2505638_014040_PL01DB_FBXXX_US1XM1X1XXXIXXXXX_CRUCHK_LIVELOCK_XMM_DEFT_FORCEQ_ORP_0,0
P2472838,G1648539P2472838_014040_PL01DB_FBXXX_US1XM1X0XXXIXXXXX_FA_VX_ARITH_SCALAR_SINGLE_DAZ_SBFT,0
P2509508,G1648998P2509508_014040_PL01DQ_FBXXX_US1XM1X0XXXIXXXXX_FLAGS_S1A2_EVEN_RAND2_DPDAT,0
P2233848,G1648571P2233848_014040_PL01DB_FBXXX_US1XM1X0XXXIXXXXX_FIRFM_STUCK_3_SBFT,0
P2417098,G1641181P2417098_014040_PL01DB_FBXXX_US1XM1X0XXXIXXXXX_IS_MASK_BIT_24_P213,0
P2505568,G1650920P2505568_014040_PL01DB_FBXXX_US1XM1X1XXXIXXXXX_CRUCHK_LIVELOCK_XMM_DEFT_FORCEQ_ORP_0,0
P2237338,G1649064P2237338_014040_PL01DB_FBXXX_US1XM1X0XXXIXXXXX_TD_TB_PERF_TBTB_LIMIT_T0,0
P2344146,G1642439P2344146_014040_PL01DB_FBXXX_US1XM1X0XXXIXXXXX_BPBTB_TAR_2PORT_RDS_FINAL,0
P2236068,G1640555P2236068_014040_PL01DB_FBXXX_US1XM1X0XXXIXXXXX_TD_TB_LIMIT_BIG_VIOL_ST2,0
P2485988,G1642540P2485988_014040_PL01DB_FBXXX_US1XM1X1XXXIXXXXX_POWER_DEFT_FPU_NOPRELOAD_LM0_ORP_003,0
P2477908,G1641983P2477908_014040_PL01DB_FBXXX_US1XM1X0XXXIXXXXX_PIX_FRITS_CALLRETSH_0,0
P2236398,G1641759P2236398_014040_PL01DB_FBXXX_US1XM1X0XXXIXXXXX_BPBTPRED_BIMODAL_OFFSET,0
P2233408,G1648961P2233408_014040_PL01DB_FBXXX_US1XM1X0XXXIXXXXX_DYN_DEALLOC,0
P2233988,G1641439P2233988_014040_PL01DB_FBXXX_US1XM1X0XXXIXXXXX_PMUL_TESTADD_SBFT,0
P2237148,G1640942P2237148_014040_PL01DB_FBXXX_US1XM1X1XXXIXXXXX_IPDRCOM,0
P2473698,G1641930P2473698_014040_PL01DB_FBXXX_US1XM1X0XXXIXXXXX_PIX_FRITS_CALL_RET04,0
P2236448,G1640694P2236448_014040_PL01DB_FBXXX_US1XM1X0XXXIXXXXX_WMT_SBFT_TC_SCAVENGE,0
P2495508,G1640906P2495508_014040_PL01DB_FBXXX_US1XM1X1XXXIXXXXX_FRITS_T1_IQSSU_ALLCRS_RANDOM_ORP_002,0
P2444770,G1653038P2444770_014040_PL01DB_FBXXX_US1XM1X1XXXIXXXXX_FACTLS_EMON_AST_SAT,0
P2509598,G1647886P2509598_014040_PL01DQ_FBXXX_US1XM1X0XXXIXXXXX_FLAGS_S1A2_HI_EVEN_ZF1_DPDAT,0
P2417088,G1649400P2417088_014040_PL01DB_FBXXX_US1XM1X0XXXIXXXXX_IS_MASK_BIT_23_P213,0
P2232038,G1641526P2232038_014040_PL01DB_FBXXX_US1XM1X0XXXIXXXXX_SQRTSS_MARCHINGFS_SBFT,0
P2241978,G1648437P2241978_014040_PL01DB_FBXXX_US1XM1X0XXXIXXXXX_IS_MASK_BIT_13,0
P2472548,G1641714P2472548_014040_PL01DB_FBXXX_US1XM1X1XXXIXXXXX_FITCREGD_FLDCW_TH1,0
P2230848,G1653082P2230848_014040_PL01DB_FBXXX_US1XM1X0XXXIXXXXX_XMM_PAGING_ORP_001,0
P2458934,G1650638P2458934_014040_PL01DB_FBXXX_US1XM1X0XXXIXXXXX_CRUCHK_LIVELOCK_DEFT_ORP_001,0
P2234798,G1647881P2234798_014040_PL01DB_FBXXX_US1XM1X0XXXIXXXXX_MOB_BADADDR_DEFEATURE2,0
P2499908,G1644401P2499908_014040_PL01DB_FBXXX_US1XM1X0XXXIXXXXX_FRITS_T0_SSU_CR_ARRAY_FRZ_CTL_ORP_000,0
P2330152,G1653114P2330152_014040_PL01DB_FBXXX_US1XM1X1XXXIXXXXX_XMM_PAGING_ORP_004,0
P2443558,G1641486P2443558_014040_PL01DB_FBXXX_US1XM1X0XXXIXXXXX_CRNKCTLS_ALDTRD,0
P2238978,G1641238P2238978_014040_PL01DB_FBXXX_US1XM1X0XXXIXXXXX_RANDOMINST2V2_6OF10,0
P2344810,G1649050P2344810_014040_PL01DB_FBXXX_US1XM1X0XXXIXXXXX_BPBTB_TAR_2PORT_RDS_FINAL,0
P2344466,G1650821P2344466_014040_PL01DB_FBXXX_US1XM1X0XXXIXXXXX_BPBTB_TAR_2PORT_RDS_FINAL,0
P2233138,G1649062P2233138_014040_PL01DB_FBXXX_US1XM1X0XXXIXXXXX_WMT_SBFT_CSLIMIT,0
P2387728,G1640953P2387728_014040_PL01DB_FBXXX_US1XM1X0XXXIXXXXX_SAAT_DTLB_FLUSH_SBFT,0
P2231238,G1644372P2231238_014040_PL01DB_FBXXX_US1XM1X0XXXIXXXXX_PAGE_SPLIT_ORP_000,0
P2241358,G1641524P2241358_014040_PL01DB_FBXXX_US1XM1X0XXXIXXXXX_FEC_EMON_SBFT,0
P2238998,G1640925P2238998_014040_PL01DB_FBXXX_US1XM1X0XXXIXXXXX_TD_TB_011_B,0
P2233978,G1641570P2233978_014040_PL01DB_FBXXX_US1XM1X0XXXIXXXXX_PFMUL_OV_SBFT,0
P2376690,G1647520P2376690_014040_PL01DQ_FBXXX_US1XM1X0XXXIXXXXX_LD_FSFBHIT_20_PORT2_DPDAT,0
P2489348,G1642437P2489348_014040_PL01DB_FBXXX_US1XM1X0XXXIXXXXX_PIX_FRITS_IMMED_ARTH_SEQ_04,0
P2230738,G1653017P2230738_014040_PL01DB_FBXXX_US1XM1X0XXXIXXXXX_MMX_PAGING_ORP_000,0
P2236608,G1648412P2236608_014040_PL01DB_FBXXX_US1XM1X0XXXIXXXXX_WMT_SBFT_MSEMONS_BASIC_A,0
P2230428,G1644435P2230428_014040_PL01DB_FBXXX_US1XM1X0XXXIXXXXX_FPU_UNDFL_FADD_ORP_001,0
P2242178,G1648872P2242178_014040_PL01DB_FBXXX_US1XM1X0XXXIXXXXX_WMT_SBFT_ITLRUINCLD1,0
P2445450,G1650706P2445450_014040_PL01DB_FBXXX_US1XM1X1XXXIXXXXX_FST_FSTP_EXPUND_ORP_000,0
P2442838,G1649313P2442838_014040_PL01DB_FBXXX_US1XM1X0XXXIXXXXX_JMPCTLN_ORP_001,0
P2266528,G1690551P2266528_014040_PL01DB_FBXXX_US1XM1X0XXXIXXXXX_FPUMMX_PRELOAD_LM0_ORP_001,0
P2472528,G1648777P2472528_014040_PL01DB_FBXXX_US1XM1X0XXXIXXXXX_T3THR_LOADBYP_1,0
P2233808,G1640537P2233808_014040_PL01DB_FBXXX_US1XM1X0XXXIXXXXX_FIRM_FIMRC_ROT_SSDB_FRD_LDC_SBFT,0
P2310098,G1696664P2310098_014040_PL01DB_FBXXX_US1XM1X0XXXIXXXXX_MMX_NOPRELOAD_LM0_ORP_001,0
P2444780,G1642571P2444780_014040_PL01DB_FBXXX_US1XM1X1XXXIXXXXX_FACTLS_EMON_ALL,0
P2235088,G1640665P2235088_014040_PL01DB_FBXXX_US1XM1X0XXXIXXXXX_MEU_PMH_PDECCH4_3_SBFT_PROT_PAGE_T1,0
P2473118,G1641629P2473118_014040_PL01DB_FBXXX_US1XM1X0XXXIXXXXX_FA_VX_ARITH_SCALAR_DOUBLE_DAZ_SBFT,0
P2345762,G1648693P2345762_014040_PL01DB_FBXXX_US1XM1X0XXXIXXXXX_COMBM2_RAND_KM_RR1_E_1_SBFT,0
P2236128,G1641509P2236128_014040_PL01DB_FBXXX_US1XM1X0XXXIXXXXX_TD_TB_LIMIT_LITTLE_VIOL3,0
P2233918,G1642344P2233918_014040_PL01DB_FBXXX_US1XM1X0XXXIXXXXX_FMDIVC4_SBFT,0
P2387020,G1641047P2387020_014040_PL01DB_FBXXX_US1XM1X0XXXIXXXXX_TBPU_LBR_SBFT,0
P2345422,G1642006P2345422_014040_PL01DB_FBXXX_US1XM1X0XXXIXXXXX_IXLAT_BABRANCH_AGGRESS_IXBABRANCH,0
P2505698,G1649478P2505698_014040_PL01DB_FBXXX_US1XM1X1XXXIXXXXX_CRUCHK_LIVELOCK_XMM_ORP_002,0
P2234618,G1648966P2234618_014040_PL01DB_FBXXX_US1XM1X0XXXIXXXXX_SAAT_VM86_SBFT,0
P2231708,G1641501P2231708_014040_PL01DB_FBXXX_US1XM1X0XXXIXXXXX_FMXD_KNI7_SBFT,0
P2230118,G1640940P2230118_014040_PL01DB_FBXXX_US1XM1X0XXXIXXXXX_XMM_ORP_000,0
P2339326,G1647017P2339326_014040_PL01DB_FBXXX_US1XM1X1XXXIXXXXX_TEMPLIVELOCK_QUEUE_ORP_007,0
P2233738,G1641416P2233738_014040_PL01DB_FBXXX_US1XM1X0XXXIXXXXX_FIRFM_STUCK_1_SBFT,0
P2472888,G1642324P2472888_014040_PL01DB_FBXXX_US1XM1X0XXXIXXXXX_FMXD_FMRNDC_INTEGER_SHIFT_ONES,0
P2230408,G1642332P2230408_014040_PL01DB_FBXXX_US1XM1X0XXXIXXXXX_FPU_SQRT_ORP_004,0
P2236498,G1641731P2236498_014040_PL01DB_FBXXX_US1XM1X0XXXIXXXXX_BPBTPRED_TARGET_MUX_0,0
P2442828,G1649704P2442828_014040_PL01DB_FBXXX_US1XM1X0XXXIXXXXX_JMPCTLN_ORP_000,0
P2234978,G1642508P2234978_014040_PL01DB_FBXXX_US1XM1X0XXXIXXXXX_FMEXPD_SIMPLE_PS_SBFT,0
P2405742,G1648487P2405742_014040_PL01DB_FBXXX_US1XM1X0XXXIXXXXX_IS_MASK_BIT_23_P234,0
P2449560,G1648329P2449560_014040_PL01DB_FBXXX_US1XM1X0XXXIXXXXX_FIRM_EMON_SBFT,0
P2266418,G1699164P2266418_014040_PL01DB_FBXXX_US1XM1X0XXXIXXXXX_FPU_NOPRELOAD_LM0_UNALIGNED_ORP_000,0
P2235038,G1648386P2235038_014040_PL01DB_FBXXX_US1XM1X0XXXIXXXXX_FAX_BYPASS_TEST1_SBFT,0
P2389168,G1648651P2389168_014040_PL01DB_FBXXX_US1XM1X0XXXIXXXXX_IF_ALU_BSF_SBFT,0
P2458974,G1641242P2458974_014040_PL01DB_FBXXX_US1XM1X1XXXIXXXXX_ALF_FAULTGRADE_STALLS_LB_MT,0
P2376580,G1647523P2376580_014040_PL01DQ_FBXXX_US1XM1X0XXXIXXXXX_LD_FSFBHIT_10_PORT2_DPDAT,0
P2472928,G1641183P2472928_014040_PL01DB_FBXXX_US1XM1X1XXXIXXXXX_WMT_SBFT_PROT_PAGE2,0
P2385182,G1641210P2385182_014040_PL01DB_FBXXX_US1XM1X0XXXIXXXXX_REALMODE_TDECR,0
P2338886,G1644364P2338886_014040_PL01DB_FBXXX_US1XM1X0XXXIXXXXX_FEC_OPS_GEN_SBFT,0
P2449590,G1648414P2449590_014040_PL01DB_FBXXX_US1XM1X1XXXIXXXXX_FIRM_EMON_SBFT,0
P2509538,G1647939P2509538_014040_PL01DQ_FBXXX_US1XM1X0XXXIXXXXX_FLAGS_S1A2_LO_ODD_ZF1_DPDAT,0
P2344880,G1642653P2344880_014040_PL01DB_FBXXX_US1XM1X0XXXIXXXXX_BPBTB_TAR_2PORT_RDS_FINAL,0
P2237858,G1641518P2237858_014040_PL01DB_FBXXX_US1XM1X0XXXIXXXXX_WMT_SBFT_FLPUBDUSEL_2,0
P2222198,G1644327P2222198_014040_PL01DB_FBXXX_US1XM1X0XXXIXXXXX_CACHE_LINE_SPLIT_ORP_000,0
P2230318,G1652687P2230318_014040_PL01DB_FBXXX_US1XM1X0XXXIXXXXX_FPU_RND_EXCEP_ORP_000,0
P2473288,G1649996P2473288_014040_PL01DB_FBXXX_US1XM1X0XXXIXXXXX_FA_VX_ARITH_PACKED_DOUBLE_DAZ_SBFT,0
P2435186,G1648880P2435186_014040_PL01DB_FBXXX_US1XM1X0XXXIXXXXX_BTBPRED_GL,0
P2388858,G1641058P2388858_014040_PL01DB_FBXXX_US1XM1X0XXXIXXXXX_IQIAQM_UOP_FLIP_SRC,0
P2386360,G1641992P2386360_014040_PL01DB_FBXXX_US1XM1X0XXXIXXXXX_ISTEER_ESCR_COUNTER_CCCR_DEBUG,0
P2385332,G1642360P2385332_014040_PL01DB_FBXXX_US1XM1X0XXXIXXXXX_IXLAT_BABRANCH_AGGRESS_ISNOTENDBYTE,0
P2344680,G1651109P2344680_014040_PL01DB_FBXXX_US1XM1X0XXXIXXXXX_BPBTB_TAR_2PORT_RDS_FINAL_GDBND,0
P2235498,G1640644P2235498_014040_PL01DB_FBXXX_US1XM1X0XXXIXXXXX_MEU_PMH_FIXED_MTRR_MISS_2,0
P2339186,G1693521P2339186_014040_PL01DB_FBXXX_US1XM1X0XXXIXXXXX_NUMERATOR_ESCR2_FIRST7_ORP_000,0
P2468694,G1643122P2468694_014040_PL01DB_FBXXX_US1XM1X0XXXIXXXXX_TEST2,0
P2472388,G1648976P2472388_014040_PL01DB_FBXXX_US1XM1X0XXXIXXXXX_FLSFDBM_SSDB_128,0
P2465984,G1650081P2465984_014040_PL01DB_FBXXX_US1XM1X0XXXIXXXXX_CREG_FRITS_TEST3_ORP_000,0
P2502228,G1642550P2502228_014040_PL01DB_FBXXX_US1XM1X1XXXIXXXXX_SAAT_REPLAY_WHACK_SPLIT_STORE_T1_ORP_,0
P2385292,G1648645P2385292_014040_PL01DB_FBXXX_US1XM1X0XXXIXXXXX_ISMATCHN_PATTERN_MASK_3_5,0
P2235758,G1641064P2235758_014040_PL01DB_FBXXX_US1XM1X0XXXIXXXXX_DAC_CHUNKHIT,0
P2235798,G1648956P2235798_014040_PL01DB_FBXXX_US1XM1X0XXXIXXXXX_DAC_SETCONFLICT_SET01010_SET10101_32W,0
P2345602,G1641392P2345602_014040_PL01DB_FBXXX_US1XM1X0XXXIXXXXX_IXLAT_BABRANCH_AGGRESS_ISBRINSTMKS_1,0
P2238008,G1641914P2238008_014040_PL01DB_FBXXX_US1XM1X0XXXIXXXXX_IPDBRKPNT,0
P2234108,G1640987P2234108_014040_PL01DB_FBXXX_US1XM1X0XXXIXXXXX_FIRM_FIGBPD_TOP_N_SBFT,0
P2238588,G1649004P2238588_014040_PL01DB_FBXXX_US1XM1X0XXXIXXXXX_IXENTRY1,0
P2496698,G1642481P2496698_014040_PL01DB_FBXXX_US1XM1X0XXXIXXXXX_PIX_FRITS_IPLENDEC3A_ORP_008,0
P2233578,G1641792P2233578_014040_PL01DB_FBXXX_US1XM1X0XXXIXXXXX_FA_RND_STICKY_FP_ADD_SUB_SBFT,0
P2231858,G1650426P2231858_014040_PL01DB_FBXXX_US1XM1X0XXXIXXXXX_FMXD_INT6_SBFT,0
P2234388,G1641875P2234388_014040_PL01DB_FBXXX_US1XM1X0XXXIXXXXX_FA_FAP2D_1_SBFT,0
P2345030,G1648273P2345030_014040_PL01DB_FBXXX_US1XM1X0XXXIXXXXX_REALMODE_TBITS3,0
P2458944,G1642412P2458944_014040_PL01DB_FBXXX_US1XM1X0XXXIXXXXX_CRUCHK_LIVELOCK_DEFT_ORP_002,0
P2241088,G1640695P2241088_014040_PL01DB_FBXXX_US1XM1X0XXXIXXXXX_TD_TB_014_E_FLIP,0
P2423012,G1647529P2423012_014040_PL01DQ_FBXXX_US1XM1X0XXXIXXXXX_PSC_4R_CRU_SLOW_FAST_D2_IAQDAT,0
P2515458,G1649108P2515458_014040_PL01DQ_FBXXX_US1XM1X0XXXIXXXXX_FLAG_MOV_PRT1_HI_RAND0_DPDAT,0
P2240638,G1641364P2240638_014040_PL01DB_FBXXX_US1XM1X0XXXIXXXXX_BPBTPRED_TARGET_SET,0
P2389258,G1650801P2389258_014040_PL01DB_FBXXX_US1XM1X0XXXIXXXXX_BRKPT2_SBFT,0
P2231868,G1640873P2231868_014040_PL01DB_FBXXX_US1XM1X0XXXIXXXXX_FMXD_INT7_SBFT,0
P2230158,G1648827P2230158_014040_PL01DB_FBXXX_US1XM1X0XXXIXXXXX_XMM_ORP_004,0
P2338656,G1649412P2338656_014040_PL01DB_FBXXX_US1XM1X0XXXIXXXXX_WMT_SBFT_JEU_MT_NO_PATCH_REVERSED,0
P2344036,G1650739P2344036_014040_PL01DB_FBXXX_US1XM1X0XXXIXXXXX_BPBTB_TAR_2PORT_RDS_FINAL,0
P2344436,G1641979P2344436_014040_PL01DB_FBXXX_US1XM1X0XXXIXXXXX_BPBTB_TAR_2PORT_RDS_FINAL_GDBND,0
P2230138,G1641980P2230138_014040_PL01DB_FBXXX_US1XM1X0XXXIXXXXX_XMM_ORP_002,0
P2505708,G1650791P2505708_014040_PL01DB_FBXXX_US1XM1X0XXXIXXXXX_CRUCHK_LIVELOCK_XMM_ORP_003,0
P2405212,G1648697P2405212_014040_PL01DB_FBXXX_US1XM1X0XXXIXXXXX_IS_MASK_BIT_1_P234,0
P2466024,G1642426P2466024_014040_PL01DB_FBXXX_US1XM1X0XXXIXXXXX_CREG_FRITS_TEST7_ORP_000,0
P2437146,G1648656P2437146_014040_PL01DB_FBXXX_US1XM1X0XXXIXXXXX_TC_EMON_TC_WRAP_CALL,0
P2230568,G1650763P2230568_014040_PL01DB_FBXXX_US1XM1X0XXXIXXXXX_BRANCH_PAGING_ORP_003,0
P2239428,G1649800P2239428_014040_PL01DB_FBXXX_US1XM1X1XXXIXXXXX_MSPUBD_OVF_CASC_NONE,0
P2375010,G1647554P2375010_014040_PL01DQ_FBXXX_US1XM1X0XXXIXXXXX_BYPASS_P0_TO_STA_PORT2_DPDAT,0
P2231118,G1644006P2231118_014040_PL01DB_FBXXX_US1XM1X0XXXIXXXXX_LDST_ORP_003,0
P2344790,G1650882P2344790_014040_PL01DB_FBXXX_US1XM1X0XXXIXXXXX_BPBTB_TAR_2PORT_RDS_FINAL,0
P2502238,G1650809P2502238_014040_PL01DB_FBXXX_US1XM1X0XXXIXXXXX_SAAT_REPLAY_WHACK_SPLIT_STORE_ORP_001,0
P2339176,G1649735P2339176_014040_PL01DB_FBXXX_US1XM1X0XXXIXXXXX_DENOMINATOR_ESCR0_FIRST4_ORP_001,0
P2449570,G1640872P2449570_014040_PL01DB_FBXXX_US1XM1X0XXXIXXXXX_FIRM_EMON_SBFT,0
P2234158,G1648089P2234158_014040_PL01DB_FBXXX_US1XM1X0XXXIXXXXX_ALLSTORES,0
P2236238,G1641662P2236238_014040_PL01DB_FBXXX_US1XM1X0XXXIXXXXX_WMT_SBFT_BPPUBDINCGEN,0
P2485898,G1641918P2485898_014040_PL01DB_FBXXX_US1XM1X0XXXIXXXXX_PIX_FRITS_IMMED_MOV33,0
P2236998,G1640679P2236998_014040_PL01DB_FBXXX_US1XM1X1XXXIXXXXX_WMT_SBFT_ITULSBREQD1,0
P2231248,G1644161P2231248_014040_PL01DB_FBXXX_US1XM1X0XXXIXXXXX_PAGE_SPLIT_ORP_001,0
P2388888,G1642506P2388888_014040_PL01DB_FBXXX_US1PM1X0XXXIXXXXX_INT_MON2_T0_FRITS_ORPHAN_3,0
P2239668,G1640621P2239668_014040_PL01DB_FBXXX_US1XM1X1XXXIXXXXX_TD_TB_PERF_TCMRBB_TCMRBCOND_T1,0
P2330202,G1642702P2330202_014040_PL01DB_FBXXX_US1XM1X1XXXIXXXXX_PAGE_SPLIT_ORP_004,0
P2505608,G1649280P2505608_014040_PL01DB_FBXXX_US1XM1X0XXXIXXXXX_CRUCHK_LIVELOCK_XMM_DEFT_FORCEQ_ORP_0,0
P2338906,G1641672P2338906_014040_PL01DB_FBXXX_US1PM1X0XXXIXXXXX_INT_MON2_EFLAG_T0_FRITS_ORPHAN_6,0
P2475108,G1651007P2475108_014040_PL01DB_FBXXX_US1XM1X0XXXIXXXXX_JMPSBRS_ORP_001,0
P2443198,G1648102P2443198_014040_PL01DB_FBXXX_US1XM1X0XXXIXXXXX_REAL_PRED0PRED1_5,0
P2472598,G1641172P2472598_014040_PL01DB_FBXXX_US1XM1X1XXXIXXXXX_RAIRAM_FLAGS,0
P2310118,G1697141P2310118_014040_PL01DB_FBXXX_US1XM1X0XXXIXXXXX_MMX_NOPRELOAD_LM0_ORP_003,0
P2475388,G1648710P2475388_014040_PL01DB_FBXXX_US1XM1X0XXXIXXXXX_FIRM_EMON_SBFT_FIX0,0
P2505748,G1642480P2505748_014040_PL01DB_FBXXX_US1XM1X1XXXIXXXXX_CRUCHK_LIVELOCK_XMM_ORP_004,0
P2513388,G1652798P2513388_014040_PL01DB_FBXXX_US1XM1X0XXXIXXXXX_FRITS_MT_SSU_DEFTCRARRAYFRZCTRLONGLAT,0
P2338826,G1648361P2338826_014040_PL01DB_FBXXX_US1XM1X0XXXIXXXXX_IQIAQM_UOP_FLIP_SRC,0
P2241558,G1648429P2241558_014040_PL01DB_FBXXX_US1XM1X0XXXIXXXXX_FEC_EMON_SBFT,0
P2385172,G1641557P2385172_014040_PL01DB_FBXXX_US1XM1X0XXXIXXXXX_REALMODE_TBITS,0
P2389288,G1649683P2389288_014040_PL01DB_FBXXX_US1PM1X0XXXIXXXXX_INT_MON2_T0_FRITS_ORPHAN_1,0
P2241318,G1641739P2241318_014040_PL01DB_FBXXX_US1XM1X0XXXIXXXXX_FEC_EMON_SBFT,0
P2236388,G1640764P2236388_014040_PL01DB_FBXXX_US1XM1X0XXXIXXXXX_MSPUBD_CASCADE_SBFT,0
P2503118,G1642433P2503118_014040_PL01DB_FBXXX_US1XM1X0XXXIXXXXX_CRUROB_CRM_SRTPTR_ORP_003_T0,0
P2485938,G1649923P2485938_014040_PL01DB_FBXXX_US1XM1X0XXXIXXXXX_POWER_DEFT_FPU_NOPRELOAD_LM0_ORP_000,0
P2236188,G1648636P2236188_014040_PL01DB_FBXXX_US1XM1X0XXXIXXXXX_LBR_JMP_INTN_SBFT,0
P2231818,G1650392P2231818_014040_PL01DB_FBXXX_US1XM1X0XXXIXXXXX_FMXD_INT2_SBFT,0
P2372690,G1647473P2372690_014040_PL01DQ_FBXXX_US1XM1X0XXXIXXXXX_AGU_CKT_13_PORT2_DPDAT,0
P2236428,G1650775P2236428_014040_PL01DB_FBXXX_US1XM1X0XXXIXXXXX_WMT_SBFT_TCTAGD_PRECEV3,0
P2473228,G1649798P2473228_014040_PL01DB_FBXXX_US1XM1X0XXXIXXXXX_AGL0CNTLD_ADJD_SBFT,0
P2457440,G1649729P2457440_014040_PL01DB_FBXXX_US1XM1X0XXXIXXXXX_MEU_PMH_MODEC_SBFT_TEST_3,0
P2232678,G1640947P2232678_014040_PL01DB_FBXXX_US1XM1X0XXXIXXXXX_FMXD_FAX_ARITH1_SBFT,0
P2233628,G1642359P2233628_014040_PL01DB_FBXXX_US1XM1X0XXXIXXXXX_FA_DIRECTED_SUBD_VD_SBFT,0
P2437106,G1649033P2437106_014040_PL01DB_FBXXX_US1XM1X0XXXIXXXXX_REAL_PRED0PRED1_3,0
P2473608,G1649956P2473608_014040_PL01DB_FBXXX_US1XM1X0XXXIXXXXX_PIX_FRITS_CALL_RET0,0
P2344496,G1642475P2344496_014040_PL01DB_FBXXX_US1XM1X0XXXIXXXXX_BPBTB_TAR_2PORT_RDS_FINAL_GDBND,0
P2241868,G1640917P2241868_014040_PL01DB_FBXXX_US1XM1X0XXXIXXXXX_IS_MASK_BIT_1,0
P2236258,G1640556P2236258_014040_PL01DB_FBXXX_US1XM1X0XXXIXXXXX_BPBTPRED_TARGET_OFFSET,0
P2374630,G1648540P2374630_014040_PL01DQ_FBXXX_US1XM1X0XXXIXXXXX_ALU_WALK_CARRY_P0_5_PORT2_DPDAT,0
P2234958,G1649027P2234958_014040_PL01DB_FBXXX_US1XM1X0XXXIXXXXX_FMEXPD_SIMPLE_PD_SBFT,0
P2266568,G1701356P2266568_014040_PL01DB_FBXXX_US1XM1X0XXXIXXXXX_INT_PRELOAD_LM0_UNALIGNED_ORP_000,0
P2233528,G1641886P2233528_014040_PL01DB_FBXXX_US1XM1X0XXXIXXXXX_TD_TB_003_SPEED_RFPSSHIFT_SBFT,0
P2482142,G1649855P2482142_014040_PL01DB_FBXXX_US1XM1X0XXXIXXXXX_FRITS_T0_IQSSU_FILLFIFO_PORT0A0B1A1B_,0
P2231138,G1648701P2231138_014040_PL01DB_FBXXX_US1XM1X0XXXIXXXXX_NINT_BRANCH_INSTRLOOP_ORP_000,0
P2236168,G1640703P2236168_014040_PL01DB_FBXXX_US1XM1X0XXXIXXXXX_LBR_JCC_T2_INTN_SBFT,0
P2241828,G1641923P2241828_014040_PL01DB_FBXXX_US1XM1X1XXXIXXXXX_SAAT_REQ_DE_SBFT_T1,0
P2473618,G1644117P2473618_014040_PL01DB_FBXXX_US1XM1X0XXXIXXXXX_PIX_FRITS_CALL_RET1,0
P2440928,G1649681P2440928_014040_PL01DB_FBXXX_US1XM1X0XXXIXXXXX_FRZ_REV2_AGL0,0
P2389228,G1642346P2389228_014040_PL01DB_FBXXX_US1XM1X0XXXIXXXXX_PSLLD_INTERACTIONS_SBFT,0
P2233828,G1648466P2233828_014040_PL01DB_FBXXX_US1XM1X0XXXIXXXXX_FMM_MIXED_SBFT,0
P2445440,G1650854P2445440_014040_PL01DB_FBXXX_US1XM1X0XXXIXXXXX_FST_FSTP_EXPUND_ORP_000,0
P2240348,G1650463P2240348_014040_PL01DB_FBXXX_US1XM1X0XXXIXXXXX_IFALU_BACK2BACK_ADD_SBFT,0
P2235298,G1649772P2235298_014040_PL01DB_FBXXX_US1XM1X0XXXIXXXXX_FA_RND_FP_ADD_SUB_DBL_SBFT,0
P2475098,G1642410P2475098_014040_PL01DB_FBXXX_US1XM1X0XXXIXXXXX_JMPSBRS_ORP_000,0
P2233968,G1641610P2233968_014040_PL01DB_FBXXX_US1XM1X0XXXIXXXXX_FP_MUL_SBFT,0
P2241478,G1641867P2241478_014040_PL01DB_FBXXX_US1XM1X0XXXIXXXXX_FEC_EMON_SBFT,0
P2233748,G1649824P2233748_014040_PL01DB_FBXXX_US1XM1X0XXXIXXXXX_FIRM_SQRTROM_SBFT,0
P2475408,G1648294P2475408_014040_PL01DB_FBXXX_US1XM1X0XXXIXXXXX_MEU_PMH_SBFT_PDECCH_MT_FIX0,0
P2236288,G1649013P2236288_014040_PL01DB_FBXXX_US1XM1X0XXXIXXXXX_TDE_SBFT_BASIC_PRED,0
P2388688,G1641292P2388688_014040_PL01DB_FBXXX_US1PM1X0XXXIXXXXX_INT_MON2_EFLAG_T0_FRITS_ORPHAN_2,0
P2221758,G1642482P2221758_014040_PL01DB_FBXXX_US1XM1X0XXXIXXXXX_MMX_PAGING_ORP_002,0
P2467704,G1640854P2467704_014040_PL01DB_FBXXX_US1XM1X0XXXIXXXXX_CALLMT_CSBASE,0
P2240288,G1641826P2240288_014040_PL01DB_FBXXX_US1XM1X0XXXIXXXXX_FA_DIRECTED_SUBD_VS_SBFT,0
P2232748,G1642453P2232748_014040_PL01DB_FBXXX_US1PM1X0XXXIXXXXX_FRITS_FPU_IMEM_T2S02,0
P2344226,G1651108P2344226_014040_PL01DB_FBXXX_US1XM1X0XXXIXXXXX_BPBTB_TAR_2PORT_RDS_FINAL,0
P2339016,G1648524P2339016_014040_PL01DB_FBXXX_US1XM1X0XXXIXXXXX_FMXD_FMRNDC_FPDIV_PD_WALK0,0
P2515438,G1648270P2515438_014040_PL01DQ_FBXXX_US1XM1X0XXXIXXXXX_FLAG_MOV_PRT0_HI_RAND0_DPDAT,0
P2330272,G1701011P2330272_014040_PL01DB_FBXXX_US1XM1X1XXXIXXXXX_FPU_NOPRELOAD_LM0_UNALIGNED_ORP_000,0
P2385432,G1641217P2385432_014040_PL01DB_FBXXX_US1XM1X0XXXIXXXXX_WMT_SBFT_IQPUBDTHRDSLCT,0
P2386510,G1641104P2386510_014040_PL01DB_FBXXX_US1XM1X0XXXIXXXXX_FAX_CR_RW,0
P2266668,G1697308P2266668_014040_PL01DB_FBXXX_US1XM1X0XXXIXXXXX_WNI_PRELOAD_LM2_ORP_000,0
P2473738,G1642375P2473738_014040_PL01DB_FBXXX_US1XM1X0XXXIXXXXX_PIX_FRITS_CALL_RET13,0
P2388318,G1641862P2388318_014040_PL01DB_FBXXX_US1XM1X0XXXIXXXXX_FMXD_FMRNDC_FPDIV_PS_WALK0,0
P2481358,G1651068P2481358_014040_PL01DB_FBXXX_US1XM1X1XXXIXXXXX_CRUCHK_CRUR_EVENTS_T1_ORP_000,0
P2487108,G1642377P2487108_014040_PL01DB_FBXXX_US1XM1X1XXXIXXXXX_FRITS_T1_IQSSU_PWROVR_RANDOM_ORP_004,0
P2385142,G1648748P2385142_014040_PL01DB_FBXXX_US1XM1X1XXXIXXXXX_ALFALLOCEMONTEST,0
P2449610,G1641219P2449610_014040_PL01DB_FBXXX_US1XM1X0XXXIXXXXX_FIRM_EMON_SBFT,0
P2234298,G1650113P2234298_014040_PL01DB_FBXXX_US1XM1X0XXXIXXXXX_FA_EXPONENT_ADJD_3_SBFT,0
P2388878,G1650386P2388878_014040_PL01DB_FBXXX_US1PM1X0XXXIXXXXX_INT_MON2_EFLAG_T0_FRITS_ORPHAN_3,0
P2504288,G1651734P2504288_014040_PL01DB_FBXXX_US1XM1X0XXXIXXXXX_FMDQREMD_FRITS_TEST_1,0
P2490068,G1644280P2490068_014040_PL01DB_FBXXX_US1XM1X0XXXIXXXXX_IPLENDEC2A_ORP_000,0
P2234068,G1645073P2234068_014040_PL01DB_FBXXX_US1XM1X0XXXIXXXXX_FA_DIRECTED_UNDERFLOW_SBFT,0
P2493878,G1644135P2493878_014040_PL01DB_FBXXX_US1XM1X1XXXIXXXXX_FRITS_T1_SSU_CRSBLKFIFO_NUKE_INTFPDEP,0
P2343956,G1650382P2343956_014040_PL01DB_FBXXX_US1XM1X0XXXIXXXXX_BPBTB_TAR_2PORT_RDS_FINAL,0
P2242108,G1641655P2242108_014040_PL01DB_FBXXX_US1XM1X0XXXIXXXXX_IS_MASK_BIT_26,0
P2503508,G1644101P2503508_014040_PL01DB_FBXXX_US1XM1X1XXXIXXXXX_FRITS_T1_FRITS_MT_SSU_FPMMXINTDEP_ORP,0
P2473748,G1650292P2473748_014040_PL01DB_FBXXX_US1XM1X0XXXIXXXXX_PIX_FRITS_CALL_RET14,0
P2472558,G1641572P2472558_014040_PL01DB_FBXXX_US1XM1X0XXXIXXXXX_FA_VX_ARITH_SCALAR_DOUBLE_DAZ_SBFT,0
P2338836,G1648278P2338836_014040_PL01DB_FBXXX_US1XM1X0XXXIXXXXX_FIXSHIFTD_COUNT_AND_DATA,0
P2231148,G1641876P2231148_014040_PL01DB_FBXXX_US1XM1X0XXXIXXXXX_NINT_BRANCH_INSTRLOOP_ORP_001,0
P2235548,G1648687P2235548_014040_PL01DB_FBXXX_US1XM1X0XXXIXXXXX_MEU_PMH_FIXED_MTRR_MISS_9,0
P2515478,G1648343P2515478_014040_PL01DQ_FBXXX_US1XM1X0XXXIXXXXX_FLAG_WRITES_PRT2_HI_DPDAT,0
P2485978,G1643911P2485978_014040_PL01DB_FBXXX_US1XM1X0XXXIXXXXX_POWER_DEFT_FPU_NOPRELOAD_LM0_ORP_002,0
P2470356,G1641981P2470356_014040_PL01DB_FBXXX_US1XM1X0XXXIXXXXX_FMXD_FMMWTREE42D_PMUL_RANDOM_7,0
P2237578,G1640895P2237578_014040_PL01DB_FBXXX_US1XM1X0XXXIXXXXX_TD_TB_PERF_WRITEUTT_WRITEATG_T0,0
P2339286,G1644412P2339286_014040_PL01DB_FBXXX_US1XM1X1XXXIXXXXX_TEMPLIVELOCK_QUEUE_ORP_003,0
P2509448,G1648920P2509448_014040_PL01DQ_FBXXX_US1XM1X0XXXIXXXXX_FLAGS_S1A2_ODD_RAND0_DPDAT,0
P2330192,G1649198P2330192_014040_PL01DB_FBXXX_US1XM1X1XXXIXXXXX_NINT_BRANCH_INSTRLOOP_ORP_001,0
P2235078,G1649083P2235078_014040_PL01DB_FBXXX_US1XM1X0XXXIXXXXX_FP_BKPT_MM_MOVEMASK_SBFT,0
P2338856,G1642010P2338856_014040_PL01DB_FBXXX_US1XM1X0XXXIXXXXX_FMXD_FMRNDC_FPDIV_PS_WALK0,0
P2344196,G1642507P2344196_014040_PL01DB_FBXXX_US1XM1X0XXXIXXXXX_BPBTB_TAR_2PORT_RDS_FINAL_GDBND,0
P2234088,G1649968P2234088_014040_PL01DB_FBXXX_US1XM1X0XXXIXXXXX_FMEXPD_VSVD_SQRT_SBFT,0
P2235858,G1641063P2235858_014040_PL01DB_FBXXX_US1XM1X1XXXIXXXXX_DAC_MASSIVE_LOADS_T1,0
P2230478,G1649792P2230478_014040_PL01DB_FBXXX_US1XM1X0XXXIXXXXX_FPU_UNDFL_FMUL_ORP_001,0
P2389148,G1650895P2389148_014040_PL01DB_FBXXX_US1XM1X0XXXIXXXXX_FMXD_MIXED5_SBFT,0
P2231578,G1641402P2231578_014040_PL01DB_FBXXX_US1XM1X0XXXIXXXXX_AGU_SPEED_SBFT,0
P2233438,G1640646P2233438_014040_PL01DB_FBXXX_US1XM1X0XXXIXXXXX_FA_RND_SBFT,0
P2435836,G1647897P2435836_014040_PL01DQ_FBXXX_US1XM1X0XXXIXXXXX_RANDOMGEN_IAQDAT,0
P2231018,G1642347P2231018_014040_PL01DB_FBXXX_US1XM1X0XXXIXXXXX_CACHE_LINE_SPLIT_ORP_003,0
P2237598,G1640979P2237598_014040_PL01DB_FBXXX_US1XM1X0XXXIXXXXX_TD_TB_015,0
P2338616,G1641689P2338616_014040_PL01DB_FBXXX_US1XM1X0XXXIXXXXX_SEG_PRIVILEGE__INT_N__0002_SBFT,0
P2230638,G1645173P2230638_014040_PL01DB_FBXXX_US1XM1X0XXXIXXXXX_FPUMMX_PAGING_ORP_000,0
P2457390,G1648427P2457390_014040_PL01DB_FBXXX_US1XM1X0XXXIXXXXX_MEU_PMH_MODEC_PDECCH_BIT11_2,0
P2468744,G1642364P2468744_014040_PL01DB_FBXXX_US1XM1X0XXXIXXXXX_TEST4,0
P2338976,G1641779P2338976_014040_PL01DB_FBXXX_US1PM1X0XXXIXXXXX_INT_MON2_T0_FRITS_ORPHAN_6,0
P2241338,G1641113P2241338_014040_PL01DB_FBXXX_US1XM1X0XXXIXXXXX_FEC_EMON_SBFT,0
P2233048,G1650341P2233048_014040_PL01DB_FBXXX_US1XM1X0XXXIXXXXX_FMXD_MIXED3_SBFT,0
P2374050,G1647709P2374050_014040_PL01DQ_FBXXX_US1XM1X0XXXIXXXXX_ALIGN1C_PORT2_DPDAT,0
P2242088,G1648921P2242088_014040_PL01DB_FBXXX_US1XM1X0XXXIXXXXX_IS_MASK_BIT_24,0
P2230998,G1641993P2230998_014040_PL01DB_FBXXX_US1XM1X0XXXIXXXXX_CACHE_LINE_SPLIT_ORP_001,0
P2237368,G1641955P2237368_014040_PL01DB_FBXXX_US1XM1X0XXXIXXXXX_WMT_SBFT_CALL_RET_3,0
P2515448,G1649337P2515448_014040_PL01DQ_FBXXX_US1XM1X0XXXIXXXXX_FLAG_MOV_PRT1_LO_RAND0_DPDAT,0
P2240708,G1648103P2240708_014040_PL01DB_FBXXX_US1XM1X0XXXIXXXXX_TORNADO_BREAKER,0
P2230668,G1642968P2230668_014040_PL01DB_FBXXX_US1XM1X0XXXIXXXXX_FPUMMX_PAGING_ORP_003,0
P2444470,G1641738P2444470_014040_PL01DB_FBXXX_US1XM1X1XXXIXXXXX_CRNKCTLS_ALDTRD,0
P2338736,G1648250P2338736_014040_PL01DB_FBXXX_US1XM1X0XXXIXXXXX_FMXD_FMRNDC_INTOF,0
P2230688,G1644340P2230688_014040_PL01DB_FBXXX_US1XM1X0XXXIXXXXX_INT_PAGING_ORP_000,0
P2470296,G1640849P2470296_014040_PL01DB_FBXXX_US1XM1X0XXXIXXXXX_FMXD_FMMWTREE42D_PMUL_RANDOM_1,0
P2230068,G1642382P2230068_014040_PL01DB_FBXXX_US1XM1X0XXXIXXXXX_WNI_ORP_000,0
P2472518,G1648973P2472518_014040_PL01DB_FBXXX_US1XM1X0XXXIXXXXX_FA_VX_ARITH_PACKED_SINGLE_DAZ_SBFT,0
P2232938,G1640841P2232938_014040_PL01DB_FBXXX_US1XM1X0XXXIXXXXX_IFALU_ADD6_SBFT,0
P2345192,G1642403P2345192_014040_PL01DB_FBXXX_US1XM1X0XXXIXXXXX_BPBTB_TAR_2PORT_RDS_FINAL_GDBND,0
P2233008,G1641972P2233008_014040_PL01DB_FBXXX_US1XM1X0XXXIXXXXX_IFALU_ADD12_SBFT,0
P2364660,G1644370P2364660_014040_PL01DB_FBXXX_US1XM1X0XXXIXXXXX_FACTLS_EMON_INT,0
P2237328,G1641421P2237328_014040_PL01DB_FBXXX_US1XM1X0XXXIXXXXX_WMT_SBFT_CALL_RET_6,0
P2232898,G1649019P2232898_014040_PL01DB_FBXXX_US1XM1X0XXXIXXXXX_IFALU_ADD4_SBFT,0
P2235188,G1640709P2235188_014040_PL01DB_FBXXX_US1XM1X0XXXIXXXXX_MEU_PMH_PDECCH4_6_SBFT_PROT_PAGE_T1,0
P2384390,G1653151P2384390_014040_PL01DB_FBXXX_US1XM1X1XXXIXXXXX_WMT_SBFT_FLPUBDCLB,0
P2233148,G1641599P2233148_014040_PL01DB_FBXXX_US1XM1X0XXXIXXXXX_FMXD_MIXED9_SBFT,0
P2376700,G1647481P2376700_014040_PL01DQ_FBXXX_US1XM1X0XXXIXXXXX_LD_FSFBHIT_2_PORT2_DPDAT,0
P2230808,G1642532P2230808_014040_PL01DB_FBXXX_US1XM1X0XXXIXXXXX_WNI_PAGING_ORP_002,0
P2233348,G1642520P2233348_014040_PL01DB_FBXXX_US1XM1X0XXXIXXXXX_FA_OVERFLOW_ALL_UOPS_SBFT,0
P2239608,G1641757P2239608_014040_PL01DB_FBXXX_US1XM1X1XXXIXXXXX_TD_TB_PERF_RETBRNTEU_RETBRHD_T1,0
P2220338,G1641987P2220338_014040_PL01DB_FBXXX_US1XM1X0XXXIXXXXX_XMM_ORP_003,0
P2241468,G1640867P2241468_014040_PL01DB_FBXXX_US1XM1X0XXXIXXXXX_FEC_EMON_SBFT,0
P2239298,G1641964P2239298_014040_PL01DB_FBXXX_US1XM1X1XXXIXXXXX_WMT_SBFT_TCTAGD_PRECEV3,0
P2236178,G1641369P2236178_014040_PL01DB_FBXXX_US1XM1X0XXXIXXXXX_ITCTRLS_INSERTED_FLOW,0
P2330172,G1651046P2330172_014040_PL01DB_FBXXX_US1XM1X1XXXIXXXXX_CACHE_LINE_SPLIT_ORP_001,0
P2231898,G1640733P2231898_014040_PL01DB_FBXXX_US1XM1X0XXXIXXXXX_FMXD_MIXED1_SBFT,0
P2236798,G1641186P2236798_014040_PL01DB_FBXXX_US1XM1X0XXXIXXXXX_TD_TB_014_4,0
P2344636,G1642373P2344636_014040_PL01DB_FBXXX_US1XM1X0XXXIXXXXX_BPBTB_TAR_2PORT_RDS_FINAL,0
P2473068,G1641050P2473068_014040_PL01DB_FBXXX_US1XM1X0XXXIXXXXX_MOB_MODPAEXTDEC_3,0
P2389178,G1642374P2389178_014040_PL01DB_FBXXX_US1XM1X0XXXIXXXXX_XMM_BASIC_BOOTSTRAP_PAGING_S03_O140,0
P2231128,G1644399P2231128_014040_PL01DB_FBXXX_US1XM1X0XXXIXXXXX_LDST_ORP_004,0
P2480368,G1642476P2480368_014040_PL01DB_FBXXX_US1XM1X1XXXIXXXXX_FRITS_T1_IQSSU_MEM_PDST_DEPCY_ORP_001,0
P2467694,G1648679P2467694_014040_PL01DB_FBXXX_US1XM1X0XXXIXXXXX_SEGMISS,0
P2364590,G1643466P2364590_014040_PL01DB_FBXXX_US1XM1X0XXXIXXXXX_FACTLS_CNTRL_SIGS_PS,0
P2229958,G1650936P2229958_014040_PL01DB_FBXXX_US1XM1X0XXXIXXXXX_FPUMMX_ORP_004,0
P2235358,G1640807P2235358_014040_PL01DB_FBXXX_US1XM1X0XXXIXXXXX_FA_RND_FP_ADD_SUB_SNG_SBFT,0
P2386450,G1648504P2386450_014040_PL01DB_FBXXX_US1XM1X0XXXIXXXXX_REALMODE_REGDBGSTALL,0
P2237198,G1640586P2237198_014040_PL01DB_FBXXX_US1XM1X0XXXIXXXXX_TD_TB_PERF_NOEVENT_PRED0GTL_T0,0
P2240478,G1649829P2240478_014040_PL01DB_FBXXX_US1XM1X0XXXIXXXXX_BRKPT1_SBFT,0
P2344096,G1651032P2344096_014040_PL01DB_FBXXX_US1XM1X0XXXIXXXXX_BPBTB_TAR_2PORT_RDS_FINAL,0
P2416978,G1641893P2416978_014040_PL01DB_FBXXX_US1XM1X0XXXIXXXXX_IS_MASK_BIT_12_P213,0
P2233038,G1641706P2233038_014040_PL01DB_FBXXX_US1XM1X0XXXIXXXXX_FMXD_MIXED2_SBFT,0
P2440948,G1649387P2440948_014040_PL01DB_FBXXX_US1XM1X0XXXIXXXXX_TB_LOADBYPASS,0
P2235348,G1649240P2235348_014040_PL01DB_FBXXX_US1XM1X0XXXIXXXXX_WMT_SBFT_PDE4M_NEW_T0,0
P2230698,G1644238P2230698_014040_PL01DB_FBXXX_US1XM1X0XXXIXXXXX_INT_PAGING_ORP_001,0
P2344870,G1642538P2344870_014040_PL01DB_FBXXX_US1XM1X0XXXIXXXXX_BPBTB_TAR_2PORT_RDS_FINAL,0
P2231228,G1642603P2231228_014040_PL01DB_FBXXX_US1XM1X0XXXIXXXXX_NINT_CALLRET_ORP_002,0
P2236338,G1641124P2236338_014040_PL01DB_FBXXX_US1XM1X0XXXIXXXXX_WMT_SBFT_BPPUBDUSEL,0
P2442848,G1642372P2442848_014040_PL01DB_FBXXX_US1XM1X0XXXIXXXXX_JMPCTLN_ORP_002,0
P2230658,G1653004P2230658_014040_PL01DB_FBXXX_US1XM1X0XXXIXXXXX_FPUMMX_PAGING_ORP_002,0
P2239508,G1641096P2239508_014040_PL01DB_FBXXX_US1XM1X1XXXIXXXXX_TD_TB_PERF_PRED0GPU_PRED0BTL_T1,0
P2234198,G1640632P2234198_014040_PL01DB_FBXXX_US1XM1X0XXXIXXXXX_BRLDST,0
P2330182,G1644396P2330182_014040_PL01DB_FBXXX_US1XM1X1XXXIXXXXX_CACHE_LINE_SPLIT_ORP_004,0
P2233958,G1640522P2233958_014040_PL01DB_FBXXX_US1XM1X0XXXIXXXXX_CPA_SBFT,0
P2388378,G1649136P2388378_014040_PL01DB_FBXXX_US1XM1X0XXXIXXXXX_FMXD_FMRNDC_FPDIV_EXT80_WALK0,0
P2364640,G1651102P2364640_014040_PL01DB_FBXXX_US1XM1X0XXXIXXXXX_FACTLS_EMON_AST_SAT,0
P2344216,G1650250P2344216_014040_PL01DB_FBXXX_US1XM1X0XXXIXXXXX_BPBTB_TAR_2PORT_RDS_FINAL_GDBND,0
P2376760,G1647519P2376760_014040_PL01DQ_FBXXX_US1XM1X0XXXIXXXXX_LD_FSFBHIT_8_PORT2_DPDAT,0
P2241368,G1641539P2241368_014040_PL01DB_FBXXX_US1XM1X0XXXIXXXXX_FEC_EMON_SBFT,0
P2449620,G1648225P2449620_014040_PL01DB_FBXXX_US1XM1X0XXXIXXXXX_FIRM_EMON_SBFT,0
P2256778,G1640916P2256778_014040_PL01DB_FBXXX_US1XM1X0XXXIXXXXX_FEC_EMON_SBFT,0
P2235318,G1641736P2235318_014040_PL01DB_FBXXX_US1XM1X0XXXIXXXXX_FA_RND_FP_ADD_SUB_SNG_SBFT,0
P2241308,G1640752P2241308_014040_PL01DB_FBXXX_US1XM1X0XXXIXXXXX_FEC_EMON_SBFT,0
P2236768,G1640805P2236768_014040_PL01DB_FBXXX_US1XM1X0XXXIXXXXX_WMT_SBFT_PREDGLMATCH,0
P2235258,G1640949P2235258_014040_PL01DB_FBXXX_US1XM1X0XXXIXXXXX_FA_RND_FP_ADD_SUB_DBL_SBFT,0
P2240268,G1641532P2240268_014040_PL01DB_FBXXX_US1XM1X0XXXIXXXXX_IFALU_ADD13_SBFT,0
P2477948,G1642404P2477948_014040_PL01DB_FBXXX_US1XM1X0XXXIXXXXX_PIX_FRITS_CALLRETSH_4,0
P2389118,G1642494P2389118_014040_PL01DB_FBXXX_US1XM1X0XXXIXXXXX_FEC_OPS_GEN_SBFT,0
P2229818,G1650400P2229818_014040_PL01DB_FBXXX_US1XM1X0XXXIXXXXX_BRANCH_ORP_000,0
P2235338,G1641320P2235338_014040_PL01DB_FBXXX_US1XM1X0XXXIXXXXX_FA_RND_FP_ADD_SUB_SNG_SBFT,0
P2230648,G1644374P2230648_014040_PL01DB_FBXXX_US1XM1X0XXXIXXXXX_FPUMMX_PAGING_ORP_001,0
P2343966,G1650452P2343966_014040_PL01DB_FBXXX_US1XM1X0XXXIXXXXX_BPBTB_TAR_2PORT_RDS_FINAL,0
P2230788,G1651131P2230788_014040_PL01DB_FBXXX_US1XM1X0XXXIXXXXX_WNI_PAGING_ORP_000,0
P2473198,G1642003P2473198_014040_PL01DB_FBXXX_US1XM1X0XXXIXXXXX_FM_VX_ARITH_SCALAR_DOUBLE_DAZ_SBFT,0
P2241408,G1641842P2241408_014040_PL01DB_FBXXX_US1XM1X0XXXIXXXXX_FEC_EMON_SBFT,0
P2444530,G1640812P2444530_014040_PL01DB_FBXXX_US1XM1X0XXXIXXXXX_TBTESTSFRZ,0
P2339216,G1692112P2339216_014040_PL01DB_FBXXX_US1XM1X0XXXIXXXXX_DENOMINATOR_ESCR1_FIRST4_ORP_000,0
P2239918,G1640677P2239918_014040_PL01DB_FBXXX_US1XM1X0XXXIXXXXX_IFALU_TRAVEL0_SBFT,0
P2502248,G1650003P2502248_014040_PL01DB_FBXXX_US1XM1X1XXXIXXXXX_SAAT_REPLAY_WHACK_SPLIT_STORE_T1_ORP_,0
P2447750,G1640989P2447750_014040_PL01DB_FBXXX_US1XM1X0XXXIXXXXX_FIRM_EMON_SBFT,0
P2388708,G1641044P2388708_014040_PL01DB_FBXXX_US1XM1X0XXXIXXXXX_SBFT_LONG_LOOP,0
P2232138,G1647781P2232138_014040_PL01DB_FBXXX_US1XM1X0XXXIXXXXX_SQRTSS_E_TO_ONE_SBFT,0
P2234508,G1649484P2234508_014040_PL01DB_FBXXX_US1XM1X0XXXIXXXXX_FA_FAP2D_6_SBFT,0
P2344690,G1641232P2344690_014040_PL01DB_FBXXX_US1XM1X0XXXIXXXXX_BPBTB_TAR_2PORT_RDS_FINAL,0
P2236788,G1640669P2236788_014040_PL01DB_FBXXX_US1XM1X0XXXIXXXXX_IPD_PREFIX_PLUS_INSTR_LENGTH,0
P2233928,G1640526P2233928_014040_PL01DB_FBXXX_US1XM1X0XXXIXXXXX_WTREE_SBFT,0
P2443448,G1641782P2443448_014040_PL01DB_FBXXX_US1XM1X1XXXIXXXXX_ALFFPREADSTALL_ST_3UOP_PATCH,0
P2344820,G1643944P2344820_014040_PL01DB_FBXXX_US1XM1X0XXXIXXXXX_BPBTB_TAR_2PORT_RDS_FINAL,0
P2240248,G1641471P2240248_014040_PL01DB_FBXXX_US1XM1X0XXXIXXXXX_IFALU_ADD8_SBFT,0
P2449630,G1649181P2449630_014040_PL01DB_FBXXX_US1XM1X0XXXIXXXXX_FIRM_EMON_SBFT,0
P2238328,G1648595P2238328_014040_PL01DB_FBXXX_US1XM1X0XXXIXXXXX_IXPLA3TEST0,0
P2345362,G1650166P2345362_014040_PL01DB_FBXXX_US1XM1X0XXXIXXXXX_BPBTB_TAR_2PORT_RDS_FINAL_GDBND,0
P2490678,G1641950P2490678_014040_PL01DB_FBXXX_US1XM1X1XXXIXXXXX_FRITS_T1_IQSSU_CR_IAQDAT_RANDOM_ORP_0,0
P2472398,G1648816P2472398_014040_PL01DB_FBXXX_US1XM1X0XXXIXXXXX_FLSFDBM_SSDB_128_BLOCKS_AND_COLUMNS,0
P2234998,G1644078P2234998_014040_PL01DB_FBXXX_US1XM1X0XXXIXXXXX_FMEXPD_SIMPLE_X87_SBFT,0
P2330112,G1644350P2330112_014040_PL01DB_FBXXX_US1XM1X1XXXIXXXXX_FPUMMX_ORP_002,0
P2234558,G1640887P2234558_014040_PL01DB_FBXXX_US1XM1X0XXXIXXXXX_SVFLA1_T1,0
P2502828,G1650212P2502828_014040_PL01DB_FBXXX_US1XM1X0XXXIXXXXX_CRUROB_CRM_SRTPTR_ORP_003_T1,0
P2405272,G1640929P2405272_014040_PL01DB_FBXXX_US1XM1X0XXXIXXXXX_IS_MASK_BIT_10_P234,0
P2266178,G1693009P2266178_014040_PL01DB_FBXXX_US1XM1X0XXXIXXXXX_MMX_NOPRELOAD_LM0_UNALIGNED_ORP_000,0
P2344286,G1641636P2344286_014040_PL01DB_FBXXX_US1XM1X0XXXIXXXXX_BPBTB_TAR_2PORT_RDS_FINAL,0
P2485918,G1649725P2485918_014040_PL01DB_FBXXX_US1XM1X0XXXIXXXXX_PIX_FRITS_IMMED_OTHERS13,0
P2468714,G1642589P2468714_014040_PL01DB_FBXXX_US1XM1X0XXXIXXXXX_TEST0,0
P2236628,G1641302P2236628_014040_PL01DB_FBXXX_US1XM1X0XXXIXXXXX_TD_TB_011_A,0
P2236198,G1640756P2236198_014040_PL01DB_FBXXX_US1XM1X0XXXIXXXXX_IXBACTEST1,0
P2236008,G1641703P2236008_014040_PL01DB_FBXXX_US1XM1X0XXXIXXXXX_MSBUSTOGGLE2_SBFT,0
P2240648,G1640924P2240648_014040_PL01DB_FBXXX_US1XM1X0XXXIXXXXX_TD_TB_LBR_T0,0
P2222288,G1643281P2222288_014040_PL01DB_FBXXX_US1XM1X0XXXIXXXXX_LDST_ORP_001,0
P2241488,G1641807P2241488_014040_PL01DB_FBXXX_US1XM1X0XXXIXXXXX_FEC_EMON_SBFT,0
P2388768,G1642361P2388768_014040_PL01DB_FBXXX_US1XM1X0XXXIXXXXX_PSLLD_PATTERNS_BYPASS_SBFT,0
P2233458,G1649299P2233458_014040_PL01DB_FBXXX_US1XM1X0XXXIXXXXX_GBPDPOWER_SBFT,0
P2389308,G1648831P2389308_014040_PL01DB_FBXXX_US1XM1X0XXXIXXXXX_FA_DIRECTED_SUBD_X87_SBFT,0
P2472768,G1641559P2472768_014040_PL01DB_FBXXX_US1XM1X0XXXIXXXXX_FLSFDBM_SSDB,0
P2234818,G1649274P2234818_014040_PL01DB_FBXXX_US1XM1X0XXXIXXXXX_MOB_SMC_PS_2,0
P2385152,G1648957P2385152_014040_PL01DB_FBXXX_US1XM1X0XXXIXXXXX_REAL_PRED0PRED1,0
P2477168,G1650974P2477168_014040_PL01DB_FBXXX_US1XM1X0XXXIXXXXX_FP_ASSIST_EMON_MSR_ORP_001_T0,0
P2266678,G1692945P2266678_014040_PL01DB_FBXXX_US1XM1X0XXXIXXXXX_WNI_PRELOAD_LM3_ORP_000,0
P2235608,G1640682P2235608_014040_PL01DB_FBXXX_US1XM1X0XXXIXXXXX_MEU_PMH_FIXED_MTRR_MISS_WP_6,0
P2232698,G1641422P2232698_014040_PL01DB_FBXXX_US1XM1X0XXXIXXXXX_FMXD_FAX_ARITH2_SBFT,0
P2344186,G1650689P2344186_014040_PL01DB_FBXXX_US1XM1X0XXXIXXXXX_BPBTB_TAR_2PORT_RDS_FINAL,0
P2240148,G1640935P2240148_014040_PL01DB_FBXXX_US1XM1X0XXXIXXXXX_IFALU_TRAVEL7_SBFT,0
P2338706,G1640661P2338706_014040_PL01DB_FBXXX_US1XM1X0XXXIXXXXX_EVNT_PF_VX,0
P2330142,G1642510P2330142_014040_PL01DB_FBXXX_US1XM1X1XXXIXXXXX_WNI_PAGING_ORP_004,0
P2473128,G1641675P2473128_014040_PL01DB_FBXXX_US1XM1X0XXXIXXXXX_FA_VX_ARITH_SCALAR_DOUBLE_DAZ_SBFT,0
P2388958,G1640937P2388958_014040_PL01DB_FBXXX_US1PM1X0XXXIXXXXX_INT_MON2_T0_FRITS_ORPHAN_7,0
P2234208,G1641190P2234208_014040_PL01DB_FBXXX_US1XM1X0XXXIXXXXX_FAX_SUB_CLA_SBFT,0
P2241378,G1640909P2241378_014040_PL01DB_FBXXX_US1XM1X0XXXIXXXXX_FEC_EMON_SBFT,0
P2234758,G1640744P2234758_014040_PL01DB_FBXXX_US1XM1X0XXXIXXXXX_DAC_MASSIVE_WRITE_COMBINES_T0,0
P2237878,G1640892P2237878_014040_PL01DB_FBXXX_US1XM1X0XXXIXXXXX_SAAT_SADPD_CR_REQBUF_T1,0
P2241858,G1648708P2241858_014040_PL01DB_FBXXX_US1XM1X0XXXIXXXXX_IS_MASK_BIT_0,0
P2345352,G1650233P2345352_014040_PL01DB_FBXXX_US1XM1X0XXXIXXXXX_BPBTB_TAR_2PORT_RDS_FINAL_GDBND,0
P2233418,G1641476P2233418_014040_PL01DB_FBXXX_US1XM1X0XXXIXXXXX_FA_CRITICALPATH_SBFT,0
P2485958,G1650894P2485958_014040_PL01DB_FBXXX_US1XM1X0XXXIXXXXX_POWER_DEFT_FPU_NOPRELOAD_LM0_ORP_001,0
P2232178,G1648843P2232178_014040_PL01DB_FBXXX_US1XM1X0XXXIXXXXX_FDIV_MARCHINGFS_SBFT,0
P2235968,G1641230P2235968_014040_PL01DB_FBXXX_US1XM1X0XXXIXXXXX_BPPUBD_CASCADE_SBFT,0
P2437336,G1640754P2437336_014040_PL01DB_FBXXX_US1XM1X0XXXIXXXXX_TB_LOADBYP2,0
P2234598,G1640731P2234598_014040_PL01DB_FBXXX_US1XM1X0XXXIXXXXX_SAAT_CPL_SBFT,0
P2235768,G1648791P2235768_014040_PL01DB_FBXXX_US1XM1X0XXXIXXXXX_DAC_FILL_ORDQ_T0,0
P2472228,G1641262P2472228_014040_PL01DB_FBXXX_US1XM1X0XXXIXXXXX_LONGINST,0
P2338946,G1649022P2338946_014040_PL01DB_FBXXX_US1XM1X0XXXIXXXXX_FMXD_FMRNDC_FPDIV_EXT80_WALK0,0
P2344626,G1642007P2344626_014040_PL01DB_FBXXX_US1XM1X0XXXIXXXXX_BPBTB_TAR_2PORT_RDS_FINAL_GDBND,0
P2458964,G1642319P2458964_014040_PL01DB_FBXXX_US1XM1X0XXXIXXXXX_CRUCHK_LIVELOCK_DEFT_ORP_004,0
P2338786,G1641209P2338786_014040_PL01DB_FBXXX_US1XM1X0XXXIXXXXX_RRRRSHARKY_005_SBFT,0
P2241498,G1648345P2241498_014040_PL01DB_FBXXX_US1XM1X0XXXIXXXXX_FEC_EMON_SBFT,0
P2237848,G1650764P2237848_014040_PL01DB_FBXXX_US1XM1X0XXXIXXXXX_WMT_SBFT_FLPUBDINCGEN,0
P2509558,G1648775P2509558_014040_PL01DQ_FBXXX_US1XM1X0XXXIXXXXX_FLAGS_S1A2_LO_EVEN_ZF1_DPDAT,0
P2236828,G1641276P2236828_014040_PL01DB_FBXXX_US1XM1X0XXXIXXXXX_WMT_SBFT_ITLB_SMC0,0
P2232288,G1648967P2232288_014040_PL01DB_FBXXX_US1XM1X0XXXIXXXXX_WMT_SISBFT_LOGREG,0
P2233858,G1648670P2233858_014040_PL01DB_FBXXX_US1XM1X0XXXIXXXXX_FIRM_FISTCD_FP_RANGES_SBFT,0
P2485888,G1650759P2485888_014040_PL01DB_FBXXX_US1XM1X0XXXIXXXXX_PIX_FRITS_IMMED_MOV43,0
P2338926,G1650348P2338926_014040_PL01DB_FBXXX_US1PM1X0XXXIXXXXX_INT_MON2_T0_FRITS_ORPHAN_0,0
P2344156,G1649278P2344156_014040_PL01DB_FBXXX_US1XM1X0XXXIXXXXX_BPBTB_TAR_2PORT_RDS_FINAL_GDBND,0
P2376630,G1647480P2376630_014040_PL01DQ_FBXXX_US1XM1X0XXXIXXXXX_LD_FSFBHIT_15_PORT2_DPDAT,0
P2339006,G1641982P2339006_014040_PL01DB_FBXXX_US1XM1X0XXXIXXXXX_FMXD_FMRNDC_MANTISSA_LOGIC_VARIOUS,0
P2237388,G1640743P2237388_014040_PL01DB_FBXXX_US1XM1X0XXXIXXXXX_WMT_SBFT_CALL_RET_2,0
P2345752,G1641819P2345752_014040_PL01DB_FBXXX_US1XM1X0XXXIXXXXX_BRANCH_ORP_065,0
P2232798,G1641700P2232798_014040_PL01DB_FBXXX_US1XM1X0XXXIXXXXX_FMXD_FAX_ARITH8_SBFT,0
P2490078,G1642531P2490078_014040_PL01DB_FBXXX_US1XM1X0XXXIXXXXX_IPLENDEC2A_ORP_008,0
P2234578,G1640741P2234578_014040_PL01DB_FBXXX_US1XM1X0XXXIXXXXX_SAUOPDECS_TEST_SBFT,0
P2238488,G1648732P2238488_014040_PL01DB_FBXXX_US1XM1X0XXXIXXXXX_TD_TB_006_STRUCT_TBTACD_ST,0
P2442808,G1642444P2442808_014040_PL01DB_FBXXX_US1XM1X0XXXIXXXXX_MUL_IMUL_YT_ORP_002,0
P2230978,G1641406P2230978_014040_PL01DB_FBXXX_US1XM1X0XXXIXXXXX_BYPASS2_ORP_004,0
P2470366,G1648952P2470366_014040_PL01DB_FBXXX_US1XM1X0XXXIXXXXX_FMXD_FMMWTREE42D_PMUL_SHIFT_ONES,0
P2477818,G1642353P2477818_014040_PL01DB_FBXXX_US1XM1X0XXXIXXXXX_PIX_FRITS_CALLRETSH1_0,0
P2344566,G1651152P2344566_014040_PL01DB_FBXXX_US1XM1X0XXXIXXXXX_BPBTB_TAR_2PORT_RDS_FINAL_GDBND,0
P2266148,G1689461P2266148_014040_PL01DB_FBXXX_US1XM1X0XXXIXXXXX_CALLRET_NOPRELOAD_LM0_ORP_002,0
P2364610,G1643460P2364610_014040_PL01DB_FBXXX_US1XM1X0XXXIXXXXX_FACTLS_CONTROL_SIGS_SCALAR_SINGLE,0
P2344086,G1642533P2344086_014040_PL01DB_FBXXX_US1XM1X0XXXIXXXXX_BPBTB_TAR_2PORT_RDS_FINAL,0
P2240668,G1649018P2240668_014040_PL01DB_FBXXX_US1XM1X0XXXIXXXXX_TD_TB_EV_UBR_FIP_T0,0
P2473138,G1641882P2473138_014040_PL01DB_FBXXX_US1XM1X0XXXIXXXXX_AGL0_FIGBPD_SBFT,0
P2339206,G1692445P2339206_014040_PL01DB_FBXXX_US1XM1X0XXXIXXXXX_NUMERATOR_ESCR2_LAST5_ORP_000,0
P2473398,G1652485P2473398_014040_PL01DB_FBXXX_US1XM1X0XXXIXXXXX_FAX_CVT_OPS_FARND_FAALGC,0
P2238188,G1640596P2238188_014040_PL01DB_FBXXX_US1XM1X0XXXIXXXXX_ISPLATEST6,0
P2266388,G1693114P2266388_014040_PL01DB_FBXXX_US1XM1X0XXXIXXXXX_CALLRET_PRELOAD_LM0_ORP_003,0
P2230878,G1644152P2230878_014040_PL01DB_FBXXX_US1XM1X0XXXIXXXXX_XMM_PAGING_ORP_004,0
P2364720,G1653305P2364720_014040_PL01DB_FBXXX_US1XM1X0XXXIXXXXX_FACTLS_EMON_SD,0
P2473438,G1649577P2473438_014040_PL01DB_FBXXX_US1XM1X0XXXIXXXXX_FM_VX_ARITH_PACKED_DOUBLE_DAZ_SBFT,0
P2230168,G1652803P2230168_014040_PL01DB_FBXXX_US1XM1X0XXXIXXXXX_FPU_GEN_EXT_ORP_000,0
P2235238,G1641568P2235238_014040_PL01DB_FBXXX_US1XM1X0XXXIXXXXX_SQRT_RND2SINGLE_LGRS_SBFT,0
P2505678,G1642394P2505678_014040_PL01DB_FBXXX_US1XM1X1XXXIXXXXX_CRUCHK_LIVELOCK_XMM_ORP_001,0
P2385312,G1641828P2385312_014040_PL01DB_FBXXX_US1XM1X0XXXIXXXXX_IXLAT_BABRANCH_AGGRESS_ISBRINSTMKS_0,0
P2476108,G1650417P2476108_014040_PL01DB_FBXXX_US1XM1X0XXXIXXXXX_PIX_FRITS_CALLRETS1_5,0
P2423132,G1649907P2423132_014040_PL01DQ_FBXXX_US1XM1X0XXXIXXXXX_PSC_4R_CRU_SLOW_MEM_D2_IAQDAT,0
P2266638,G1691766P2266638_014040_PL01DB_FBXXX_US1XM1X0XXXIXXXXX_MMX_PRELOAD_LM0_ORP_003,0
P2468734,G1649032P2468734_014040_PL01DB_FBXXX_US1XM1X0XXXIXXXXX_TEST5,0
P2339086,G1649187P2339086_014040_PL01DB_FBXXX_US1XM1X0XXXIXXXXX_SEG_PRIVILEGE__INT_N__0007_SBFT,0
P2233588,G1641773P2233588_014040_PL01DB_FBXXX_US1XM1X0XXXIXXXXX_FA_DIRECTED_NORMD_X87_SBFT,0
P2385422,G1641718P2385422_014040_PL01DB_FBXXX_US1XM1X0XXXIXXXXX_SS_CAMD_GLOBAL_VAL_FP_SLO,0
P2385242,G1641032P2385242_014040_PL01DB_FBXXX_US1XM1X0XXXIXXXXX_FMXD_ESCR0,0
P2236848,G1640579P2236848_014040_PL01DB_FBXXX_US1XM1X0XXXIXXXXX_PCOUNT_INSERTFLOW,0
P2344046,G1649843P2344046_014040_PL01DB_FBXXX_US1XM1X0XXXIXXXXX_BPBTB_TAR_2PORT_RDS_FINAL,0
P2385472,G1641838P2385472_014040_PL01DB_FBXXX_US1XM1X0XXXIXXXXX_WMT_SBFT_SPLIT_INCREMENTER_T0,0
P2422512,G1653173P2422512_014040_PL01DQ_FBXXX_US1XM1X0XXXIXXXXX_RET_RDYPATTERN1_ST1_IAQDAT,0
P2237078,G1642612P2237078_014040_PL01DB_FBXXX_US1XM1X0XXXIXXXXX_MSPUBD_WALK_0,0
P2374650,G1647527P2374650_014040_PL01DQ_FBXXX_US1XM1X0XXXIXXXXX_ALU_WALK_CARRY_P0_6_PORT2_DPDAT,0
P2449580,G1648457P2449580_014040_PL01DB_FBXXX_US1XM1X0XXXIXXXXX_FIRM_EMON_SBFT,0
P2240888,G1648267P2240888_014040_PL01DB_FBXXX_US1XM1X0XXXIXXXXX_TD_TB_014_4_FLIP,0
