P2236158,G1404729P2236158_014040_PK03DB_LBXXX_US1XM1X0XXXIXXXXX_FLT_LIP_TEST,1
P2241598,G1404937P2241598_014040_PK03DB_LBXXX_UX1XM1X0XXXIXXXXX_FA_RND_FP_ADD_SUB_EXT_ITL_ALG_67_TZ_S,1
P2476178,G1403887P2476178_014040_PK03DB_LBXXX_US1XM1X1XXXIXXXXX_CREVDETD_EVENTS_REALMODE_MT_FIX2,1
P2229918,G1407578P2229918_014040_PK03DB_LBXXX_US1XM1X0XXXIXXXXX_FPUMMX_ORP_000,1
P2238378,G1404693P2238378_014040_PK03DB_LBXXX_US1XM1X0XXXIXXXXX_IXPLA3TEST03,1
P2266228,G1407004P2266228_014040_PK03DB_LBXXX_US1XM1X0XXXIXXXXX_WNI_NOPRELOAD_LM3_ORP_000,1
P2310068,G1406540P2310068_014040_PK03DB_LBXXX_US1XM1X0XXXIXXXXX_INT_NOPRELOAD_LM0_ORP_000,1
P2239388,G1404360P2239388_014040_PK03DB_LBXXX_US1XM1X1XXXIXXXXX_MSPUBD_THRD_SI,1
P2345052,G1403647P2345052_014040_PK03DB_LBXXX_US1XM1X0XXXIXXXXX_REALMODE_TBITS,1
P2364690,G1406194P2364690_014040_PK03DB_LBXXX_US1XM1X0XXXIXXXXX_FACTLS_EMON_PD,1
P2338786,G1405129P2338786_014040_PK03DB_LBXXX_US1XM1X0XXXIXXXXX_RRRRSHARKY_005_SBFT,1
P2437136,G1404304P2437136_014040_PK03DB_LBXXX_US1XM1X0XXXIXXXXX_TC_EMON,1
P2338666,G1411307P2338666_014040_PK03DB_LBXXX_US1XM1X2XXXIXXXXX_SAAT_SACTLDRREG_SBFT,1
P2472218,G1403708P2472218_014040_PK03DB_LBXXX_US1XM1X0XXXIXXXXX_MEU_MODEC_SBFT,1
P2310138,G1413376P2310138_014040_PK03DB_LBXXX_US1XM1X0XXXIXXXXX_INT_NOPRELOAD_LM3_ORP_000,1
P2444770,G1406214P2444770_014040_PK03DB_LBXXX_US1XM1X1XXXIXXXXX_FACTLS_EMON_AST_SAT,1
P2231138,G1403897P2231138_014040_PK03DB_LBXXX_US1XM1X0XXXIXXXXX_NINT_BRANCH_INSTRLOOP_ORP_000,1
P2231618,G1403975P2231618_014040_PK03DB_LBXXX_US1XM1X0XXXIXXXXX_FLSF2_SBFT,2
P2472518,G1404637P2472518_014040_PK03DB_LBXXX_US1XM1X0XXXIXXXXX_FA_VX_ARITH_PACKED_SINGLE_DAZ_SBFT,1
P2241138,G1404019P2241138_014040_PK03DB_LBXXX_US1XM1X1XXXIXXXXX_TD_TB_EV_UBR_FIP_T1,1
P2452300,G1406310P2452300_014040_PK03DB_LBXXX_US1XM1X0XXXIXXXXX_BIT_FLIP_VX_DBL_ORP_000,1
P2343976,G1404468P2343976_014040_PK03DB_LBXXX_US1XM1X0XXXIXXXXX_BPBTB_TAR_2PORT_RDS_FINAL,1
P2436806,G1403554P2436806_014040_PK03DB_LBXXX_US1XM1X0XXXIXXXXX_REALMODE_TBITS2,1
P2241448,G1403994P2241448_014040_PK03DB_LBXXX_US1XM1X0XXXIXXXXX_FEC_EMON_SBFT,1
P2241468,G1404871P2241468_014040_PK03DB_LBXXX_US1XM1X0XXXIXXXXX_FEC_EMON_SBFT,1
P2345662,G1404806P2345662_014040_PK03DB_LBXXX_US1XM1X1XXXIXXXXX_REALMODE_TBITS,2
P2230138,G1403760P2230138_014040_PK03DB_LBXXX_US1XM1X0XXXIXXXXX_XMM_ORP_002,1
P2237438,G1403723P2237438_014040_PK03DB_LBXXX_US1XM1X0XXXIXXXXX_TD_TB_PERF_TCRBCALL_TCRBR_T0,2
P2231568,G1404244P2231568_014040_PK03DB_LBXXX_US1XM1X0XXXIXXXXX_AG_TOGGLE_SBFT,7
P2239618,G1403387P2239618_014040_PK03DB_LBXXX_US1XM1X0XXXIXXXXX_WRAPPERS_5OF6,1
P2229888,G1406011P2229888_014040_PK03DB_LBXXX_US1XM1X0XXXIXXXXX_FPU_ORP_002,1
P2237408,G1404400P2237408_014040_PK03DB_LBXXX_US1XM1X0XXXIXXXXX_WMT_SBFT_CALL_RET_5,1
P2229878,G1410774P2229878_014040_PK03DB_LBXXX_US1XM1X0XXXIXXXXX_FPU_ORP_001,1
P2240748,G1403684P2240748_014040_PK03DB_LBXXX_US1XM1X0XXXIXXXXX_TD_TB_NLIP_ADDIPDBASE_0,1
P2232688,G1407565P2232688_014040_PK03DB_LBXXX_US1PM1X0XXXIXXXXX_FRITS_ALL_IMEM_T2S62,1
P2240548,G1403704P2240548_014040_PK03DB_LBXXX_US1XM1X0XXXIXXXXX_MEU_PMH_VAR_MTRR_4K_MATCH_6,1
P2345372,G1404686P2345372_014040_PK03DB_LBXXX_US1XM1X0XXXIXXXXX_BPBTB_TAR_2PORT_RDS_FINAL_GDBND,1
P2485898,G1406302P2485898_014040_PK03DB_LBXXX_US1XM1X0XXXIXXXXX_PIX_FRITS_IMMED_MOV33,1
P2475748,G1404446P2475748_014040_PK03DB_LBXXX_US1XM1X0XXXIXXXXX_IQIQCREGS_DAT0_FIX0,1
P2344546,G1403700P2344546_014040_PK03DB_LBXXX_US1XM1X0XXXIXXXXX_BPBTB_TAR_2PORT_RDS_FINAL_GDBND,1
P2472968,G1404495P2472968_014040_PK03DB_LBXXX_US1XM1X0XXXIXXXXX_MOB_MODPAEXTDEC_5,1
P2490068,G1407366P2490068_014040_PK03DB_LBXXX_US1XM1X0XXXIXXXXX_IPLENDEC2A_ORP_000,1
P2384440,G1404867P2384440_014040_PK03DB_LBXXX_US1XM1X0XXXIXXXXX_WRAPPERS3_3_SHORT,1
P2505718,G1406398P2505718_014040_PK03DB_LBXXX_US1XM1X1XXXIXXXXX_CRUCHK_LIVELOCK_XMM_ORP_003,1
P2473748,G1404081P2473748_014040_PK03DB_LBXXX_US1XM1X0XXXIXXXXX_PIX_FRITS_CALL_RET14,1
