P2501508,G1681933P2501508_014444_PL01DF_FTXXX_US1XM1X2XXXHXXXXX_MOS_MOLLARYM_LB_CAM0_SPHIT_05_MT0,0
P2248268,G1691212P2248268_014444_PL01DF_FTXXX_US1XM1X0XXXHXXXXX_OR_LOCK_81_MODRM_00_001_P,0
P2245088,G1706779P2245088_014444_PL01DF_FTXXX_US1XM1X0XXXHXXXXX_SAAT_DRCAM_MIS_ST3_FT_T0,0
P2468114,G1694958P2468114_014444_PL01DF_FTXXX_US1XM1X0XXXHXXXXX_MOB_FT_RHINE_RAND_003,0
P2445100,G1694566P2445100_014444_PL01DF_FTXXX_US1XM1X0XXXHXXXXX_BSU_L1L2EVICTS_SNP_PWRDN,0
P2502718,G1685325P2502718_014444_PL01DF_FTXXX_US1XM1X2XXXHXXXXX_MOS_MOLLARYM_LB_CAM0_SPHIT_26_MT0,0
P2253618,G1705536P2253618_014444_PL01DF_FTXXX_US1XM1X0XXXHXXXXX_COMBM2_RAND_KM_RM2_E_1,0
P2400680,G1682914P2400680_014444_PL01DV_FTXXX_US1XM1X0XXXHXXXXX_BAV_NO_APIC_PART_LOCK_STPCLK,0
P2478678,G1678818P2478678_014444_PL01DF_FTXXX_US1XM1X0XXXHXXXXX_MOB_FT_PL2_RHINE_RAND_018,0
P2484488,G1691635P2484488_014444_PL01DF_FTXXX_US1XM1X0XXXHXXXXX_BTB_UT_ALLSETS_UNCOND_LOGIC_1,0
P2251758,G1686704P2251758_014444_PL01DF_FTXXX_US1XM1X0XXXHXXXXX_MAXSD_F20F5F_REAL_OPCOV,0
P2245718,G1682640P2245718_014444_PL01DF_FTXXX_US1XM1X0XXXHXXXXX_DAC_SETHIT_BIT5,0
P2496148,G1703992P2496148_014444_PL01DF_FTXXX_US1XM1X0XXXHXXXXX_MOS_SATAGARYM_LA_CAM_HIGHBITS_4,0
P2479828,G1679139P2479828_014444_PL01DF_FTXXX_US1XM1X0XXXHXXXXX_MOS_MOB_EMON_BASIC_06,0
P2243678,G1702867P2243678_014444_PL01DF_FTXXX_US1XM1X0XXXHXXXXX_T3E_0028,0
P2324308,G1678278P2324308_014444_PL01DF_FBXXX_US1XM1X0XXXHXXXXX_1_5PL2_RLB_L1EVICT_L2READ,0
P2254428,G1704304P2254428_014444_PL01DF_FTXXX_US1XM1X0XXXHXXXXX_EXC_WHOPPER,0
P2418642,G1678245P2418642_014444_PL01DV_FTXXX_US1XM1X0XXXHXXXXX_BAV_NO_APIC_SMI_ACKNOWLEDGE,0
P2287338,G1648585P2287338_014444_PL01DF_FTXXX_US1XM1X2XXXHXXXXX_ADDPD_477657183,0
P2329638,G1682425P2329638_014444_PL01DF_FTXXX_US1XM1X0XXXHXXXXX_UL1_UC_USWC_STORES_3,0
P2244958,G1703075P2244958_014444_PL01DF_FTXXX_US1XM1X0XXXHXXXXX_PAGEC4K_ADV_G_TASK_SWITCH_DTLB_SPLIT,0
P2380740,G1680847P2380740_014444_PL01DF_FTXXX_US1XM1X0XXXHXXXXX_CREG_READ_WRITE_WRITE_SELFCHECK,0
P2430874,G1697492P2430874_014444_PL01DF_FTXXX_US1XM1X2XXXHXXXXX_LOCKRAND_MT_TOGGLE,0
P2437626,G1690595P2437626_014444_PL01DF_FTXXX_US1XM1X0XXXHXXXXX_TMR_CLEAR_D,0
P2431104,G1689426P2431104_014444_PL01DF_FTXXX_US1XM1X2XXXHXXXXX_LOCKRAND_MT_TOGGLE,0
P2481428,G1692111P2481428_014444_PL01DF_FTXXX_US1XM1X2XXXHXXXXX_TD_PROT_MODE_GATE_MT,0
P2468324,G1697412P2468324_014444_PL01DF_FTXXX_US1XM1X0XXXHXXXXX_UL1_FT_PL1_RHINE_RAND_000,0
P2261498,G1701835P2261498_014444_PL01DF_FTXXX_US1XM1X0XXXHXXXXX_GXXNDM,0
P2430454,G1674361P2430454_014444_PL01DF_FTXXX_US1XM1X2XXXHXXXXX_LOCKRAND_MT_TOGGLE,0
P2494738,G1694848P2494738_014444_PL01DF_FTXXX_US1XM1X2XXXHXXXXX_MOS_MOLLARYM_LB_CAM0_HIT_05_MT0,0
P2446880,G1697837P2446880_014444_PL01DF_FTXXX_US1XM1X0XXXHXXXXX_PMH_FT_T1__PAGETABLE_UC_ORP_001,0
P2418682,G1677590P2418682_014444_PL01DV_FTXXX_US1XM1X2XXXHXXXXX_BAV_APIC_INTR_LOC_FIX_LVL_LO,0
P2434006,G1686176P2434006_014444_PL01DF_FTXXX_US1XM1X0XXXHXXXXX_DPU_UL1_LONG_BUS_20D,0
P2261838,G1680895P2261838_014444_PL01DF_FTXXX_US1XM1X0XXXHXXXXX_SAVES,0
P2471098,G1674851P2471098_014444_PL01DF_FTXXX_US1XM1X0XXXHXXXXX_FIX_MTRR_LOOKUP,0
P2249748,G1703562P2249748_014444_PL01DF_FTXXX_US1XM1X0XXXHXXXXX_COMB_SFP_WOX_FP_WOX,0
P2434266,G1685009P2434266_014444_PL01DF_FTXXX_US1XM1X0XXXHXXXXX_MOS_MOSLARYM_SMC_PA_CAM_BITS_SPLIT_1_,0
P2447250,G1682663P2447250_014444_PL01DF_FBXXX_US1XM1X0XXXHXXXXX_FUNC_DATAERR,0
P2383400,G1690767P2383400_014444_PL01DF_FTXXX_US1XM1X0XXXGXXXXX_CREG_WRITE_WRITE_WRITE_SELFCHECK,0
P2260678,G1682413P2260678_014444_PL01DF_FTXXX_US1XM1X0XXXHXXXXX_LARCHECK_LOC_CPL2_DPL2_RPL2,0
P2249218,G1690007P2249218_014444_PL01DF_FTXXX_US1XM1X0XXXHXXXXX_BTC_0FBB_MODRM_10_R,0
P2246278,G1703988P2246278_014444_PL01DF_FTXXX_US1XM1X0XXXHXXXXX_COMBM2_RAND_KM_RM1_E_1,0
P2484778,G1679376P2484778_014444_PL01DF_FTXXX_US1XM1X0XXXHXXXXX_YT_MOVSD,0
P2438966,G1690341P2438966_014444_PL01DF_FTXXX_US1XM1X1XXXQXXXXX_CREVDETD_EVENTS,0
P2480098,G1680868P2480098_014444_PL01DF_FTXXX_US1XM1X0XXXHXXXXX_TC_MCA_MULT_MINITAG_HIT_1,0
P2477228,G1682637P2477228_014444_PL01DF_FTXXX_US1XM1X1XXXQXXXXX_FG_MSIMMD_CREG_CSTAR_CS_UOP1,0
P2326608,G1676305P2326608_014444_PL01DF_FBXXX_US1XM1X0XXXHXXXXX_T3THR_DEBUGREG,0
P2325258,G1701275P2325258_014444_PL01DF_FTXXX_US1XM1X0XXXHXXXXX_PMH_FT_T0__FRITS_C2M_RW_CRS_ORP_001,0
P2259448,G1692651P2259448_014444_PL01DV_FTXXX_US1PM1X0XXXHXXXXX_BAV_CACHE_LOCK,0
P2262758,G1680724P2262758_014444_PL01DF_FTXXX_US1XM1X0XXXHXXXXX_LSLCHECK_LOC_CPL2_DPL3_RPL3,0
P2429614,G1688313P2429614_014444_PL01DF_FTXXX_US1XM1X0XXXHXXXXX_SMM_ENTRY_EXIT_YT_DIS_989745743,0
P2434086,G1695659P2434086_014444_PL01DF_FTXXX_US1XM1X0XXXHXXXXX_MOS_MOSLARYM_SMC_PA_CAM_BITS_0_00,0
P2245208,G1689716P2245208_014444_PL01DF_FTXXX_US1XM1X0XXXHXXXXX_FA_DIRECTED_VX_COM_MAX_MIN_PD,0
P2571112,G1675979P2571112_014444_PL01DF_FTXXX_US1XM1X0XXXHXXXXX_CT_ASIZE32_FS_AGU_CARRY_SPECIFIC_2_13,0
P2253698,G1688250P2253698_014444_PL01DF_FTXXX_US1XM1X0XXXHXXXXX_TBT_BASIC_PM,0
P2479388,G1679407P2479388_014444_PL01DF_FTXXX_US1XM1X0XXXHXXXXX_PMH_FT_PL1_RHINE_RAND_015,0
P2244888,G1700842P2244888_014444_PL01DF_FTXXX_US1XM1X0XXXHXXXXX_FMXD_INT5,0
P2429574,G1691065P2429574_014444_PL01DF_FTXXX_US1XM1X0XXXHXXXXX_FP_FST_856398888,0
P2260238,G1674766P2260238_014444_PL01DF_FTXXX_US1XM1X2XXXHXXXXX_FP_PHE_MT_RAND2,0
P2494748,G1680044P2494748_014444_PL01DF_FTXXX_US1XM1X2XXXQXXXXX_MOS_MOLLARYM_LB_CAM0_HIT_05_MT1,0
P2501238,G1681550P2501238_014444_PL01DF_FTXXX_US1XM1X2XXXHXXXXX_MOS_MOLLARYM_LB_CAM0_SPHIT_00_MT0,0
P2323928,G1671586P2323928_014444_PL01DF_FTXXX_US1XM1X0XXXHXXXXX_FUNC_EVTEBC2,0
P2324098,G1685893P2324098_014444_PL01DF_FTXXX_US1XM1X0XXXHXXXXX_FUNC_L1QREQID,0
P2259048,G1682188P2259048_014444_PL01DF_FTXXX_US1XM1X0XXXHXXXXX_MEU_UL1_LINE_SPLIT,0
P2243328,G1681492P2243328_014444_PL01DF_FTXXX_US1XM1X0XXXHXXXXX_AG_TOGGLE,0
P2223108,G1703306P2223108_014444_PL01DV_FTXXX_US1XM1X0XXXHXXXXX_BAV_XUNIT_36_BIT_ADDRESS,0
P2479428,G1653337P2479428_014444_PL01DF_FTXXX_US1XM1X0XXXHXXXXX_PMH_FT_PL2_RHINE_RAND_019,0
P2259218,G1703040P2259218_014444_PL01DF_FTXXX_US1XM1X2XXXHXXXXX_RRRR_REPLAY_DEP_BR_X2_MT,0
P2247738,G1703139P2247738_014444_PL01DF_FTXXX_US1XM1X1XXXQXXXXX_FSB_SMM,0
P2260588,G1681759P2260588_014444_PL01DF_FTXXX_US1XM1X0XXXHXXXXX_MO_STRUCT4_BIST3REAL,0
P2495248,G1695013P2495248_014444_PL01DF_FTXXX_US1XM1X2XXXHXXXXX_MOS_MOLLARYM_LB_CAM1_HIT_13_MT0,0
P2496268,G1693129P2496268_014444_PL01DF_FTXXX_US1XM1X2XXXHXXXXX_MOS_MOLLARYM_LB_CAM1_HIT_22_MT0,0
P2251718,G1686716P2251718_014444_PL01DF_FTXXX_US1XM1X0XXXHXXXXX_DAC_SNOOP_HITBIT26,0
P2245948,G1688206P2245948_014444_PL01DF_FTXXX_US1XM1X0XXXHXXXXX_DAC_SNOOP_HITBIT14,0
P2502928,G1682481P2502928_014444_PL01DF_FTXXX_US1XM1X2XXXHXXXXX_MOS_MOLLARYM_LB_CAM0_SPHIT_31_MT0,0
P2496428,G1685250P2496428_014444_PL01DF_FTXXX_US1XM1X2XXXHXXXXX_MOS_MOLLARYM_LB_CAM1_HIT_26_MT0,0
P2443018,G1649237P2443018_014444_PL01DF_FTXXX_US1XM1X0XXXHXXXXX_ISMATCHN_PATTERN_MASK_EXT_A,0
P2252878,G1683261P2252878_014444_PL01DF_FTXXX_US1XM1X0XXXHXXXXX_DAC_TAG_SNPHITST_GOTOS_DIRECT,0
P2431064,G1687018P2431064_014444_PL01DF_FTXXX_US1XM1X2XXXHXXXXX_LOCKRAND_MT_TOGGLE,0
P2468354,G1687717P2468354_014444_PL01DF_FTXXX_US1XM1X0XXXHXXXXX_UL1_FT_RHINE_RAND_002,0
P2398954,G1677771P2398954_014444_PL01DF_FBXXX_US1XM1X2XXXHXXXXX_S_MART_RANDOM_0340140,0
P2430424,G1653043P2430424_014444_PL01DF_FTXXX_US1XM1X2XXXHXXXXX_LOCKRAND_MT_TOGGLE,0
P2502638,G1691586P2502638_014444_PL01DF_FTXXX_US1XM1X2XXXHXXXXX_MOS_MOLLARYM_LB_CAM0_SPHIT_24_MT0,0
P2480048,G1694083P2480048_014444_PL01DF_FTXXX_US1XM1X0XXXHXXXXX_MOS_SAAT_EMON_BASIC_08,0
P2434856,G1695762P2434856_014444_PL01DF_FBXXX_US1XM1X2XXXHXXXXX_S_MART_RANDOM_339931,0
P2404650,G1682648P2404650_014444_PL01DV_FTXXX_US1XM1X2XXXHXXXXX_BAV_APIC_SW_DISABLE_4,0
P2243078,G1678991P2243078_014444_PL01DF_FTXXX_US1XM1X0XXXHXXXXX_IFALU_TRAVEL13,0
P2325218,G1675953P2325218_014444_PL01DF_FTXXX_US1XM1X0XXXHXXXXX_PMH_FT_T0__AD_4M_PW_PWTYPE_ORP_001,0
P2245128,G1686812P2245128_014444_PL01DF_FTXXX_US1XM1X0XXXHXXXXX_FA_DIRECTED_NORMD_X87,0
P2247858,G1678530P2247858_014444_PL01DF_FTXXX_US1XM1X0XXXHXXXXX_MULSD_F20F59_REAL_OPCOV,0
P2252518,G1676586P2252518_014444_PL01DV_FTXXX_US1XM1X0XXXHXXXXX_BAV_PARTIAL_WRITE_1,0
P2211208,G1682903P2211208_014444_PL01DF_FTXXX_US1XM1X0XXXHXXXXX_YT_PAUSE,0
P2496848,G1675108P2496848_014444_PL01DF_FTXXX_US1XM1X2XXXQXXXXX_MOS_MOLLARYM_LB_CAM1_HIT_35_MT1,0
P2434956,G1686338P2434956_014444_PL01DF_FBXXX_US1XM1X2XXXHXXXXX_S_MART_RANDOM_340199,0
P2252168,G1682527P2252168_014444_PL01DF_FTXXX_US1XM1X0XXXHXXXXX_DAC_SNOOP_HITMOREBIT21,0
P2430004,G1679762P2430004_014444_PL01DF_FTXXX_US1XM1X2XXXHXXXXX_LOCKRAND_MT_TOGGLE,0
P2467254,G1648388P2467254_014444_PL01DF_FTXXX_US1XM1X0XXXHXXXXX_DPU_DATAGM_24_31_1,0
P2443318,G1683305P2443318_014444_PL01DF_FTXXX_US1XM1X0XXXHXXXXX_BUBBLE,0
P2252058,G1680926P2252058_014444_PL01DF_FTXXX_US1XM1X0XXXHXXXXX_DAC_SNOOP_HITMOREBIT17,0
P2501958,G1683681P2501958_014444_PL01DF_FTXXX_US1XM1X2XXXHXXXXX_MOS_MOLLARYM_LB_CAM0_SPHIT_12_MT0,0
P2245858,G1693410P2245858_014444_PL01DF_FTXXX_US1XM1X0XXXHXXXXX_DAC_SNOOP_HITBIT12,0
P2259518,G1693672P2259518_014444_PL01DF_FTXXX_US1PM1X0XXXHXXXXX_RANDOM_JUMPS_NOP,0
P2255908,G1703148P2255908_014444_PL01DF_FTXXX_US1XM1X2XXXHXXXXX_RRRR_MPRED_REPLAY_MIX_X2_MT,0
P2471018,G1682311P2471018_014444_PL01DF_FTXXX_US1XM1X0XXXHXXXXX_FIX_MTRR_LOOKUP,0
P2249018,G1683514P2249018_014444_PL01DF_FTXXX_US1XM1X0XXXHXXXXX_MUL_F7_MODRM_00_100_R,0
P2474208,G1677295P2474208_014444_PL01DF_FTXXX_US1XM1X0XXXHXXXXX_MITE_MT_CALL_RET_SMC,0
P2245348,G1694987P2245348_014444_PL01DF_FTXXX_US1XM1X0XXXHXXXXX_MEU_PMH_FT_RSRV_BIT_MODEC_22_27,0
P2434206,G1683302P2434206_014444_PL01DF_FTXXX_US1XM1X0XXXHXXXXX_MOS_MOSLARYM_SMC_PA_CAM_BITS_1_16,0
P2508848,G1702185P2508848_014444_PL01DF_FTXXX_US1XM1X0XXXHXXXXX_TC_ALL_WAYS_SETS192_255,0
P2479338,G1677569P2479338_014444_PL01DF_FTXXX_US1XM1X1XXXQXXXXX_MCA_UPPER_MEM_CALL_RET_1,0
P2259888,G1690181P2259888_014444_PL01DF_FTXXX_US1XM1X0XXXHXXXXX_FP_FLD_SIB,0
P2434766,G1676280P2434766_014444_PL01DF_FBXXX_US1XM1X2XXXHXXXXX_S_MART_RANDOM_339896,0
P2254348,G1694916P2254348_014444_PL01DF_FTXXX_US1XM1X0XXXHXXXXX_TBT_BASIC_RM,0
P2496918,G1681270P2496918_014444_PL01DF_FTXXX_US1XM1X2XXXHXXXXX_MOS_MOLLARYM_LB_CAM1_HIT_37_MT0,0
P2471528,G1671719P2471528_014444_PL01DF_FTXXX_US1XM1X0XXXHXXXXX_BTB_1CALLRET_FFFF_LOGIC,0
P2245388,G1650195P2245388_014444_PL01DF_FTXXX_US1XM1X0XXXHXXXXX_DAC_LDHITLD_BITS15_6,0
P2433966,G1675976P2433966_014444_PL01DF_FTXXX_US1XM1X1XXXQXXXXX_MS_FG_SYSENTER,0
P2248558,G1683091P2248558_014444_PL01DF_FTXXX_US1XM1X0XXXHXXXXX_SQRTSD_F20F51_PROT_OPCOV,0
P2428754,G1702985P2428754_014444_PL01DF_FTXXX_US1XM1X2XXXHXXXXX_MONMWAIT_MODE,0
P2242768,G1692751P2242768_014444_PL01DF_FTXXX_US1XM1X0XXXHXXXXX_IFALU_ADD13,0
P2463414,G1692716P2463414_014444_PL01DV_FTXXX_US1XM1X2XXXHXXXXX_BUS_BAV_APIC_INTR_RW_IRR2_IRR3_FG_2,0
P2245268,G1682159P2245268_014444_PL01DF_FTXXX_US1XM1X0XXXHXXXXX_FA_RND_STICKY_FP_ADD_SUB,0
P2479528,G1680133P2479528_014444_PL01DF_FTXXX_US1XM1X0XXXHXXXXX_DAC_FT_PL2_RHINE_RAND_019,0
P2248598,G1683256P2248598_014444_PL01DF_FTXXX_US1XM1X0XXXHXXXXX_PCMPGTD_660F66_REAL_OPCOV,0
P2474778,G1701659P2474778_014444_PL01DV_FTXXX_US1XM1X2XXXHXXXXX_BAV_APIC_DOUBLE_ISR4,0
P2252708,G1695394P2252708_014444_PL01DF_FTXXX_US1XM1X0XXXHXXXXX_DAC_STHITLD_BITS15_6,0
P2437556,G1702287P2437556_014444_PL01DF_FTXXX_US1XM1X2XXXHXXXXX_ISROUTPUT6A,0
P2494368,G1680959P2494368_014444_PL01DF_FTXXX_US1XM1X2XXXHXXXXX_MOS_MOLLARYM_LB_CAM1_HIT_01_MT0,0
P2478768,G1682167P2478768_014444_PL01DF_FTXXX_US1XM1X0XXXHXXXXX_SAAT_FT_PL1_RHINE_RAND_017,0
P2501278,G1692143P2501278_014444_PL01DF_FTXXX_US1XM1X2XXXHXXXXX_MOS_MOLLARYM_LB_CAM0_SPHIT_01_MT0,0
P2411392,G1685834P2411392_014444_PL01DF_FTXXX_US1XM1X0XXXHXXXXX_TBPU_CR_MISC,0
P2249208,G1690683P2249208_014444_PL01DF_FTXXX_US1XM1X0XXXHXXXXX_PSRLD_660FD2_PROT_OPCOV,0
P2397124,G1689012P2397124_014444_PL01DV_FTXXX_US1XM1X2XXXHXXXXX_BAV_APIC_INTR_LOC_FIX_LVL_HI,0
P2254998,G1690248P2254998_014444_PL01DF_FTXXX_US1XM1X0XXXHXXXXX_PAGEC4K_PROT_PF_CPL1_CPL2_CR0WP_PDESR,0
P2496518,G1694042P2496518_014444_PL01DF_FTXXX_US1XM1X2XXXQXXXXX_MOS_MOLLARYM_LB_CAM1_HIT_28_MT1,0
P2253428,G1690201P2253428_014444_PL01DF_FTXXX_US1XM1X0XXXHXXXXX_SHL_SAL_D2_6_AFLAGS_REG_OSIZE8LH_P,0
P2432014,G1678488P2432014_014444_PL01DF_FTXXX_US1XM1X0XXXHXXXXX_MITE_CREG_PATCH3_13,0
P2430964,G1677419P2430964_014444_PL01DF_FTXXX_US1XM1X2XXXHXXXXX_LOCKRAND_MT_TOGGLE,0
P2487068,G1684589P2487068_014444_PL01DF_FTXXX_US1XM1X2XXXHXXXXX_LB_CAM_MISS_10_MT,0
P2431984,G1683108P2431984_014444_PL01DF_FTXXX_US1XM1X0XXXHXXXXX_MITE_CREG_PATCH3_10,0
P2479488,G1692414P2479488_014444_PL01DF_FTXXX_US1XM1X0XXXHXXXXX_DAC_FT_PL1_RHINE_RAND_015,0
P2247758,G1687741P2247758_014444_PL01DF_FTXXX_US1XM1X0XXXHXXXXX_FP_OPCODE_PREFIX_REAL_MODE,0
P2445150,G1681500P2445150_014444_PL01DF_FTXXX_US1XM1X0XXXHXXXXX_DPU_UL1_RAND_STORE_DATA_5,0
P2449330,G1701198P2449330_014444_PL01DF_FTXXX_US1XM1X0XXXHXXXXX_BPBTBIM_EVENENTRIES_COUNTERS,0
P2242668,G1687943P2242668_014444_PL01DF_FTXXX_US1XM1X0XXXHXXXXX_IFALU_ADD8,0
P2251068,G1709373P2251068_014444_PL01DV_FTXXX_US1XM1X2XXXHXXXXX_BAV_APIC_INIT_EOI,0
P2433986,G1699831P2433986_014444_PL01DF_FTXXX_US1XM1X0XXXHXXXXX_DPU_UL1_LONG_BUS_30D,0
P2245438,G1690686P2245438_014444_PL01DF_FTXXX_US1XM1X0XXXHXXXXX_FLSF4,0
P2245148,G1694047P2245148_014444_PL01DF_FTXXX_US1XM1X0XXXHXXXXX_WCB,0
P2479408,G1678315P2479408_014444_PL01DF_FTXXX_US1XM1X0XXXHXXXXX_PMH_FT_PL1_RHINE_RAND_017,0
P2251958,G1678949P2251958_014444_PL01DF_FTXXX_US1XM1X0XXXHXXXXX_DAC_SNOOP_HITMOREBIT12,0
P2434176,G1689979P2434176_014444_PL01DF_FTXXX_US1XM1X0XXXHXXXXX_MOS_MOSLARYM_SMC_PA_CAM_BITS_1_04,0
P2501368,G1701396P2501368_014444_PL01DF_FTXXX_US1XM1X0XXXHXXXXX_MOS_SATAGARYM_LA_CAM_HIGHBITS_6,0
P2429624,G1685527P2429624_014444_PL01DF_FTXXX_US1XM1X0XXXHXXXXX_ALL_AT_ONCE_TC_PEBS_T0_338924765,0
P2503008,G1683097P2503008_014444_PL01DF_FTXXX_US1XM1X2XXXHXXXXX_MOS_MOLLARYM_LB_CAM0_SPHIT_33_MT0,0
P2244018,G1681030P2244018_014444_PL01DF_FTXXX_US1XM1X0XXXHXXXXX_MASKMOVQ_SPECIAL_02,0
P2243338,G1703056P2243338_014444_PL01DF_FTXXX_US1XM1X0XXXHXXXXX_T3_0508,0
P2490368,G1673342P2490368_014444_PL01DF_FTXXX_US1XM1X0XXXHXXXXX_DATAGD_LD_LDRB_BITS25_28,0
P2501588,G1688135P2501588_014444_PL01DF_FTXXX_US1XM1X2XXXHXXXXX_MOS_MOLLARYM_LB_CAM0_SPHIT_07_MT0,0
P2442728,G1682735P2442728_014444_PL01DF_FTXXX_US1XM1X0XXXHXXXXX_IRR_ISR_EVEN,0
P2253748,G1703414P2253748_014444_PL01DF_FTXXX_US1XM1X0XXXHXXXXX_GD_UD_TEST,0
P2243668,G1647720P2243668_014444_PL01DF_FTXXX_US1XM1X0XXXHXXXXX_UL1_UTLBDATAOUT,0
P2244738,G1680352P2244738_014444_PL01DF_FTXXX_US1XM1X0XXXHXXXXX_MEU_PMH_FIXED_MTRR_MISS_UC_5,0
P2246158,G1706012P2246158_014444_PL01DF_FTXXX_US1XM1X0XXXHXXXXX_COMBM2_RAND_KM_RM1_E_5,0
P2246038,G1706765P2246038_014444_PL01DF_FTXXX_US1XM1X0XXXHXXXXX_COMBM2_RAND_KM_RM1_E_0,0
P2260258,G1703620P2260258_014444_PL01DF_FTXXX_US1XM1X2XXXHXXXXX_FP_PHE_MT_RAND5,0
P2477268,G1687566P2477268_014444_PL01DF_FTXXX_US1XM1X1XXXQXXXXX_FG_MSIMMD_FMASK_ESP_EIP_UOP1,0
P2442768,G1680339P2442768_014444_PL01DF_FBXXX_US1XM1X0XXXHXXXXX_BSL1Q_BSQ_RECYMTCH_WB,0
P2326018,G1674640P2326018_014444_PL01DF_FBXXX_US1XM1X0XXXHXXXXX_PCMPGTB,0
P2571122,G1684382P2571122_014444_PL01DF_FTXXX_US1XM1X0XXXHXXXXX_CT_ASIZE32_FS_AGU_CARRY_SPECIFIC_2_14,0
P2378820,G1691061P2378820_014444_PL01DF_FTXXX_US1XM1X0XXXHXXXXX_CREG_3WRITE_3READ_SELFCHECK,0
P2262308,G1692231P2262308_014444_PL01DF_FTXXX_US1XM1X0XXXHXXXXX_SC_FCOM_SSXDNR,0
P2498138,G1684825P2498138_014444_PL01DF_FTXXX_US1XM1X0XXXHXXXXX_DATAGD_SNP_LDRB_BITS1_4,0
P2252958,G1684230P2252958_014444_PL01DF_FTXXX_US1XM1X0XXXHXXXXX_MEU_PMH_FT_SMPDECACHEHIT,0
P2249938,G1702912P2249938_014444_PL01DF_FTXXX_US1XM1X0XXXHXXXXX_IQIMMED_BUS,0
P2446910,G1682418P2446910_014444_PL01DF_FTXXX_US1XM1X0XXXHXXXXX_CREVMUXD_BTM,0
P2329838,G1694002P2329838_014444_PL01DF_FTXXX_US1XM1X0XXXHXXXXX_PMH_FT_T0__FRITS_C2M_RW_VARMTRR_ORP_0,0
P2498248,G1694108P2498248_014444_PL01DF_FTXXX_US1XM1X0XXXHXXXXX_DATAGD_SNP_STRB_BITS13_16,0
P2254388,G1689935P2254388_014444_PL01DF_FTXXX_US1XM1X0XXXHXXXXX_BRKPT_MISC_CASES,0
P2325138,G1682085P2325138_014444_PL01DF_FTXXX_US1XM1X0XXXHXXXXX_PMH_FT_T0__FRITS_B4K_PWE_WRITEDEBUGCR,0
P2244168,G1703879P2244168_014444_PL01DF_FTXXX_US1XM1X0XXXHXXXXX_COMBM2_RAND_KM_RM2_E_3,0
P2494798,G1690006P2494798_014444_PL01DF_FTXXX_US1XM1X2XXXHXXXXX_MOS_MOLLARYM_LB_CAM1_HIT_06_MT0,0
P2246548,G1679614P2246548_014444_PL01DF_FTXXX_US1XM1X0XXXHXXXXX_FMXD_MIXED6,0
P2434966,G1676317P2434966_014444_PL01DF_FBXXX_US1XM1X2XXXHXXXXX_S_MART_RANDOM_340216,0
P2245068,G1699606P2245068_014444_PL01DF_FTXXX_US1XM1X0XXXHXXXXX_FA_DIRECTED_NORMD_VD,0
P2326528,G1682932P2326528_014444_PL01DF_FBXXX_US1XM1X0XXXHXXXXX_T3THR_NC0_30,0
P2215258,G1685274P2215258_014444_PL01DF_FTXXX_US1XM1X0XXXHXXXXX_ANDPS,0
P2445280,G1682476P2445280_014444_PL01DF_FTXXX_US1XM1X0XXXHXXXXX_DPU_UL1_RAND_STORE_DATA_18,0
P2496358,G1680288P2496358_014444_PL01DF_FTXXX_US1XM1X2XXXQXXXXX_MOS_MOLLARYM_LB_CAM1_HIT_24_MT1,0
P2570962,G1692462P2570962_014444_PL01DF_FTXXX_US1XM1X0XXXHXXXXX_CT_ASIZE32_FS_AGU_CARRY_SPECIFIC_2_4,0
P2259128,G1675469P2259128_014444_PL01DF_FTXXX_US1XM1X2XXXHXXXXX_RRRR_DYN_DEALLOC_NUKE_MT,0
P2449030,G1677705P2449030_014444_PL01DF_FTXXX_US1XM1X2XXXHXXXXX_MODPAGD_UC_USWC_FIX4K_C0000_1,0
P2245058,G1693789P2245058_014444_PL01DF_FTXXX_US1XM1X0XXXHXXXXX_SAAT_DRCAM_MIS_LD3_FT_T1,0
P2496278,G1682951P2496278_014444_PL01DF_FTXXX_US1XM1X2XXXQXXXXX_MOS_MOLLARYM_LB_CAM1_HIT_22_MT1,0
P2496678,G1682820P2496678_014444_PL01DF_FTXXX_US1XM1X2XXXQXXXXX_MOS_MOLLARYM_LB_CAM1_HIT_32_MT1,0
P2323918,G1690631P2323918_014444_PL01DF_FTXXX_US1XM1X0XXXHXXXXX_SPLIT_2NDUC,0
P2513248,G1702229P2513248_014444_PL01DF_FTXXX_US1XM1X2XXXHXXXXX_TC_FLUSH_ALL_WAYS_MT_3,0
P2260488,G1703323P2260488_014444_PL01DF_FTXXX_US1XM1X0XXXHXXXXX_BF_M3PMULLW,0
P2245448,G1681042P2245448_014444_PL01DF_FTXXX_US1XM1X0XXXHXXXXX_DAC_LOCK_UOPS,0
P2243468,G1684164P2243468_014444_PL01DF_FTXXX_US1XM1X0XXXHXXXXX_DAC_STRBHIT,0
P2252998,G1690233P2252998_014444_PL01DF_FTXXX_US1XM1X0XXXHXXXXX_MEU_PMH_FT_PDECACHEHIT,0
P2252288,G1686578P2252288_014444_PL01DF_FTXXX_US1XM1X0XXXHXXXXX_DAC_SNOOP_HITMOREBIT25,0
P2249468,G1694997P2249468_014444_PL01DF_FTXXX_US1PM1X0XXXHXXXXX_POP_DATATRANS_TRY4_160,0
P2244848,G1690026P2244848_014444_PL01DF_FTXXX_US1XM1X0XXXHXXXXX_MEU_PMH_FIXED_MTRR_MISS_UC_10,0
P2445110,G1676946P2445110_014444_PL01DF_FTXXX_US1XM1X0XXXHXXXXX_DPU_UL1_RAND_STORE_DATA_1,0
P2502198,G1691672P2502198_014444_PL01DF_FTXXX_US1XM1X2XXXHXXXXX_MOS_MOLLARYM_LB_CAM1_SPHIT_15_MT0,0
P2447140,G1689511P2447140_014444_PL01DF_FTXXX_US1XM1X0XXXHXXXXX_BSL1QD_L1_EVICTS,0
P2468264,G1693102P2468264_014444_PL01DF_FTXXX_US1XM1X0XXXHXXXXX_SAAT_FT_RHINE_RAND_002,0
P2490478,G1677250P2490478_014444_PL01DF_FTXXX_US1XM1X0XXXHXXXXX_DATAGD_ST_LDRB_BITS5_8,0
P2400710,G1688022P2400710_014444_PL01DV_FTXXX_US1XM1X0XXXHXXXXX_BAV_NO_APIC_INTR_STPCLK,0
P2244208,G1704199P2244208_014444_PL01DF_FTXXX_US1XM1X0XXXHXXXXX_COMBM2_RAND_KM_RM2_E_12,0
P2261978,G1685589P2261978_014444_PL01DF_FTXXX_US1XM1X0XXXHXXXXX_TR1,0
P2443358,G1685738P2443358_014444_PL01DF_FTXXX_US1XM1X0XXXHXXXXX_UL1_FT_T0_RLB_R_W_ACCESS_ORP_004,0
P2251878,G1683564P2251878_014444_PL01DF_FTXXX_US1XM1X0XXXHXXXXX_DAC_SNOOP_HITBIT34,0
P2434776,G1684835P2434776_014444_PL01DF_FBXXX_US1XM1X2XXXHXXXXX_S_MART_RANDOM_339899,0
P2477278,G1683315P2477278_014444_PL01DF_FTXXX_US1XM1X0XXXHXXXXX_FG_MSIMMD_FMASK_ESP_EIP_UOP1,0
P2326198,G1687787P2326198_014444_PL01DF_FTXXX_US1XM1X0XXXHXXXXX_T3THR_MUL_DIV_ADDPX,0
P2474738,G1693128P2474738_014444_PL01DF_FTXXX_US1XM1X0XXXHXXXXX_PAGE_MEMORY_TYPE,0
P2255268,G1684670P2255268_014444_PL01DF_FTXXX_US1XM1X0XXXHXXXXX_MOV_A1_ISA_DS_P_01,0
P2449390,G1693322P2449390_014444_PL01DF_FTXXX_US1XM1X0XXXHXXXXX_YT2_PREFQ_T0,0
P2251858,G1679328P2251858_014444_PL01DF_FTXXX_US1XM1X0XXXHXXXXX_DAC_SNOOP_HITBIT33,0
P2494828,G1690726P2494828_014444_PL01DF_FTXXX_US1XM1X2XXXQXXXXX_MOS_MOLLARYM_LB_CAM0_HIT_07_MT1,0
P2471028,G1686135P2471028_014444_PL01DF_FTXXX_US1XM1X0XXXHXXXXX_FIX_MTRR_LOOKUP,0
P2434056,G1677573P2434056_014444_PL01DF_FTXXX_US1XM1X0XXXHXXXXX_MOS_MOSLARYM_LA_CAM_HIGHBITS_LDHIHALF,0
P2503198,G1692925P2503198_014444_PL01DF_FTXXX_US1XM1X2XXXHXXXXX_MOS_MOLLARYM_LB_CAM1_SPHIT_37_MT0,0
P2248318,G1682870P2248318_014444_PL01DF_FTXXX_US1XM1X0XXXHXXXXX_PAGEB4M_ALIASED_AD_ASSIST_SPLIT,0
P2478758,G1687221P2478758_014444_PL01DF_FTXXX_US1XM1X0XXXHXXXXX_SAAT_FT_PL1_RHINE_RAND_016,0
P2326398,G1683606P2326398_014444_PL01DF_FBXXX_US1XM1X0XXXHXXXXX_WE2_38,0
P2324878,G1677936P2324878_014444_PL01DF_FTXXX_US1XM1X0XXXHXXXXX_PMH_FT_T0__FRITS_C2M_SPLIT_SUW_EMONS_,0
P2481398,G1693544P2481398_014444_PL01DF_FTXXX_US1XM1X2XXXHXXXXX_TD_PROT_MODE_GATE_MT,0
P2467644,G1678143P2467644_014444_PL01DF_FTXXX_US1XM1X0XXXHXXXXX_FMXD_ARITH1_TESTGEN,0
P2490588,G1682414P2490588_014444_PL01DF_FTXXX_US1XM1X0XXXHXXXXX_DATAGD_ST_STRB_BITS17_20,0
P2490348,G1691670P2490348_014444_PL01DF_FTXXX_US1XM1X0XXXHXXXXX_DATAGD_LD_LDRB_BITS17_20,0
P2429414,G1703767P2429414_014444_PL01DF_FTXXX_US1XM1X2XXXHXXXXX_MITE_MT_FAULTS_324950478,0
P2452170,G1690134P2452170_014444_PL01DF_FTXXX_US1XM1X0XXXHXXXXX_TBPU_CR_LBR_LO_BLIP_REV2,0
P2429934,G1695569P2429934_014444_PL01DF_FTXXX_US1XM1X0XXXHXXXXX_BUS1_PREFQTUNE1,0
P2325808,G1692792P2325808_014444_PL01DF_FTXXX_US1XM1X0XXXHXXXXX_T30033,0
P2324938,G1681132P2324938_014444_PL01DF_FTXXX_US1XM1X1XXXQXXXXX_UL1_FT_T1_EMON_ENABLE_E6_ORP_000,0
P2481638,G1702301P2481638_014444_PL01DF_FTXXX_US1XM1X2XXXHXXXXX_TD_PROT_MODE_BASIC_MT,0
P2508808,G1688223P2508808_014444_PL01DF_FTXXX_US1XM1X0XXXHXXXXX_TC_ALL_WAYS_SETS64_127,0
P2243168,G1703490P2243168_014444_PL01DF_FTXXX_US1XM1X0XXXHXXXXX_T3_0401,0
P2448280,G1676057P2448280_014444_PL01DF_FTXXX_US1XM1X0XXXHXXXXX_UL1_FT_T0_EMON_UL1_REF_NEW_ORP_000,0
P2430334,G1684848P2430334_014444_PL01DF_FTXXX_US1XM1X2XXXHXXXXX_LOCKRAND_MT_TOGGLE,0
P2256118,G1693875P2256118_014444_PL01DF_FTXXX_US1XM1X0XXXHXXXXX_MEU_DAC_LIVELOCK,0
P2256238,G1691158P2256238_014444_PL01DF_FTXXX_US1XM1X0XXXHXXXXX_PAGEB4M_AD_ASSIST_DATA_CODE_SPLIT,0
P2243188,G1709546P2243188_014444_PL01DF_FTXXX_US1XM1X0XXXHXXXXX_DECODER,0
P2445180,G1699139P2445180_014444_PL01DF_FTXXX_US1XM1X0XXXHXXXXX_DPU_UL1_RAND_STORE_DATA_8,0
P2252468,G1673452P2252468_014444_PL01DF_FTXXX_US1XM1X0XXXHXXXXX_DAC_SNOOP_HITMOREBIT31,0
P2494898,G1680546P2494898_014444_PL01DF_FTXXX_US1XM1X2XXXQXXXXX_MOS_MOLLARYM_LB_CAM1_HIT_08_MT1,0
P2338486,G1682860P2338486_014444_PL01DF_FTXXX_US1XM1X0XXXHXXXXX_T3THR_NE1_038_DAC,0
P2259148,G1694551P2259148_014444_PL01DF_FTXXX_US1XM1X2XXXHXXXXX_RRRR_LB_SAB_STALLS_MT,0
P2475158,G1686687P2475158_014444_PL01DF_FTXXX_US1XM1X0XXXHXXXXX_FMXD_FMMWTREE42D_STICKY_VS,0
P2487038,G1676357P2487038_014444_PL01DF_FTXXX_US1XM1X2XXXHXXXXX_LB_CAM_MISS_00_MT,0
P2324568,G1687518P2324568_014444_PL01DF_FTXXX_US1XM1X0XXXHXXXXX_UL1_FT_T0_WCB_EVICTIONS_ORP_002,0
P2430214,G1682389P2430214_014444_PL01DF_FTXXX_US1XM1X2XXXHXXXXX_LOCKRAND_MT_TOGGLE,0
P2243758,G1703900P2243758_014444_PL01DF_FTXXX_US1XM1X0XXXHXXXXX_OLD_TSS_LIMIT_CS,0
P2430814,G1682774P2430814_014444_PL01DF_FTXXX_US1XM1X2XXXHXXXXX_LOCKRAND_MT_TOGGLE,0
P2437546,G1692642P2437546_014444_PL01DF_FTXXX_US1XM1X2XXXHXXXXX_ISROUTPUT3,0
P2254048,G1691321P2254048_014444_PL01DF_FTXXX_US1XM1X0XXXHXXXXX_CMPXCHG8B_0FC7_1_ISA_DS_P_01,0
P2251628,G1683399P2251628_014444_PL01DF_FTXXX_US1XM1X0XXXHXXXXX_DAC_SNOOP_HITBIT22,0
P2247558,G1676650P2247558_014444_PL01DV_FTXXX_US1XM1X0XXXHXXXXX_BAV_APIC_PRI15_FIXED,0
P2469064,G1683512P2469064_014444_PL01DF_FTXXX_US1XM1X0XXXHXXXXX_BTB_LEFT_ARRAYS_LOGIC_2,0
P2479938,G1691833P2479938_014444_PL01DF_FTXXX_US1XM1X0XXXHXXXXX_MOS_MOB_EMON_BASIC_13,0
P2474878,G1679400P2474878_014444_PL01DF_FTXXX_US1XM1X0XXXHXXXXX_BTB_CALLRET_HIGHADDR_LOGIC,0
P2253478,G1688630P2253478_014444_PL01DF_FTXXX_US1XM1X0XXXHXXXXX_COMBM2_RAND_KM_RM1_E_4,0
P2494498,G1682944P2494498_014444_PL01DF_FTXXX_US1XM1X2XXXHXXXXX_MOS_MOLLARYM_LB_CAM1_HIT_03_MT0,0
P2259638,G1687638P2259638_014444_PL01DF_FTXXX_US1PM1X0XXXHXXXXX_RANDOM_JUMPS_NOP,0
P2430584,G1678034P2430584_014444_PL01DF_FTXXX_US1XM1X2XXXHXXXXX_LOCKRAND_MT_TOGGLE,0
P2434826,G1674586P2434826_014444_PL01DF_FBXXX_US1XM1X2XXXHXXXXX_S_MART_RANDOM_339911,0
P2488138,G1691247P2488138_014444_PL01DF_FTXXX_US1XM1X0XXXHXXXXX_SIMPLE_DSIDE_PGWLK_PTE_FSB_ERROR,0
P2430554,G1692584P2430554_014444_PL01DF_FTXXX_US1XM1X2XXXHXXXXX_LOCKRAND_MT_TOGGLE,0
P2430934,G1692099P2430934_014444_PL01DF_FTXXX_US1XM1X2XXXHXXXXX_LOCKRAND_MT_TOGGLE,0
P2324238,G1676103P2324238_014444_PL01DF_FTXXX_US1XM1X0XXXHXXXXX_BSQ_SPLITS,0
P2513268,G1701519P2513268_014444_PL01DF_FTXXX_US1XM1X2XXXHXXXXX_TC_FLUSH_ALL_WAYS_MT_4,0
P2254928,G1687675P2254928_014444_PL01DF_FTXXX_US1XM1X0XXXHXXXXX_PAGEC4K_NONLINEAR_NP_PF_PTE_D_ASSIST_,0
P2253838,G1671689P2253838_014444_PL01DF_FTXXX_US1XM1X0XXXHXXXXX_CODE_BRKPT,0
P2494888,G1678115P2494888_014444_PL01DF_FTXXX_US1XM1X2XXXHXXXXX_MOS_MOLLARYM_LB_CAM1_HIT_08_MT0,0
P2473098,G1684367P2473098_014444_PL01DF_FTXXX_US1XM1X0XXXHXXXXX_BPU_BPNIP_ADDER_LOGIC,0
P2430674,G1676395P2430674_014444_PL01DF_FTXXX_US1XM1X2XXXHXXXXX_LOCKRAND_MT_TOGGLE,0
P2400070,G1715909P2400070_014444_PL01DV_FTXXX_US1XM1X2XXXHXXXXX_BAV_APIC_INIT_LOCAL_1,0
P2245248,G1699732P2245248_014444_PL01DF_FTXXX_US1XM1X0XXXHXXXXX_FA_RND_RENORM_ALL_UOPS,0
P2382800,G1681122P2382800_014444_PL01DF_FTXXX_US1XM1X0XXXHXXXXX_CREG_WRITE_SLEEP_READ_SELFCHECK,0
P2478728,G1691663P2478728_014444_PL01DF_FTXXX_US1XM1X0XXXHXXXXX_SAAT_FT_PL0_RHINE_RAND_013,0
P2494438,G1682241P2494438_014444_PL01DF_FTXXX_US1XM1X2XXXHXXXXX_MOS_MOLLARYM_LB_CAM1_HIT_02_MT0,0
P2244408,G1686490P2244408_014444_PL01DF_FTXXX_US1XM1X0XXXHXXXXX_FMXD_FAX_ARITH9,0
P2324698,G1681441P2324698_014444_PL01DF_FTXXX_US1XM1X0XXXHXXXXX_UL1_FT_T0_EMON_ENABLE_E45_ORP_000,0
P2245978,G1704290P2245978_014444_PL01DF_FTXXX_US1XM1X0XXXHXXXXX_COMBM2_RAND_KM_RM3_E_2,0
P2448750,G1679542P2448750_014444_PL01DF_FTXXX_US1XM1X0XXXHXXXXX_EXEC_FT_T0__FRITSFPU_UNDFL_FMUL_ORP_0,0
P2501418,G1682290P2501418_014444_PL01DF_FTXXX_US1XM1X2XXXHXXXXX_MOS_MOLLARYM_LB_CAM0_SPHIT_03_MT0,0
P2261018,G1675737P2261018_014444_PL01DF_FTXXX_US1XM1X0XXXHXXXXX_PG17,0
P2502078,G1682654P2502078_014444_PL01DF_FTXXX_US1XM1X2XXXHXXXXX_MOS_MOLLARYM_LB_CAM1_SPHIT_13_MT0,0
P2324538,G1671234P2324538_014444_PL01DF_FTXXX_US1XM1X0XXXHXXXXX_NWD_BSSNP_MATCH_BSQ_FG,0
P2243618,G1703330P2243618_014444_PL01DF_FTXXX_US1XM1X0XXXHXXXXX_T3_569,0
P2503298,G1695487P2503298_014444_PL01DF_FTXXX_US1XM1X2XXXQXXXXX_MOS_MOLLARYM_LB_CAM1_SPHIT_39_MT1,0
P2325018,G1679222P2325018_014444_PL01DF_FTXXX_US1XM1X0XXXHXXXXX_FT_PG_ASSIST,0
P2254198,G1690623P2254198_014444_PL01DF_FTXXX_US1XM1X0XXXHXXXXX_PAGE_NP_PF_VS_CODE_FETCH_LENGTH,0
P2449340,G1682265P2449340_014444_PL01DF_FTXXX_US1XM1X0XXXHXXXXX_BPBTBIM_ODDENTRIES_COUNTERS,0
P2496658,G1678283P2496658_014444_PL01DF_FTXXX_US1XM1X2XXXQXXXXX_MOS_MOLLARYM_LB_CAM0_HIT_32_MT1,0
P2262598,G1695147P2262598_014444_PL01DF_FTXXX_US1XM1X0XXXHXXXXX_LSLCHECK_GLOB_CPL2_DPL2_RPL1,0
P2468244,G1682685P2468244_014444_PL01DF_FTXXX_US1XM1X0XXXHXXXXX_SAAT_FT_PL2_RHINE_RAND_001,0
P2468304,G1701638P2468304_014444_PL01DF_FTXXX_US1XM1X0XXXHXXXXX_SAAT_FT_RHINE_RAND_007,0
P2258928,G1693266P2258928_014444_PL01DF_FTXXX_US1XM1X0XXXHXXXXX_PROT_BASIC_MODIFY_LDT,0
P2430984,G1699499P2430984_014444_PL01DF_FTXXX_US1XM1X2XXXHXXXXX_LOCKRAND_MT_TOGGLE,0
P2434246,G1680600P2434246_014444_PL01DF_FTXXX_US1XM1X0XXXHXXXXX_MOS_MOSLARYM_SMC_PA_CAM_BITS_SPLIT_0_,0
P2260708,G1677549P2260708_014444_PL01DF_FTXXX_US1XM1X0XXXHXXXXX_JUMPGATECS_LOC_CPL2_DPL1_RPL3,0
P2571032,G1696649P2571032_014444_PL01DF_FTXXX_US1XM1X0XXXHXXXXX_CT_ASIZE32_FS_AGU_CARRY_SPECIFIC_2_9,0
P2324638,G1694074P2324638_014444_PL01DF_FTXXX_US1XM1X0XXXHXXXXX_PAGEC4K_LINEAR_PDE_ID_PTE_AD_ASSIST_S,0
P2449450,G1680261P2449450_014444_PL01DF_FTXXX_US1XM1X1XXXHXXXXX_YT1_PREFQ_T1,0
P2429564,G1679997P2429564_014444_PL01DF_FTXXX_US1XM1X2XXXHXXXXX_MEMORY_EXECUTION_480980566,0
P2495238,G1694187P2495238_014444_PL01DF_FTXXX_US1XM1X2XXXQXXXXX_MOS_MOLLARYM_LB_CAM0_HIT_13_MT1,0
P2502438,G1682988P2502438_014444_PL01DF_FTXXX_US1XM1X2XXXHXXXXX_MOS_MOLLARYM_LB_CAM0_SPHIT_19_MT0,0
P2430774,G1676287P2430774_014444_PL01DF_FTXXX_US1XM1X1XXXQXXXXX_BPI_YTADDRESS_LOGIC_T1,0
P2495568,G1691282P2495568_014444_PL01DF_FTXXX_US1XM1X2XXXHXXXXX_MOS_MOLLARYM_LB_CAM0_HIT_19_MT0,0
P2571102,G1684430P2571102_014444_PL01DF_FTXXX_US1XM1X0XXXHXXXXX_CT_ASIZE32_FS_AGU_CARRY_SPECIFIC_2_12,0
P2247478,G1682009P2247478_014444_PL01DV_FTXXX_US1XM1X0XXXHXXXXX_BAV_APIC_PRI4_FIXED,0
P2468294,G1682721P2468294_014444_PL01DF_FTXXX_US1XM1X0XXXHXXXXX_SAAT_FT_RHINE_RAND_005,0
P2261428,G1680781P2261428_014444_PL01DF_FTXXX_US1XM1X0XXXHXXXXX_LSRP_IASM,0
P2324408,G1687870P2324408_014444_PL01DF_FTXXX_US1XM1X0XXXHXXXXX_MEU_UL1_FG_UL1READ,0
P2211468,G1695453P2211468_014444_PL01DF_FTXXX_US1XM1X0XXXHXXXXX_SEG_MODE_TRAN_64BIT_TO_COMP_INT_SAME,0
P2435646,G1703352P2435646_014444_PL01DV_FTXXX_US1XM1X0XXXHXXXXX_BAV_36_BIT_TEMPLATE,0
P2258958,G1703116P2258958_014444_PL01DF_FTXXX_US1XM1X0XXXHXXXXX_MEU_DAC_LINE_SPLIT,0
P2468284,G1701534P2468284_014444_PL01DF_FTXXX_US1XM1X0XXXHXXXXX_SAAT_FT_RHINE_RAND_004,0
P2429374,G1694192P2429374_014444_PL01DF_FTXXX_US1XM1X2XXXHXXXXX_MITE_MT_CALL_RET_SMC_719642950,0
P2468134,G1689872P2468134_014444_PL01DF_FTXXX_US1XM1X0XXXHXXXXX_PMH_FT_PL1_RHINE_RAND_000,0
P2495308,G1689943P2495308_014444_PL01DF_FTXXX_US1XM1X2XXXHXXXXX_MOS_MOLLARYM_LB_CAM0_HIT_15_MT0,0
P2434106,G1693729P2434106_014444_PL01DF_FTXXX_US1XM1X0XXXHXXXXX_MOS_MOSLARYM_SMC_PA_CAM_BITS_0_08,0
P2508818,G1702143P2508818_014444_PL01DF_FTXXX_US1XM1X1XXXQXXXXX_TC_ALL_WAYS_SETS64_127,0
P2490328,G1674155P2490328_014444_PL01DF_FTXXX_US1XM1X0XXXHXXXXX_DATAGD_LD_LDRB_BITS9_12,0
P2430394,G1677395P2430394_014444_PL01DF_FTXXX_US1XM1X2XXXHXXXXX_LOCKRAND_MT_TOGGLE,0
P2251338,G1708262P2251338_014444_PL01DV_FTXXX_US1XM1X2XXXHXXXXX_BAV_APIC_INIT_REG_3,0
P2437036,G1685668P2437036_014444_PL01DF_FTXXX_US1XM1X2XXXHXXXXX_ISROUTPUT2A,0
P2428784,G1703094P2428784_014444_PL01DF_FTXXX_US1XM1X2XXXHXXXXX_MONMWAIT_MODE,0
P2442948,G1689131P2442948_014444_PL01DF_FTXXX_US1XM1X0XXXHXXXXX_ISMATCHN_PATTERN_MASK_5_A,0
P2449350,G1682443P2449350_014444_PL01DF_FTXXX_US1XM1X0XXXHXXXXX_STEW_BPBTBIM_EVENENTRIES_COUNTERS,0
P2387948,G1686576P2387948_014444_PL01DF_FTXXX_US1XM1X0XXXHXXXXX_QUICK,0
P2440766,G1682631P2440766_014444_PL01DF_FTXXX_US1XM1X0XXXHXXXXX_TD_PROT_MODE_BRANCH_FAULT_976117272,0
P2434146,G1695100P2434146_014444_PL01DF_FTXXX_US1XM1X0XXXHXXXXX_MOS_MOSLARYM_SMC_PA_CAM_BITS_0_24,0
P2468194,G1684201P2468194_014444_PL01DF_FTXXX_US1XM1X0XXXHXXXXX_PMH_FT_RHINE_RAND_004,0
P2325088,G1682055P2325088_014444_PL01DF_FTXXX_US1XM1X0XXXHXXXXX_UL1_FT_T0_WOB_SNP_EVICTIONS_COMPL_ORP,0
P2477778,G1678417P2477778_014444_PL01DF_FTXXX_US1XM1X0XXXHXXXXX_EMON_PMI_BASIC,0
P2478748,G1702343P2478748_014444_PL01DF_FTXXX_US1XM1X0XXXHXXXXX_SAAT_FT_PL1_RHINE_RAND_015,0
P2434036,G1678728P2434036_014444_PL01DF_FTXXX_US1XM1X0XXXHXXXXX_MOS_MOSLARYM_LA_CAM_HIGHBITS_1,0
P2494308,G1684350P2494308_014444_PL01DF_FTXXX_US1XM1X2XXXHXXXXX_MOS_MOLLARYM_LB_CAM0_HIT_00_MT0,0
P2478648,G1682699P2478648_014444_PL01DF_FTXXX_US1XM1X0XXXHXXXXX_MOB_FT_PL1_RHINE_RAND_015,0
P2448310,G1676754P2448310_014444_PL01DF_FTXXX_US1XM1X0XXXHXXXXX_EXEC_FT_T0__FRITS_RNDPCKADDSUB_PACKED,0
P2501828,G1649462P2501828_014444_PL01DF_FTXXX_US1XM1X2XXXHXXXXX_MOS_MOLLARYM_LB_CAM0_SPHIT_10_MT0,0
P2262168,G1681826P2262168_014444_PL01DF_FTXXX_US1XM1X0XXXHXXXXX_UXDDZU,0
P2501718,G1684386P2501718_014444_PL01DF_FTXXX_US1XM1X2XXXQXXXXX_MOS_MOLLARYM_LB_CAM0_SPHIT_09_MT1,0
P2503768,G1694738P2503768_014444_PL01DF_FTXXX_US1XM1X0XXXHXXXXX_FG_TBPU_TBSHIFTM,0
P2442688,G1691484P2442688_014444_PL01DF_FTXXX_US1XM1X0XXXHXXXXX_PMH_FT_T1__B4K_ADG_ORP_000,0
P2246508,G1683408P2246508_014444_PL01DF_FTXXX_US1XM1X0XXXHXXXXX_FMXD_MIXED5,0
P2252838,G1691970P2252838_014444_PL01DF_FTXXX_US1XM1X0XXXHXXXXX_DAC_TAG_SNPHITLD,0
P2244798,G1681078P2244798_014444_PL01DF_FTXXX_US1XM1X0XXXHXXXXX_FMXD_MMX8,0
P2243438,G1690788P2243438_014444_PL01DF_FTXXX_US1XM1X0XXXHXXXXX_DAC_STFWD,0
P2494328,G1694891P2494328_014444_PL01DF_FTXXX_US1XM1X2XXXHXXXXX_MOS_MOLLARYM_LB_CAM1_HIT_00_MT0,0
P2260728,G1682218P2260728_014444_PL01DF_FTXXX_US1XM1X0XXXHXXXXX_MOB_SMC1,0
P2260268,G1703113P2260268_014444_PL01DF_FTXXX_US1XM1X2XXXHXXXXX_FP_PHE_MT_RAND6,0
P2504358,G1690993P2504358_014444_PL01DF_FTXXX_US1XM1X1XXXQXXXXX_MOS_SASEGARYM_FLASHCOPY_FDS_HIGHBITS_,0
P2502588,G1692376P2502588_014444_PL01DF_FTXXX_US1XM1X2XXXQXXXXX_MOS_MOLLARYM_LB_CAM1_SPHIT_22_MT1,0
P2246648,G1694518P2246648_014444_PL01DF_FTXXX_US1XM1X0XXXHXXXXX_COMBM2_RAND_KM_RM3_E_8,0
P2258998,G1703434P2258998_014444_PL01DF_FTXXX_US1XM1X0XXXHXXXXX_MEU_MOB_PWR_DOWN,0
P2442998,G1679414P2442998_014444_PL01DF_FTXXX_US1XM1X0XXXHXXXXX_ISMATCHN_PATTERN_MASK_EXT,0
P2505868,G1683403P2505868_014444_PL01DF_FTXXX_US1XM1X0XXXHXXXXX_MOS_SASEGARYM_FLASHCOPY_FDS_HIGHBITS_,0
P2571022,G1733384P2571022_014444_PL01DF_FTXXX_US1XM1X0XXXXXXXXX_CT_ASIZE32_FS_AGU_CARRY_SPECIFIC_2_8,0
P2253238,G1681583P2253238_014444_PL01DF_FTXXX_US1XM1X0XXXHXXXXX_IO_PIONEER_IN,0
P2326828,G1676735P2326828_014444_PL01DF_FBXXX_US1XM1X0XXXHXXXXX_KME2_05,0
P2246578,G1671473P2246578_014444_PL01DF_FTXXX_US1XM1X0XXXHXXXXX_STR_ODATA,0
P2255218,G1688272P2255218_014444_PL01DF_FTXXX_US1XM1X0XXXHXXXXX_SEG_FAR_XFER_LIMIT__G0D0__0000,0
P2513308,G1704112P2513308_014444_PL01DF_FTXXX_US1XM1X2XXXHXXXXX_TC_FLUSH_ALL_WAYS_MT_6,0
P2494718,G1691164P2494718_014444_PL01DF_FTXXX_US1XM1X2XXXHXXXXX_MOS_MOLLARYM_LB_CAM1_HIT_04_MT0,0
P2397094,G1683135P2397094_014444_PL01DV_FTXXX_US1XM1X2XXXHXXXXX_BAV_APIC_BUS_MUL_INCOMING,0
P2431304,G1695695P2431304_014444_PL01DF_FTXXX_US1XM1X2XXXHXXXXX_LOCKRAND_MT_TOGGLE,0
P2379070,G1688697P2379070_014444_PL01DF_FTXXX_US1XM1X0XXXHXXXXX_CREG_3WRITE_SLEEP_3READ_SELFCHECK,0
P2503268,G1674678P2503268_014444_PL01DF_FTXXX_US1XM1X2XXXHXXXXX_MOS_MOLLARYM_LB_CAM0_SPHIT_39_MT0,0
P2437736,G1678485P2437736_014444_PL01DF_FTXXX_US1XM1X0XXXHXXXXX_TMR_CLEAR_A,0
P2447510,G1681294P2447510_014444_PL01DF_FBXXX_US1XM1X2XXXHXXXXX_CRRPLQCTRD_ISIDE_CTL2,0
P2431214,G1691737P2431214_014444_PL01DF_FTXXX_US1XM1X2XXXHXXXXX_LOCKRAND_MT_TOGGLE,0
P2508838,G1682017P2508838_014444_PL01DF_FTXXX_US1XM1X1XXXQXXXXX_TC_ALL_WAYS_SETS128_191,0
P2467924,G1701358P2467924_014444_PL01DF_FTXXX_US1XM1X0XXXHXXXXX_DAC_FT_PL1_RHINE_RAND_000,0
P2251158,G1708880P2251158_014444_PL01DV_FTXXX_US1XM1X2XXXHXXXXX_BAV_APIC_INIT_TPR,0
P2400150,G1710598P2400150_014444_PL01DV_FTXXX_US1XM1X2XXXHXXXXX_BAV_APIC_INIT_REG_2,0
P2570942,G1689820P2570942_014444_PL01DF_FTXXX_US1XM1X0XXXHXXXXX_CT_ASIZE32_FS_AGU_CARRY_SPECIFIC_2_2,0
P2431024,G1696844P2431024_014444_PL01DF_FTXXX_US1XM1X2XXXHXXXXX_LOCKRAND_MT_TOGGLE,0
P2490538,G1681645P2490538_014444_PL01DF_FTXXX_US1XM1X0XXXHXXXXX_DATAGD_ST_STRB_BITS0,0
P2496598,G1682845P2496598_014444_PL01DF_FTXXX_US1XM1X2XXXQXXXXX_MOS_MOLLARYM_LB_CAM1_HIT_30_MT1,0
P2252758,G1690695P2252758_014444_PL01DF_FTXXX_US1XM1X0XXXHXXXXX_FSEBC_IWB_STALL,0
P2501458,G1687744P2501458_014444_PL01DF_FTXXX_US1XM1X2XXXHXXXXX_MOS_MOLLARYM_LB_CAM0_SPHIT_04_MT0,0
P2474228,G1686922P2474228_014444_PL01DF_FTXXX_US1XM1X0XXXHXXXXX_MITE_MT_CALL_RET_SMC,0
P2325028,G1691561P2325028_014444_PL01DF_FTXXX_US1XM1X0XXXHXXXXX_PMH_FT_T0__B4K_ACFG_ORP_000,0
P2430844,G1690639P2430844_014444_PL01DF_FTXXX_US1XM1X0XXXHXXXXX_BPBTPRTGMRGBS_LOGIC,0
P2431274,G1698310P2431274_014444_PL01DF_FTXXX_US1XM1X2XXXHXXXXX_LOCKRAND_MT_TOGGLE,0
P2397504,G1673695P2397504_014444_PL01DV_FTXXX_US1XM1X0XXXHXXXXX_BAV_NO_APIC_BTM_SMI,0
P2434986,G1676164P2434986_014444_PL01DF_FBXXX_US1XM1X0XXXHXXXXX_BSQSNOOPHIT,0
P2216568,G1691187P2216568_014444_PL01DF_FTXXX_US1XM1X0XXXHXXXXX_IDIV_F7_7_REG_ISA_FN_LONG_1,0
P2474898,G1682839P2474898_014444_PL01DF_FTXXX_US1XM1X0XXXHXXXXX_PAGE_TLB_FLUSHING,0
P2435626,G1704512P2435626_014444_PL01DV_FTXXX_US1XM1X0XXXHXXXXX_BAV_36_BIT_TEMPLATE,0
P2242798,G1705944P2242798_014444_PL01DF_FTXXX_US1XM1X0XXXHXXXXX_T3_0037_TC,0
P2260358,G1674921P2260358_014444_PL01DF_FTXXX_US1XM1X0XXXHXXXXX_BASIC_PM_MOVS,0
P2474888,G1696411P2474888_014444_PL01DF_FTXXX_US1XM1X0XXXHXXXXX_PAGE_TLB_FLUSHING,0
P2480058,G1689368P2480058_014444_PL01DF_FTXXX_US1XM1X0XXXHXXXXX_MOS_SAAT_EMON_BASIC_09,0
P2479358,G1678900P2479358_014444_PL01DF_FTXXX_US1XM1X0XXXHXXXXX_PMH_FT_PL0_RHINE_RAND_012,0
P2248218,G1671429P2248218_014444_PL01DF_FTXXX_US1XM1X0XXXHXXXXX_ADD_03_MODRM_10_R,0
P2467274,G1682704P2467274_014444_PL01DF_FTXXX_US1XM1X0XXXHXXXXX_BTB_RRSD_CALLS_RETS_LOGIC_1_TC_RRSD_D,0
P2496208,G1695075P2496208_014444_PL01DF_FTXXX_US1XM1X2XXXHXXXXX_MOS_MOLLARYM_LB_CAM0_HIT_21_MT0,0
P2475788,G1702931P2475788_014444_PL01DF_FTXXX_US1XM1X0XXXHXXXXX_MITE_MT_CISC1,0
P2257148,G1691778P2257148_014444_PL01DF_FTXXX_US1XM1X0XXXHXXXXX_FPATAN,0
P2505878,G1684684P2505878_014444_PL01DF_FTXXX_US1XM1X1XXXQXXXXX_MOS_SASEGARYM_FLASHCOPY_FDS_HIGHBITS_,0
P2247058,G1687644P2247058_014444_PL01DF_FTXXX_US1XM1X0XXXHXXXXX_SEG_LOAD_STORE_LIMIT__DATA_G0D1E0_WOR,0
P2430154,G1676240P2430154_014444_PL01DF_FTXXX_US1XM1X2XXXHXXXXX_LOCKRAND_MT_TOGGLE,0
P2433976,G1671542P2433976_014444_PL01DF_FTXXX_US1XM1X0XXXHXXXXX_MS_FG_SYSENTER,0
P2244198,G1678880P2244198_014444_PL01DF_FTXXX_US1XM1X0XXXHXXXXX_FMXD_ARITH7,0
P2468314,G1689681P2468314_014444_PL01DF_FTXXX_US1XM1X0XXXHXXXXX_SAAT_FT_RHINE_RAND_008,0
P2218838,G1679594P2218838_014444_PL01DF_FTXXX_US1XM1X0XXXHXXXXX_MTRR_MODIFY,0
P2430344,G1689967P2430344_014444_PL01DF_FTXXX_US1XM1X2XXXHXXXXX_LOCKRAND_MT_TOGGLE,0
P2466094,G1678201P2466094_014444_PL01DF_FTXXX_US1XM1X0XXXHXXXXX_BTB_RRSD_CALLS_RETS_LOGIC_1_TC_OFF,0
P2252408,G1682847P2252408_014444_PL01DF_FTXXX_US1XM1X0XXXHXXXXX_DAC_SNOOP_HITMOREBIT29,0
P2216488,G1676492P2216488_014444_PL01DF_FTXXX_US1XM1X0XXXHXXXXX_SEG_MODE_TRAN_COMP_TO_PROT_JMP_INWARD,0
P2479468,G1679637P2479468_014444_PL01DF_FTXXX_US1XM1X0XXXHXXXXX_DAC_FT_PL0_RHINE_RAND_013,0
P2430904,G1682891P2430904_014444_PL01DF_FTXXX_US1XM1X2XXXHXXXXX_LOCKRAND_MT_TOGGLE,0
P2255238,G1690552P2255238_014444_PL01DF_FTXXX_US1XM1X0XXXHXXXXX_IDIV_F7_7_ISA_DS_P_12,0
P2247468,G1701921P2247468_014444_PL01DF_FTXXX_US1XM1X0XXXHXXXXX_ADDPS_0F58_PROT_OPCOV,0
P2222798,G1683347P2222798_014444_PL01DV_FTXXX_US1XM1X0XXXHXXXXX_BAV_LCK_RMW_X1,0
P2251588,G1688772P2251588_014444_PL01DF_FTXXX_US1XM1X0XXXHXXXXX_DAC_SNOOP_HITBIT20,0
P2494478,G1691642P2494478_014444_PL01DF_FTXXX_US1XM1X2XXXQXXXXX_MOS_MOLLARYM_LB_CAM0_HIT_03_MT1,0
P2246818,G1705907P2246818_014444_PL01DF_FTXXX_US1XM1X0XXXHXXXXX_COMBM2_RAND_KM_RM2_E_4,0
P2502188,G1681534P2502188_014444_PL01DF_FTXXX_US1XM1X2XXXQXXXXX_MOS_MOLLARYM_LB_CAM0_SPHIT_15_MT1,0
P2434076,G1677726P2434076_014444_PL01DF_FTXXX_US1XM1X0XXXHXXXXX_MOS_MOSLARYM_LA_CAM_HIGHBITS_STHIHALF,0
P2255988,G1675867P2255988_014444_PL01DF_FTXXX_US1XM1X0XXXHXXXXX_SETNLE_G_0F9F_MODRM_00_R,0
P2494918,G1681237P2494918_014444_PL01DF_FTXXX_US1XM1X2XXXQXXXXX_MOS_MOLLARYM_LB_CAM0_HIT_09_MT1,0
P2509398,G1677973P2509398_014444_PL01DF_FTXXX_US1XM1X0XXXHXXXXX_TC_FLUSH_ALL_WAYS_SETS192_223,0
P2324578,G1680273P2324578_014444_PL01DF_FTXXX_US1XM1X0XXXHXXXXX_UL1_FT_T0_WCB_UL1_FILLS_ORP_000,0
P2325918,G1671360P2325918_014444_PL01DF_FTXXX_US1XM1X0XXXHXXXXX_DAC_USWC_MASSIVE_LD,0
P2431144,G1690928P2431144_014444_PL01DF_FTXXX_US1XM1X2XXXHXXXXX_LOCKRAND_MT_TOGGLE,0
P2443078,G1682628P2443078_014444_PL01DV_FTXXX_US1XM1X2XXXHXXXXX_BAV_APIC_INTR_DOUBLE_IRR,0
P2243608,G1682535P2243608_014444_PL01DF_FTXXX_US1XM1X0XXXHXXXXX_UL1_MOVE16,0
P2509418,G1697644P2509418_014444_PL01DF_FTXXX_US1XM1X0XXXHXXXXX_TC_FLUSH_ALL_WAYS_SETS224_255,0
P2501358,G1704809P2501358_014444_PL01DF_FTXXX_US1XM1X0XXXHXXXXX_MOS_SATAGARYM_LA_CAM_TAGL_5,0
P2242898,G1709520P2242898_014444_PL01DF_FTXXX_US1XM1X0XXXHXXXXX_T3_0174_TC,0
P2326668,G1676176P2326668_014444_PL01DF_FTXXX_US1XM1X0XXXHXXXXX_DAC_USWC_MASSIVE_RQ_ALLOC_NOINITS,0
P2259918,G1704357P2259918_014444_PL01DF_FTXXX_US1XM1X0XXXHXXXXX_MEU_4KPAGE_SPLIT,0
P2251748,G1688868P2251748_014444_PL01DF_FTXXX_US1XM1X0XXXHXXXXX_DAC_SNOOP_HITBIT27,0
P2245988,G1674641P2245988_014444_PL01DF_FTXXX_US1XM1X0XXXHXXXXX_PAGEA_PROT_PF_CPL1_CPL2_CR0WP_PDEUR_P,0
P2437656,G1702055P2437656_014444_PL01DF_FTXXX_US1XM1X0XXXHXXXXX_TMR_CLEAR_B,0
P2448400,G1693562P2448400_014444_PL01DF_FTXXX_US1XM1X0XXXHXXXXX_EXEC_FT_T0__FRITS_RNDPCKADDSUB_PACKED,0
P2250318,G1692813P2250318_014444_PL01DF_FTXXX_US1XM1X0XXXHXXXXX_DAC_LDST2_2,0
P2481128,G1685439P2481128_014444_PL01DF_FTXXX_US1XM1X1XXXQXXXXX_ITLB_FAULT_LIP,0
P2494778,G1674211P2494778_014444_PL01DF_FTXXX_US1XM1X2XXXHXXXXX_MOS_MOLLARYM_LB_CAM0_HIT_06_MT0,0
P2490548,G1694044P2490548_014444_PL01DF_FTXXX_US1XM1X0XXXHXXXXX_DATAGD_ST_STRB_BITS1_4,0
P2449070,G1653164P2449070_014444_PL01DF_FTXXX_US1XM1X0XXXHXXXXX_EXEC_FT_T0__FRITSFPU_GEN_EXT_ORP_000,0
P2261448,G1694103P2261448_014444_PL01DF_FTXXX_US1XM1X0XXXHXXXXX_EXCEP5_IASM,0
P2433786,G1689823P2433786_014444_PL01DF_FTXXX_US1XM1X0XXXHXXXXX_MITE_CREG_PATCH3_17,0
P2429434,G1706123P2429434_014444_PL01DF_FTXXX_US1XM1X1XXXQXXXXX_MEU_SV_ST1_483116630,0
P2501318,G1691616P2501318_014444_PL01DF_FTXXX_US1XM1X2XXXHXXXXX_MOS_MOLLARYM_LB_CAM0_SPHIT_02_MT0,0
P2249548,G1682808P2249548_014444_PL01DF_FTXXX_US1XM1X0XXXHXXXXX_MMFRZEVTS,0
P2246388,G1679781P2246388_014444_PL01DF_FTXXX_US1XM1X0XXXHXXXXX_FMXD_MIXED2,0
P2262768,G1687729P2262768_014444_PL01DF_FTXXX_US1XM1X0XXXHXXXXX_VERRCHECK_GLOB_CPL2_DPL3_RPL3,0
P2261478,G1690438P2261478_014444_PL01DF_FTXXX_US1XM1X0XXXHXXXXX_ALAL,0
P2498228,G1687983P2498228_014444_PL01DF_FTXXX_US1XM1X0XXXHXXXXX_DATAGD_SNP_STRB_BITS5_8,0
P2437746,G1679184P2437746_014444_PL01DF_FTXXX_US1XM1X0XXXHXXXXX_TMR_CLEAR_G1,0
P2452690,G1690722P2452690_014444_PL01DF_FTXXX_US1XM1X2XXXHXXXXX_TD_PROT_MODE_STRINGS_MT_439643779,0
P2438976,G1686845P2438976_014444_PL01DF_FTXXX_US1XM1X0XXXHXXXXX_TBITNUKE_UOP12,0
P2261178,G1691246P2261178_014444_PL01DF_FTXXX_US1XM1X0XXXHXXXXX_MOB_CUTNPASTE1,0
P2571002,G1697661P2571002_014444_PL01DF_FTXXX_US1XM1X0XXXHXXXXX_CT_ASIZE32_FS_AGU_CARRY_SPECIFIC_2_6,0
P2245018,G1674015P2245018_014444_PL01DF_FTXXX_US1XM1X0XXXHXXXXX_FIRM_FIMRC,0
P2478628,G1701137P2478628_014444_PL01DF_FTXXX_US1XM1X0XXXHXXXXX_MOB_FT_PL0_RHINE_RAND_013,0
P2501258,G1685211P2501258_014444_PL01DF_FTXXX_US1XM1X2XXXHXXXXX_MOS_MOLLARYM_LB_CAM1_SPHIT_00_MT0,0
P2404170,G1683917P2404170_014444_PL01DV_FTXXX_US1XM1X2XXXHXXXXX_BAV_APIC_BUS_LOG_LP,0
P2325068,G1688399P2325068_014444_PL01DF_FTXXX_US1XM1X0XXXHXXXXX_UL1_FT_T0_WOB_SNP_EVICTIONS_ORP_000,0
P2248028,G1692506P2248028_014444_PL01DF_FTXXX_US1XM1X0XXXHXXXXX_SETS_0F98_MODRM_00_P,0
P2570922,G1676391P2570922_014444_PL01DF_FTXXX_US1XM1X0XXXHXXXXX_CT_ASIZE32_FS_AGU_CARRY_SPECIFIC_2_1,0
P2452540,G1684080P2452540_014444_PL01DF_FTXXX_US1XM1X0XXXHXXXXX_FSB_EMON_IOQ_FRZ_DMP,0
P2260298,G1703107P2260298_014444_PL01DF_FTXXX_US1XM1X2XXXHXXXXX_FP_PHE_MT_RAND9,0
P2502518,G1674458P2502518_014444_PL01DF_FTXXX_US1XM1X2XXXHXXXXX_MOS_MOLLARYM_LB_CAM0_SPHIT_21_MT0,0
P2448210,G1685751P2448210_014444_PL01DF_FTXXX_US1XM1X1XXXQXXXXX_UL1_FT_T1_EMON_UL1_REF_NEW_SNP_ORP_00,0
P2324208,G1685729P2324208_014444_PL01DF_FTXXX_US1XM1X0XXXHXXXXX_NWD_BSSNP_MATCH_BSQ_NEW_FG,0
P2246668,G1681068P2246668_014444_PL01DV_FTXXX_US1XM1X0XXXHXXXXX_BAV_READ_RSP_STPCLK,0
P2434016,G1684264P2434016_014444_PL01DF_FTXXX_US1XM1X0XXXHXXXXX_DPU_UL1_LOTSA_INSTR_FETCH_0,0
P2400170,G1709220P2400170_014444_PL01DV_FTXXX_US1XM1X2XXXHXXXXX_BAV_APIC_INIT_REG_3,0
P2471208,G1686719P2471208_014444_PL01DF_FTXXX_US1XM1X0XXXHXXXXX_REX_ALL_MATCH_64B,0
P2496218,G1673211P2496218_014444_PL01DF_FTXXX_US1XM1X2XXXQXXXXX_MOS_MOLLARYM_LB_CAM0_HIT_21_MT1,0
P2430194,G1744362P2430194_014444_PL01DF_FTXXX_US1XM1X2XXXXXXXXX_LOCKRAND_MT_TOGGLE,0
P2498258,G1688767P2498258_014444_PL01DF_FTXXX_US1XM1X0XXXHXXXXX_DATAGD_SNP_STRB_BITS17_20,0
P2252488,G1682096P2252488_014444_PL01DV_FTXXX_US1XM1X0XXXHXXXXX_BAV_PARTIAL1,0
P2262178,G1682356P2262178_014444_PL01DF_FTXXX_US1XM1X0XXXHXXXXX_UXDSEU,0
P2246778,G1703803P2246778_014444_PL01DF_FTXXX_US1XM1X0XXXHXXXXX_COMBM2_RAND_KM_RM3_E_9,0
P2509378,G1680309P2509378_014444_PL01DF_FTXXX_US1XM1X0XXXHXXXXX_TC_FLUSH_ALL_WAYS_SETS160_191,0
P2457724,G1694840P2457724_014444_PL01DF_FTXXX_US1XM1X1XXXQXXXXX_CBP_YTB,0
P2216118,G1677683P2216118_014444_PL01DF_FTXXX_US1XM1X0XXXHXXXXX_SEG_64BIT_FAR_XFER_LIMIT__G0D0__0001,0
P2445120,G1675824P2445120_014444_PL01DF_FTXXX_US1XM1X0XXXHXXXXX_DPU_UL1_RAND_STORE_DATA_2,0
P2253828,G1684290P2253828_014444_PL01DF_FTXXX_US1XM1X2XXXHXXXXX_LOCK_CNT_MT,0
P2448630,G1679800P2448630_014444_PL01DF_FTXXX_US1XM1X2XXXHXXXXX_MODPAGD_PAGE_SPLIT_MT_4,0
P2501868,G1695548P2501868_014444_PL01DF_FTXXX_US1XM1X2XXXHXXXXX_MOS_MOLLARYM_LB_CAM0_SPHIT_11_MT0,0
P2245558,G1673810P2245558_014444_PL01DF_FTXXX_US1XM1X0XXXHXXXXX_DAC_SETHIT_BIT0,0
P2254138,G1684245P2254138_014444_PL01DF_FTXXX_US1XM1X0XXXHXXXXX_MOV_0F20_ISA_DS_P_01,0
P2442918,G1672334P2442918_014444_PL01DF_FTXXX_US1XM1X0XXXHXXXXX_ISMATCHN_PATTERN_MASK_4_5,0
P2468204,G1701756P2468204_014444_PL01DF_FTXXX_US1XM1X0XXXHXXXXX_PMH_FT_RHINE_RAND_006,0
P2513288,G1702397P2513288_014444_PL01DF_FTXXX_US1XM1X2XXXHXXXXX_TC_FLUSH_ALL_WAYS_MT_5,0
P2380730,G1687023P2380730_014444_PL01DF_FTXXX_US1XM1X0XXXHXXXXX_CREG_READ_WRITE_WRITE_SELFCHECK,0
P2434836,G1686755P2434836_014444_PL01DF_FBXXX_US1XM1X2XXXHXXXXX_S_MART_RANDOM_339927,0
P2212418,G1681966P2212418_014444_PL01DF_FTXXX_US1XM1X0XXXHXXXXX_YT_BKPT_REG_ACCESS,0
P2246608,G1704192P2246608_014444_PL01DF_FTXXX_US1XM1X0XXXHXXXXX_COMBM2_RAND_KM_RM1_E_2,0
P2245588,G1674583P2245588_014444_PL01DF_FTXXX_US1XM1X0XXXHXXXXX_DAC_SETHIT_BIT1,0
P2478658,G1701786P2478658_014444_PL01DF_FTXXX_US1XM1X0XXXHXXXXX_MOB_FT_PL1_RHINE_RAND_016,0
P2247658,G1694282P2247658_014444_PL01DF_FTXXX_US1XM1X0XXXHXXXXX_FSEBC_REQEVTMSK,0
P2480108,G1678525P2480108_014444_PL01DF_FTXXX_US1XM1X0XXXHXXXXX_MOS_SAAT_EMON_BASIC_12,0
P2326268,G1683432P2326268_014444_PL01DF_FBXXX_US1XM1X0XXXHXXXXX_T3THR_RCPPS,0
P2326458,G1703515P2326458_014444_PL01DF_FTXXX_US1XM1X0XXXHXXXXX_T3THR_NB4220_MEM_WRITE,0
P2440756,G1671606P2440756_014444_PL01DF_FTXXX_US1XM1X1XXXQXXXXX_UPPER_MEM_CALL_RET,0
P2502658,G1685550P2502658_014444_PL01DF_FTXXX_US1XM1X2XXXHXXXXX_MOS_MOLLARYM_LB_CAM1_SPHIT_24_MT0,0
P2245468,G1682238P2245468_014444_PL01DF_FTXXX_US1XM1X0XXXHXXXXX_FLSF5,0
P2431164,G1677261P2431164_014444_PL01DF_FTXXX_US1XM1X2XXXHXXXXX_LOCKRAND_MT_TOGGLE,0
P2246478,G1705636P2246478_014444_PL01DF_FTXXX_US1XM1X0XXXHXXXXX_COMBM2_RAND_KM_RM2_E_6,0
P2501548,G1690657P2501548_014444_PL01DF_FTXXX_US1XM1X2XXXHXXXXX_MOS_MOLLARYM_LB_CAM0_SPHIT_06_MT0,0
P2262118,G1671066P2262118_014444_PL01DF_FTXXX_US1XM1X0XXXHXXXXX_TR7FLUSH,0
P2325078,G1692496P2325078_014444_PL01DF_FTXXX_US1XM1X0XXXHXXXXX_UL1_FT_T0_WCB_UL1_FILLS_ORP_001,0
P2496308,G1682312P2496308_014444_PL01DF_FTXXX_US1XM1X2XXXHXXXXX_MOS_MOLLARYM_LB_CAM1_HIT_23_MT0,0
P2256388,G1703038P2256388_014444_PL01DF_FTXXX_US1XM1X0XXXHXXXXX_NEWTASK_BACKLINK_EXCEPTION,0
P2465214,G1693594P2465214_014444_PL01DF_FTXXX_US1XM1X0XXXHXXXXX_BTB_LOFFM_DEALLOCATION_LOGIC,0
P2431084,G1683460P2431084_014444_PL01DF_FTXXX_US1XM1X2XXXHXXXXX_LOCKRAND_MT_TOGGLE,0
P2468094,G1700404P2468094_014444_PL01DF_FTXXX_US1XM1X0XXXHXXXXX_MOB_FT_RHINE_RAND_001,0
P2378990,G1688748P2378990_014444_PL01DF_FTXXX_US1XM1X0XXXHXXXXX_CREG_3WRITE_3READ_SELFCHECK,0
P2329678,G1693566P2329678_014444_PL01DF_FTXXX_US1XM1X0XXXHXXXXX_DAC_SNOOP_HITHIGH32,0
P2513238,G1693117P2513238_014444_PL01DF_FTXXX_US1XM1X2XXXHXXXXX_TC_FLUSH_ALL_WAYS_MT_3,0
P2246698,G1681852P2246698_014444_PL01DF_FTXXX_US1XM1X0XXXHXXXXX_COMBM2_RAND_KM_RM3_E_7,0
P2255188,G1703329P2255188_014444_PL01DF_FTXXX_US1XM1X0XXXHXXXXX_PM_CPL2_IOPL3_IN_OUT,0
P2509428,G1678335P2509428_014444_PL01DF_FTXXX_US1XM1X1XXXQXXXXX_TC_FLUSH_ALL_WAYS_SETS224_255,0
P2496828,G1680292P2496828_014444_PL01DF_FTXXX_US1XM1X2XXXHXXXXX_MOS_MOLLARYM_LB_CAM1_HIT_35_MT0,0
P2326778,G1682020P2326778_014444_PL01DF_FTXXX_US1XM1X0XXXHXXXXX_DAC_USWC_MASSIVE_WC,0
P2445250,G1675749P2445250_014444_PL01DF_FTXXX_US1XM1X0XXXHXXXXX_DPU_UL1_RAND_STORE_DATA_15,0
P2478708,G1680203P2478708_014444_PL01DF_FTXXX_US1XM1X0XXXHXXXXX_SAAT_FT_PL0_RHINE_RAND_011,0
P2470576,G1694262P2470576_014444_PL01DF_FTXXX_US1XM1X1XXXQXXXXX_FG_MSIMMD_STAR_CS_SS,0
P2430704,G1677684P2430704_014444_PL01DF_FTXXX_US1XM1X2XXXHXXXXX_LOCKRAND_MT_TOGGLE,0
P2502598,G1692373P2502598_014444_PL01DF_FTXXX_US1XM1X2XXXHXXXXX_MOS_MOLLARYM_LB_CAM0_SPHIT_23_MT0,0
P2246218,G1705755P2246218_014444_PL01DF_FTXXX_US1XM1X0XXXHXXXXX_COMBM2_RAND_KM_RM1_E_10,0
P2323978,G1688332P2323978_014444_PL01DF_FTXXX_US1XM1X0XXXHXXXXX_CORRECTEDDATA,0
P2479478,G1691166P2479478_014444_PL01DF_FTXXX_US1XM1X0XXXHXXXXX_DAC_FT_PL1_RHINE_RAND_014,0
P2401514,G1681195P2401514_014444_PL01DF_FTXXX_US1XM1X0XXXHXXXXX_EMON_ACCESS,0
P2430794,G1692691P2430794_014444_PL01DF_FTXXX_US1XM1X2XXXHXXXXX_LOCKRAND_MT_TOGGLE,0
P2252528,G1649827P2252528_014444_PL01DF_FTXXX_US1XM1X0XXXHXXXXX_DAC_SNOOP_HITMOREBIT33,0
P2323968,G1683582P2323968_014444_PL01DF_FTXXX_US1XM1X0XXXHXXXXX_FUNC_EVTEBC,0
P2252008,G1683550P2252008_014444_PL01DF_FTXXX_US1XM1X0XXXHXXXXX_DAC_SNOOP_HITMOREBIT14,0
P2244968,G1706607P2244968_014444_PL01DF_FTXXX_US1XM1X0XXXHXXXXX_SAAT_DRCAM_HIT_ST3_FT_T1,0
P2445240,G1691537P2445240_014444_PL01DF_FTXXX_US1XM1X0XXXHXXXXX_DPU_UL1_RAND_STORE_DATA_14,0
P2498198,G1650828P2498198_014444_PL01DF_FTXXX_US1XM1X0XXXHXXXXX_DATAGD_SNP_LDRB_BITS25_28,0
P2255448,G1704478P2255448_014444_PL01DF_FTXXX_US1XM1X0XXXHXXXXX_SEG_PRIVILEGE__INT_N__0020,0
P2494808,G1694547P2494808_014444_PL01DF_FTXXX_US1XM1X2XXXQXXXXX_MOS_MOLLARYM_LB_CAM1_HIT_06_MT1,0
P2490518,G1683994P2490518_014444_PL01DF_FTXXX_US1XM1X0XXXHXXXXX_DATAGD_ST_LDRB_BITS21_24,0
P2242588,G1682272P2242588_014444_PL01DF_FTXXX_US1XM1X0XXXHXXXXX_T3_0022,0
P2245378,G1685621P2245378_014444_PL01DF_FTXXX_US1XM1X0XXXHXXXXX_FLSF2,0
P2415882,G1709677P2415882_014444_PL01DV_FTXXX_US1XM1X2XXXHXXXXX_BAV_APIC_INIT_REG_3,0
P2434046,G1681461P2434046_014444_PL01DF_FTXXX_US1XM1X0XXXHXXXXX_MOS_MOSLARYM_LA_CAM_HIGHBITS_LDHIHALF,0
P2431054,G1686079P2431054_014444_PL01DF_FTXXX_US1XM1X2XXXHXXXXX_LOCKRAND_MT_TOGGLE,0
P2253738,G1681166P2253738_014444_PL01DF_FTXXX_US1XM1X0XXXHXXXXX_POP_5C_PROT_OPCOV_SHORT,0
P2571012,G1684702P2571012_014444_PL01DF_FTXXX_US1XM1X0XXXHXXXXX_CT_ASIZE32_FS_AGU_CARRY_SPECIFIC_2_7,0
P2495428,G1679549P2495428_014444_PL01DF_FTXXX_US1XM1X2XXXHXXXXX_MOS_MOLLARYM_LB_CAM0_HIT_18_MT0,0
P2244808,G1680045P2244808_014444_PL01DF_FTXXX_US1XM1X0XXXHXXXXX_MEU_PMH_FIXED_MTRR_MISS_UC_8,0
P2475808,G1692852P2475808_014444_PL01DF_FTXXX_US1XM1X2XXXHXXXXX_MITE_MT_CISC3,0
P2242568,G1685163P2242568_014444_PL01DF_FTXXX_US1XM1X0XXXHXXXXX_FSAVE_RSTOR,0
P2465274,G1683058P2465274_014444_PL01DF_FTXXX_US1XM1X0XXXHXXXXX_BTB_LOFFM_DEALLOCATION_LOGIC_1_TC_OFF,0
P2503148,G1696177P2503148_014444_PL01DF_FTXXX_US1XM1X2XXXQXXXXX_MOS_MOLLARYM_LB_CAM0_SPHIT_36_MT1,0
P2324928,G1695786P2324928_014444_PL01DF_FTXXX_US1XM1X0XXXHXXXXX_PMH_FT_T0__FRITS_C2M_PW_PWUW_ORP_000,0
P2496498,G1680113P2496498_014444_PL01DF_FTXXX_US1XM1X2XXXQXXXXX_MOS_MOLLARYM_LB_CAM0_HIT_28_MT1,0
P2252988,G1684059P2252988_014444_PL01DF_FTXXX_US1XM1X0XXXHXXXXX_PAGEA_ADV_G_CR3_LD_ITLB_SPLIT,0
P2471198,G1691905P2471198_014444_PL01DF_FTXXX_US1XM1X0XXXHXXXXX_IS_PREFIX_REX_66_F3_F2,0
P2494868,G1684632P2494868_014444_PL01DF_FTXXX_US1XM1X2XXXQXXXXX_MOS_MOLLARYM_LB_CAM0_HIT_08_MT1,0
P2379250,G1684636P2379250_014444_PL01DF_FTXXX_US1XM1X0XXXHXXXXX_CREG_3WRITE_SLEEP_3READ_SELFCHECK,0
P2396234,G1672454P2396234_014444_PL01DF_FTXXX_US1XM1X0XXXHXXXXX_CREVDETD_MULTEVENTS_T1_2,0
P2260248,G1702963P2260248_014444_PL01DF_FTXXX_US1XM1X2XXXHXXXXX_FP_PHE_MT_RAND4,0
P2338436,G1681846P2338436_014444_PL01DF_FTXXX_US1XM1X0XXXHXXXXX_PMH_FT_T0__ACE_4M_PDC_PWTYPE_EVENTS_O,0
P2571062,G1689482P2571062_014444_PL01DF_FTXXX_US1XM1X0XXXHXXXXX_CT_ASIZE32_FS_AGU_CARRY_SPECIFIC_2_11,0
P2222608,G1681243P2222608_014444_PL01DV_FTXXX_US1XM1X0XXXHXXXXX_SNOOP_HITM2,0
P2250178,G1701359P2250178_014444_PL01DF_FTXXX_US1XM1X0XXXHXXXXX_FA_DIRECTED_SUBD_VD,0
P2479838,G1678945P2479838_014444_PL01DF_FTXXX_US1XM1X0XXXHXXXXX_MOS_MOB_EMON_BASIC_07,0
P2449400,G1697192P2449400_014444_PL01DF_FTXXX_US1XM1X0XXXHXXXXX_YT3_PREFQ_T0,0
P2509338,G1691678P2509338_014444_PL01DF_FTXXX_US1XM1X0XXXHXXXXX_TC_FLUSH_ALL_WAYS_SETS96_127,0
P2504438,G1683939P2504438_014444_PL01DF_FTXXX_US1XM1X1XXXQXXXXX_MOS_SASEGARYM_FLASHCOPY_FDS_HIGHBITS_,0
P2326158,G1685186P2326158_014444_PL01DF_FBXXX_US1XM1X0XXXHXXXXX_T3THR_NB4_056_DIVPS,0
P2468004,G1679817P2468004_014444_PL01DF_FTXXX_US1XM1X0XXXHXXXXX_DAC_FT_RHINE_RAND_002,0
P2430804,G1690048P2430804_014444_PL01DF_FTXXX_US1XM1X0XXXHXXXXX_URDR_UWDR_CONFLICTS_DIFFJMPS,0
P2447240,G1682702P2447240_014444_PL01DF_FBXXX_US1XM1X0XXXHXXXXX_FUNC_TAGERR,0
P2248528,G1684298P2248528_014444_PL01DF_FTXXX_US1XM1X0XXXHXXXXX_PSUBD_660FFA_REAL_OPCOV,0
P2261548,G1690814P2261548_014444_PL01DF_FTXXX_US1XM1X0XXXHXXXXX_PXXNUM,0
P2223158,G1678157P2223158_014444_PL01DV_FTXXX_US1XM1X0XXXHXXXXX_BAV_SNOOP_HIT3_POC_IOQ1D,0
P2495318,G1695422P2495318_014444_PL01DF_FTXXX_US1XM1X2XXXQXXXXX_MOS_MOLLARYM_LB_CAM0_HIT_15_MT1,0
P2478608,G1701424P2478608_014444_PL01DF_FTXXX_US1XM1X0XXXHXXXXX_MOB_FT_PL0_RHINE_RAND_011,0
P2246438,G1681927P2246438_014444_PL01DF_FTXXX_US1XM1X0XXXHXXXXX_COMBM2_RAND_KM_RM3_E_10,0
P2396154,G1684068P2396154_014444_PL01DF_FTXXX_US1XM1X0XXXHXXXXX_CREVDETD_MULTEVENTS_T1_5,0
P2249758,G1684547P2249758_014444_PL01DF_FTXXX_US1XM1X0XXXHXXXXX_COMB_MMX_DFP_WOX,0
P2433826,G1693416P2433826_014444_PL01DF_FTXXX_US1XM1X1XXXQXXXXX_BPI_YTADDRESS_LOGIC_T1,0
P2262678,G1679948P2262678_014444_PL01DF_FTXXX_US1XM1X0XXXHXXXXX_LSLCHECK_GLOB_CPL2_DPL3_RPL1,0
P2243088,G1703124P2243088_014444_PL01DF_FTXXX_US1XM1X0XXXHXXXXX_T3_0314,0
P2325168,G1679899P2325168_014444_PL01DF_FTXXX_US1XM1X0XXXHXXXXX_PMH_FT_T0__FRITS_B4M_PWE_DATASIZE_ORP,0
P2212238,G1683958P2212238_014444_PL01DF_FTXXX_US1XM1X0XXXHXXXXX_BF_M4_MOVDDUP,0
P2338346,G1676530P2338346_014444_PL01DF_FTXXX_US1XM1X0XXXHXXXXX_PMH_FT_T0__PAGETABLE_UC_ORP_000,0
P2259248,G1683295P2259248_014444_PL01DF_FTXXX_US1XM1X2XXXHXXXXX_RRRR_UMPREDS_RRRR_MPRED_REPLAY_MIX_MT,0
P2429334,G1690045P2429334_014444_PL01DF_FTXXX_US1XM1X0XXXHXXXXX_MS_CS_SS_EIP_STAR,0
P2468174,G1698024P2468174_014444_PL01DF_FTXXX_US1XM1X0XXXHXXXXX_PMH_FT_RHINE_RAND_002,0
P2323888,G1683979P2323888_014444_PL01DF_FTXXX_US1XM1X0XXXHXXXXX_TD_PNG_BLIP0_BIT27,0
P2430854,G1699351P2430854_014444_PL01DF_FTXXX_US1XM1X2XXXHXXXXX_LOCKRAND_MT_TOGGLE,0
P2397524,G1710133P2397524_014444_PL01DV_FTXXX_US1XM1X2XXXHXXXXX_BAV_APIC_INTR_PMON_SMI,0
P2259008,G1702961P2259008_014444_PL01DF_FTXXX_US1XM1X0XXXHXXXXX_MEU_ST_FWD,0
P2442748,G1701009P2442748_014444_PL01DF_FTXXX_US1XM1X2XXXHXXXXX_FSPIMUX5,0
P2501688,G1681471P2501688_014444_PL01DF_FTXXX_US1XM1X2XXXHXXXXX_MOS_MOLLARYM_LB_CAM0_SPHIT_09_MT0,0
P2222838,G1682590P2222838_014444_PL01DV_FTXXX_US1XM1X0XXXHXXXXX_BAV_ARB_SYM_AGENT,0
P2252898,G1680131P2252898_014444_PL01DF_FTXXX_US1XM1X0XXXHXXXXX_MEU_PMH_FT_PDECCH_TOGGLE_ATR,0
P2502888,G1693150P2502888_014444_PL01DF_FTXXX_US1XM1X2XXXHXXXXX_MOS_MOLLARYM_LB_CAM0_SPHIT_30_MT0,0
P2262628,G1680226P2262628_014444_PL01DF_FTXXX_US1XM1X0XXXHXXXXX_VERRCHECK_GLOB_CPL2_DPL3_RPL1,0
P2498218,G1685340P2498218_014444_PL01DF_FTXXX_US1XM1X0XXXHXXXXX_DATAGD_SNP_STRB_BITS1_4,0
P2502148,G1681174P2502148_014444_PL01DF_FTXXX_US1XM1X2XXXQXXXXX_MOS_MOLLARYM_LB_CAM0_SPHIT_14_MT1,0
P2467184,G1683281P2467184_014444_PL01DF_FTXXX_US1XM1X0XXXHXXXXX_DPU_DATAGM_0_7_0,0
P2442858,G1680505P2442858_014444_PL01DF_FTXXX_US1XM1X0XXXHXXXXX_ISMATCHN_PATTERN_MASK_0_5,0
P2260418,G1685099P2260418_014444_PL01DF_FTXXX_US1XM1X0XXXHXXXXX_TC_EMON,0
P2474178,G1690366P2474178_014444_PL01DF_FTXXX_US1XM1X0XXXHXXXXX_MITE_MT_CALL_RET_SMC,0
P2262618,G1692395P2262618_014444_PL01DF_FTXXX_US1XM1X0XXXHXXXXX_LSLCHECK_LOC_CPL2_DPL2_RPL2,0
P2246408,G1702996P2246408_014444_PL01DV_FTXXX_US1XM1X0XXXHXXXXX_BAV_LCK_PART_COMB_4,0
P2513228,G1695103P2513228_014444_PL01DF_FTXXX_US1XM1X2XXXHXXXXX_TC_FLUSH_ALL_WAYS_MT_2,0
P2244938,G1710514P2244938_014444_PL01DF_FTXXX_US1XM1X0XXXHXXXXX_SAAT_DRCAM_HIT_ST3_FT_T0,0
P2468014,G1698188P2468014_014444_PL01DF_FTXXX_US1XM1X0XXXHXXXXX_DAC_FT_RHINE_RAND_003,0
P2260558,G1674835P2260558_014444_PL01DF_FTXXX_US1XM1X0XXXHXXXXX_BENCHMARK_SEGREN_PROTMODE03_ASSIST,0
P2253538,G1703726P2253538_014444_PL01DF_FTXXX_US1XM1X0XXXHXXXXX_V86_IOBMP,0
P2245408,G1678064P2245408_014444_PL01DF_FTXXX_US1XM1X0XXXHXXXXX_FLSF3,0
P2252678,G1673701P2252678_014444_PL01DF_FTXXX_US1XM1X0XXXHXXXXX_DAC_STHITLD_BITS11_23,0
P2253908,G1703289P2253908_014444_PL01DF_FTXXX_US1XM1X0XXXHXXXXX_POPA_61_PROT_OPCOV_SHORT,0
P2251108,G1650975P2251108_014444_PL01DV_FTXXX_US1XM1X0XXXHXXXXX_BAV_NO_APIC_SMI_INIT,0
P2246098,G1704255P2246098_014444_PL01DF_FTXXX_US1XM1X0XXXHXXXXX_COMBM2_RAND_KM_RM1_E_9,0
P2326848,G1682169P2326848_014444_PL01DF_FTXXX_US1XM1X0XXXHXXXXX_T3THR_T909T913_MULPDDIVPDF2XM1,0
P2254608,G1682295P2254608_014444_PL01DF_FTXXX_US1XM1X0XXXHXXXXX_EXC_PUSH_CALL_PAGEAD_PFFLT,0
P2245008,G1677538P2245008_014444_PL01DF_FTXXX_US1XM1X0XXXHXXXXX_FMXD_INT9,0
P2502558,G1681206P2502558_014444_PL01DF_FTXXX_US1XM1X2XXXHXXXXX_MOS_MOLLARYM_LB_CAM0_SPHIT_22_MT0,0
P2249718,G1703079P2249718_014444_PL01DF_FTXXX_US1XM1X0XXXHXXXXX_COMB_FP_WOX_DFP_WOX,0
P2430184,G1688282P2430184_014444_PL01DF_FTXXX_US1XM1X2XXXHXXXXX_LOCKRAND_MT_TOGGLE,0
P2343130,G1672489P2343130_014444_PL01DF_FTXXX_US1XM1X0XXXHXXXXX_MS_PATCH_EXCL_ACC,0
P2256928,G1691669P2256928_014444_PL01DF_FTXXX_US1XM1X0XXXHXXXXX_FP_OPCODE_PREFIX_PROT_MODE,0
P2248488,G1697433P2248488_014444_PL01DF_FTXXX_US1XM1X0XXXHXXXXX_INVALID_F30FAE_6_REAL_OPCOV_PREFIX_SH,0
P2478738,G1701834P2478738_014444_PL01DF_FTXXX_US1XM1X0XXXHXXXXX_SAAT_FT_PL1_RHINE_RAND_014,0
P2494938,G1682919P2494938_014444_PL01DF_FTXXX_US1XM1X2XXXQXXXXX_MOS_MOLLARYM_LB_CAM1_HIT_09_MT1,0
P2249558,G1706247P2249558_014444_PL01DF_FTXXX_US1XM1X0XXXHXXXXX_COMBM2_RAND_KM_RM1_E_7,0
P2243948,G1703010P2243948_014444_PL01DF_FTXXX_US1XM1X0XXXHXXXXX_WE_0042,0
P2434166,G1681649P2434166_014444_PL01DF_FTXXX_US1XM1X0XXXHXXXXX_MOS_MOSLARYM_SMC_PA_CAM_BITS_1_00,0
P2508788,G1686471P2508788_014444_PL01DF_FTXXX_US1XM1X0XXXHXXXXX_TC_ALL_WAYS_SETS0_63,0
P2490418,G1688007P2490418_014444_PL01DF_FTXXX_US1XM1X0XXXHXXXXX_DATAGD_LD_STRB_BITS13_16,0
P2245888,G1674566P2245888_014444_PL01DF_FTXXX_US1XM1X0XXXHXXXXX_DAC_SNOOP_HITBIT13,0
P2479348,G1698648P2479348_014444_PL01DF_FTXXX_US1XM1X0XXXHXXXXX_PMH_FT_PL0_RHINE_RAND_011,0
P2259758,G1690288P2259758_014444_PL01DF_FTXXX_US1XM1X0XXXHXXXXX_FP_TST_XAM_FREE,0
P2445530,G1673371P2445530_014444_PL01DF_FTXXX_US1XM1X0XXXHXXXXX_MITE_ISCREG_MATCH3,0
P2255128,G1703598P2255128_014444_PL01DF_FTXXX_US1XM1X0XXXHXXXXX_PM_CPL0_IOPL0_IN_OUT,0
P2480168,G1690627P2480168_014444_PL01DF_FTXXX_US1XM1X0XXXHXXXXX_MOS_SAAT_EMON_BASIC_01,0
P2326068,G1707299P2326068_014444_PL01DF_FTXXX_US1XM1X0XXXHXXXXX_T3THR_NB2214_FLDLN2,0
P2251248,G1690922P2251248_014444_PL01DV_FTXXX_US1XM1X0XXXHXXXXX_BAV_APIC_MP_INIT_POC_1,0
P2324598,G1675818P2324598_014444_PL01DF_FTXXX_US1XM1X0XXXHXXXXX_UL1_FT_T0_WCB_SNOOP_EVICTIONS_ORP_001,0
P2571132,G1682162P2571132_014444_PL01DF_FTXXX_US1XM1X0XXXHXXXXX_CT_ASIZE32_FS_AGU_CARRY_SPECIFIC_2_15,0
P2496458,G1692851P2496458_014444_PL01DF_FTXXX_US1XM1X2XXXQXXXXX_MOS_MOLLARYM_LB_CAM0_HIT_27_MT1,0
P2463564,G1684543P2463564_014444_PL01DF_FTXXX_US1XM1X0XXXHXXXXX_DPU_PMDPCREGM_PDPTR,0
P2445260,G1687030P2445260_014444_PL01DF_FTXXX_US1XM1X0XXXHXXXXX_DPU_UL1_RAND_STORE_DATA_16,0
P2503778,G1686553P2503778_014444_PL01DF_FTXXX_US1XM1X1XXXQXXXXX_FG_TBPU_TBSHIFTM,0
P2254828,G1683210P2254828_014444_PL01DF_FTXXX_US1XM1X0XXXHXXXXX_PAGEC2M_LINEAR_A_ASSIST_SPLIT,0
P2325158,G1688515P2325158_014444_PL01DF_FTXXX_US1XM1X1XXXQXXXXX_PMH_FT_T1__FRITS_C2M_RW_VARMTRR_ORP_0,0
P2244858,G1684842P2244858_014444_PL01DF_FTXXX_US1XM1X0XXXHXXXXX_FMXD_INT3,0
P2471008,G1677623P2471008_014444_PL01DF_FTXXX_US1XM1X0XXXHXXXXX_FIX_MTRR_LOOKUP,0
P2253858,G1673317P2253858_014444_PL01DF_FTXXX_US1XM1X0XXXHXXXXX_SEG_DESC_FETCH_LIMIT_LDT,0
P2468104,G1696388P2468104_014444_PL01DF_FTXXX_US1XM1X0XXXHXXXXX_MOB_FT_RHINE_RAND_002,0
P2388678,G1682016P2388678_014444_PL01DF_FTXXX_US1XM1X0XXXHXXXXX_T3THR_NE1_038_DAC,0
P2447110,G1683387P2447110_014444_PL01DF_FTXXX_US1XM1X2XXXHXXXXX_CRRPLQD_FT_MT_LOCK_REPLAY,0
P2253638,G1691232P2253638_014444_PL01DF_FTXXX_US1XM1X0XXXHXXXXX_COMBM2_RAND_KM_RM1_E_3,0
P2429534,G1686942P2429534_014444_PL01DF_FTXXX_US1XM1X2XXXHXXXXX_TD_PROT_MODE_STRINGS_MT_097824428,0
P2243108,G1703962P2243108_014444_PL01DF_FTXXX_US1XM1X0XXXHXXXXX_T3_0182,0
P2431224,G1744259P2431224_014444_PL01DF_FTXXX_US1XM1X2XXXXXXXXX_LOCKRAND_MT_TOGGLE,0
P2251788,G1683260P2251788_014444_PL01DF_FTXXX_US1XM1X0XXXHXXXXX_DAC_SNOOP_HITBIT29,0
P2244658,G1687592P2244658_014444_PL01DF_FTXXX_US1XM1X0XXXHXXXXX_MEU_PMH_FIXED_MTRR_MISS_UC_1,0
P2495118,G1672080P2495118_014444_PL01DF_FTXXX_US1XM1X2XXXHXXXXX_MOS_MOLLARYM_LB_CAM1_HIT_10_MT0,0
P2256518,G1703071P2256518_014444_PL01DF_FTXXX_US1XM1X0XXXHXXXXX_LDT_NOTPRESENT_INT_TS_EXCEPTION,0
P2434876,G1681412P2434876_014444_PL01DF_FBXXX_US1XM1X2XXXHXXXXX_S_MART_RANDOM_339935,0
P2243458,G1649895P2243458_014444_PL01DF_FTXXX_US1XM1X0XXXHXXXXX_PAGEB4K_ALIASED_PDE_A_ID_PTE_D_ASSIST,0
P2244778,G1690381P2244778_014444_PL01DF_FTXXX_US1XM1X0XXXHXXXXX_FMXD_MMX7,0
P2471738,G1680065P2471738_014444_PL01DF_FTXXX_US1XM1X1XXXQXXXXX_BTB_1CALLRET_AAAA_LOGIC,0
P2422642,G1693923P2422642_014444_PL01DF_FTXXX_US1XM1X1XXXQXXXXX_FSB_CREG_SET3_T1,0
P2260278,G1680707P2260278_014444_PL01DF_FTXXX_US1XM1X2XXXHXXXXX_FP_PHE_MT_RAND7,0
P2217478,G1693003P2217478_014444_PL01DF_FTXXX_US1XM1X0XXXHXXXXX_ADDRESSING_REGISTER_COMBINATIONS_64BI,0
P2380500,G1682827P2380500_014444_PL01DF_FTXXX_US1XM1X0XXXHXXXXX_CREG_READ_WRITE_WRITE_SELFCHECK,0
P2473928,G1694747P2473928_014444_PL01DF_FTXXX_US1XM1X0XXXHXXXXX_PAGE_NONCANONICAL_GP_PF,0
P2245478,G1685597P2245478_014444_PL01DF_FTXXX_US1XM1X0XXXHXXXXX_V86_SYSENTER,0
P2381000,G1680412P2381000_014444_PL01DF_FTXXX_US1XM1X0XXXHXXXXX_CREG_SLEEP_3WRITE_3READ_SELFCHECK,0
P2490558,G1677922P2490558_014444_PL01DF_FTXXX_US1XM1X0XXXHXXXXX_DATAGD_ST_STRB_BITS5_8,0
P2382500,G1691165P2382500_014444_PL01DF_FTXXX_US1XM1X0XXXHXXXXX_CREG_WRITE_READ_WRITE_SELFCHECK,0
P2324548,G1682324P2324548_014444_PL01DF_FTXXX_US1XM1X0XXXHXXXXX_NWD_BSQD_PREF_DMP_FG,0
P2471578,G1681630P2471578_014444_PL01DF_FTXXX_US1XM1X0XXXHXXXXX_BTB_1CALLRET_00FF_LOGIC,0
P2430974,G1676049P2430974_014444_PL01DF_FTXXX_US1XM1X2XXXHXXXXX_LOCKRAND_MT_TOGGLE,0
P2326888,G1682996P2326888_014444_PL01DF_FTXXX_US1XM1X0XXXHXXXXX_DAC_FILLQ_NOINITS_REV2,0
P2247088,G1690305P2247088_014444_PL01DF_FTXXX_US1XM1X0XXXHXXXXX_SBB_83_3_ISA_DS_P_02,0
P2252348,G1684040P2252348_014444_PL01DF_FTXXX_US1XM1X0XXXHXXXXX_DAC_SNOOP_HITMOREBIT27,0
P2244238,G1695356P2244238_014444_PL01DF_FTXXX_US1XM1X0XXXHXXXXX_FMXD_ARITH9,0
P2496558,G1687086P2496558_014444_PL01DF_FTXXX_US1XM1X2XXXQXXXXX_MOS_MOLLARYM_LB_CAM1_HIT_29_MT1,0
P2494988,G1691275P2494988_014444_PL01DF_FTXXX_US1XM1X2XXXHXXXXX_MOS_MOLLARYM_LB_CAM0_HIT_10_MT0,0
P2430174,G1677513P2430174_014444_PL01DF_FTXXX_US1XM1X2XXXHXXXXX_LOCKRAND_MT_TOGGLE,0
P2430654,G1700162P2430654_014444_PL01DF_FTXXX_US1XM1X2XXXHXXXXX_LOCKRAND_MT_TOGGLE,0
P2480138,G1689686P2480138_014444_PL01DF_FTXXX_US1XM1X0XXXHXXXXX_MOS_SAAT_EMON_BASIC_15,0
P2431014,G1679393P2431014_014444_PL01DF_FTXXX_US1XM1X0XXXHXXXXX_BPBTPRTGUTBS_UTBITS31TO17,0
P2247718,G1682690P2247718_014444_PL01DF_FTXXX_US1XM1X0XXXHXXXXX_FSBMATCH_MISMATCHBITS,0
P2249578,G1705283P2249578_014444_PL01DF_FTXXX_US1XM1X0XXXHXXXXX_COMB_DFP_WOX_FP_WOX,0
P2477238,G1693703P2477238_014444_PL01DF_FTXXX_US1XM1X0XXXHXXXXX_FG_MSIMMD_CREG_CSTAR_CS_UOP1,0
P2341986,G1730943P2341986_014444_PL01DF_FTXXX_US1XM1X0XXXXXXXXX_IQ_EMON,0
P2433816,G1683250P2433816_014444_PL01DF_FTXXX_US1XM1X0XXXHXXXXX_BPI_YTADDRESS_LOGIC_T0,0
P2446400,G1697501P2446400_014444_PL01DF_FTXXX_US1XM1X2XXXHXXXXX_RIPREL_LOADS_STORES,0
P2255068,G1682258P2255068_014444_PL01DF_FTXXX_US1XM1X0XXXHXXXXX_FSINCOSPTAN,0
P2448890,G1697850P2448890_014444_PL01DF_FTXXX_US1XM1X0XXXHXXXXX_PMH_FT_T0__FRITS_B4M_PWE_IN_2ESCRS_RA,0
P2244748,G1694176P2244748_014444_PL01DF_FTXXX_US1XM1X0XXXHXXXXX_FMXD_MMX5,0
P2429494,G1703607P2429494_014444_PL01DF_FTXXX_US1XM1X0XXXHXXXXX_MEU_SV_ST0_731660486,0
P2463734,G1704881P2463734_014444_PL01DF_FTXXX_US1XM1X2XXXHXXXXX_TD_PROT_MODE_CALL_RET_MT_981640028,0
P2326618,G1693623P2326618_014444_PL01DF_FTXXX_US1XM1X0XXXHXXXXX_BSL1QS_SNP,0
P2471038,G1683632P2471038_014444_PL01DF_FTXXX_US1XM1X0XXXHXXXXX_FIX_MTRR_LOOKUP,0
P2468414,G1682472P2468414_014444_PL01DF_FTXXX_US1XM1X0XXXHXXXXX_UL1_FT_RHINE_RAND_009,0
P2329992,G1689960P2329992_014444_PL01DF_FBXXX_US1XM1X0XXXHXXXXX_T3THR_POSTD4,0
P2288798,G1693811P2288798_014444_PL01DF_FTXXX_US1XM1X2XXXHXXXXX_FEC_UAV_RANDOM_271179177,0
P2468224,G1683279P2468224_014444_PL01DF_FTXXX_US1XM1X0XXXHXXXXX_PMH_FT_RHINE_RAND_008,0
P2503088,G1679064P2503088_014444_PL01DF_FTXXX_US1XM1X2XXXHXXXXX_MOS_MOLLARYM_LB_CAM0_SPHIT_35_MT0,0
P2478798,G1692325P2478798_014444_PL01DF_FTXXX_US1XM1X0XXXHXXXXX_SAAT_FT_PL2_RHINE_RAND_020,0
P2502338,G1681638P2502338_014444_PL01DF_FTXXX_US1XM1X2XXXHXXXXX_MOS_MOLLARYM_LB_CAM1_SPHIT_16_MT0,0
P2248938,G1698595P2248938_014444_PL01DF_FTXXX_US1XM1X0XXXHXXXXX_UNPCKHPS_0F15_REAL_OPCOV,0
P2324088,G1692010P2324088_014444_PL01DF_FTXXX_US1XM1X2XXXHXXXXX_CALL_UP_DOWN_UP_MT,0
P2570952,G1677155P2570952_014444_PL01DF_FTXXX_US1XM1X0XXXHXXXXX_CT_ASIZE32_FS_AGU_CARRY_SPECIFIC_2_3,0
P2442898,G1679898P2442898_014444_PL01DF_FTXXX_US1XM1X0XXXHXXXXX_ISMATCHN_PATTERN_MASK_2_5,0
P2480158,G1693366P2480158_014444_PL01DF_FTXXX_US1XM1X0XXXHXXXXX_MOS_MOB_EMON_BASIC_08,0
P2503688,G1698821P2503688_014444_PL01DF_FTXXX_US1XM1X1XXXQXXXXX_MOS_SASEGARYM_FLASHCOPY_FDS_HIGHBITS_,0
P2434656,G1692573P2434656_014444_PL01DF_FTXXX_US1XM1X0XXXHXXXXX_TC_CR_PWRDN_OVERRIDE,0
P2487158,G1687812P2487158_014444_PL01DF_FTXXX_US1XM1X2XXXHXXXXX_LB_CAM_MISS_30_MT,0
P2448720,G1678001P2448720_014444_PL01DF_FTXXX_US1XM1X0XXXHXXXXX_EXEC_FT_T0__FRITSFPU_OVRFL_FADD_ORP_0,0
P2480018,G1692653P2480018_014444_PL01DF_FTXXX_US1XM1X0XXXHXXXXX_MOS_SAAT_EMON_BASIC_05,0
P2244228,G1704720P2244228_014444_PL01DF_FTXXX_US1XM1X0XXXHXXXXX_COMBM2_RAND_KM_RM1_E_8,0
P2433866,G1693798P2433866_014444_PL01DF_FTXXX_US1XM1X0XXXHXXXXX_BPBTPRTGUTBS_UTBITS63TO32AND16,0
P2496968,G1681388P2496968_014444_PL01DF_FTXXX_US1XM1X2XXXQXXXXX_MOS_MOLLARYM_LB_CAM1_HIT_38_MT1,0
P2260138,G1689621P2260138_014444_PL01DF_FTXXX_US1XM1X2XXXHXXXXX_MANY_MULS,0
P2496548,G1681001P2496548_014444_PL01DF_FTXXX_US1XM1X2XXXHXXXXX_MOS_MOLLARYM_LB_CAM1_HIT_29_MT0,0
P2380840,G1683986P2380840_014444_PL01DF_FTXXX_US1XM1X0XXXHXXXXX_CREG_SLEEP_3WRITE_3READ_SELFCHECK,0
P2502508,G1679426P2502508_014444_PL01DF_FTXXX_US1XM1X2XXXQXXXXX_MOS_MOLLARYM_LB_CAM1_SPHIT_20_MT1,0
P2262978,G1689955P2262978_014444_PL01DF_FTXXX_US1XM1X0XXXHXXXXX_KXXXEM_S,0
P2471088,G1686000P2471088_014444_PL01DF_FTXXX_US1XM1X0XXXHXXXXX_FIX_MTRR_LOOKUP,0
P2244148,G1686313P2244148_014444_PL01DF_FTXXX_US1XM1X0XXXHXXXXX_FMXD_ARITH4,0
P2329628,G1683925P2329628_014444_PL01DF_FTXXX_US1XM1X0XXXHXXXXX_UL1_UC_USWC_STORES_4,0
P2448070,G1674578P2448070_014444_PL01DF_FBXXX_US1XM1X0XXXHXXXXX_TBTACD_MATCH_TAG,0
P2243518,G1691036P2243518_014444_PL01DF_FTXXX_US1XM1X0XXXHXXXXX_PAGEC2M_TASK_SWITCH_FAR_JMP_AD_ASSIST,0
P2255688,G1676626P2255688_014444_PL01DF_FTXXX_US1XM1X0XXXHXXXXX_SEG_TYPE_VIOLATION__STACK_SWITCH_RET_,0
P2468144,G1699613P2468144_014444_PL01DF_FTXXX_US1XM1X0XXXHXXXXX_PMH_FT_PL2_RHINE_RAND_001,0
P2254128,G1706091P2254128_014444_PL01DF_FTXXX_US1XM1X0XXXHXXXXX_V86_2T_PAGING,0
P2246768,G1677847P2246768_014444_PL01DF_FTXXX_US1XM1X0XXXHXXXXX_FMXD_WNI3,0
P2345800,G1689812P2345800_014444_PL01DF_FTXXX_US1XM1X0XXXHXXXXX_WMT_FT_DAC_36_BIT,0
P2381600,G1676404P2381600_014444_PL01DF_FTXXX_US1XM1X0XXXHXXXXX_CREG_WRITE_NOCOMMIT_READ_SELFCHECK,0
P2570882,G1694876P2570882_014444_PL01DF_FTXXX_US1XM1X0XXXHXXXXX_CT_ASIZE32_FS_AGU_CARRY_SPECIFIC_1,0
P2341996,G1683529P2341996_014444_PL01DF_FTXXX_US1XM1X0XXXHXXXXX_WMT_BSU_SNPQ_DP_FG_MATCH_SI_ONES_ENT1,0
P2465244,G1675665P2465244_014444_PL01DF_FTXXX_US1XM1X0XXXHXXXXX_BTB_ROFFM_DEALLOCATION_LOGIC_1,0
P2242698,G1703088P2242698_014444_PL01DF_FTXXX_US1XM1X0XXXHXXXXX_T3_0031,0
P2496448,G1695902P2496448_014444_PL01DF_FTXXX_US1XM1X2XXXHXXXXX_MOS_MOLLARYM_LB_CAM0_HIT_27_MT0,0
P2468624,G1692095P2468624_014444_PL01DF_FTXXX_US1XM1X0XXXHXXXXX_FG_PATCH_TEST,0
P2509298,G1686416P2509298_014444_PL01DF_FTXXX_US1XM1X0XXXHXXXXX_TC_FLUSH_ALL_WAYS_SETS32_63,0
P2396094,G1691097P2396094_014444_PL01DF_FTXXX_US1XM1X0XXXHXXXXX_CREVDETD_MULTEVENTS_T0_2,0
P2326228,G1681371P2326228_014444_PL01DF_FBXXX_US1XM1X0XXXHXXXXX_T3THR_RSQRTPS,0
P2430054,G1677248P2430054_014444_PL01DF_FTXXX_US1XM1X2XXXHXXXXX_LOCKRAND_MT_TOGGLE,0
P2252768,G1688575P2252768_014444_PL01DF_FTXXX_US1XM1X0XXXHXXXXX_DAC_STHITLD_REV2_BITS11_23,0
P2260608,G1686683P2260608_014444_PL01DF_FTXXX_US1XM1X0XXXHXXXXX_DC_DAT_4N_CKB_IASM,0
P2429084,G1703111P2429084_014444_PL01DV_FTXXX_US1XM1X0XXXHXXXXX_BAV_RETRY_WRITE_PARTIAL_UC,0
P2468084,G1701721P2468084_014444_PL01DF_FTXXX_US1XM1X0XXXHXXXXX_MOB_FT_RHINE_RAND_000,0
P2249308,G1692226P2249308_014444_PL01DF_FTXXX_US1XM1X0XXXHXXXXX_CMOVB_NAE_C_0F42_SIB_MODRM_DBIT_1_P,0
P2243718,G1703180P2243718_014444_PL01DF_FTXXX_US1XM1X0XXXHXXXXX_OLD_286TSS_TASKGATE_LIMITCS,0
P2251608,G1675033P2251608_014444_PL01DF_FTXXX_US1XM1X0XXXHXXXXX_DAC_SNOOP_HITBIT21,0
P2256408,G1702966P2256408_014444_PL01DF_FTXXX_US1XM1X0XXXHXXXXX_BBIT_MODIFY_LTR_GPFAULT,0
P2502398,G1676366P2502398_014444_PL01DF_FTXXX_US1XM1X2XXXHXXXXX_MOS_MOLLARYM_LB_CAM0_SPHIT_18_MT0,0
P2468074,G1693005P2468074_014444_PL01DF_FTXXX_US1XM1X0XXXHXXXXX_MOB_FT_PL2_RHINE_RAND_001,0
P2443338,G1692219P2443338_014444_PL01DF_FTXXX_US1XM1X0XXXHXXXXX_UL1_FT_T0_RLB_R_W_ACCESS_ORP_001,0
P2247978,G1693429P2247978_014444_PL01DF_FTXXX_US1XM1X0XXXHXXXXX_SHRD_0FAD_MODRM_10_R,0
P2494698,G1689791P2494698_014444_PL01DF_FTXXX_US1XM1X2XXXHXXXXX_MOS_MOLLARYM_LB_CAM0_HIT_04_MT0,0
P2447290,G1689748P2447290_014444_PL01DF_FBXXX_US1XM1X0XXXHXXXXX_FUNC_TAGSNP2,0
P2443288,G1679674P2443288_014444_PL01DF_FTXXX_US1XM1X0XXXHXXXXX_DPU_UL1_NON_64BYTE_FETCH_0,0
P2429094,G1704373P2429094_014444_PL01DV_FTXXX_US1XM1X0XXXHXXXXX_BAV_DEFERED_WRITE_PARTIAL_WC,0
P2467834,G1681736P2467834_014444_PL01DF_FTXXX_US1XM1X0XXXHXXXXX_FMXD_WNI2_TESTGEN,0
P2496688,G1675728P2496688_014444_PL01DF_FTXXX_US1XM1X2XXXHXXXXX_MOS_MOLLARYM_LB_CAM0_HIT_33_MT0,0
P2479538,G1700775P2479538_014444_PL01DF_FTXXX_US1XM1X0XXXHXXXXX_DAC_FT_PL2_RHINE_RAND_020,0
P2434096,G1683462P2434096_014444_PL01DF_FTXXX_US1XM1X0XXXHXXXXX_MOS_MOSLARYM_SMC_PA_CAM_BITS_0_04,0
P2467404,G1682507P2467404_014444_PL01DF_FTXXX_US1XM1X1XXXQXXXXX_BRKPT_ENABLING_64,0
P2471058,G1678308P2471058_014444_PL01DF_FTXXX_US1XM1X0XXXHXXXXX_FIX_MTRR_LOOKUP,0
P2260718,G1676056P2260718_014444_PL01DF_FTXXX_US1XM1X0XXXHXXXXX_VERRCHECK_GLOB_CPL2_DPL1_RPL1,0
P2430374,G1693654P2430374_014444_PL01DF_FTXXX_US1XM1X2XXXHXXXXX_LOCKRAND_MT_TOGGLE,0
P2246998,G1705064P2246998_014444_PL01DV_FTXXX_US1XM1X2XXXHXXXXX_BAV_NO_DATA,0
P2449210,G1673050P2449210_014444_PL01DF_FTXXX_US1XM1X0XXXHXXXXX_FSB_EMON_IOQ_ADDRMATCH_ALL,0
P2494858,G1693199P2494858_014444_PL01DF_FTXXX_US1XM1X2XXXHXXXXX_MOS_MOLLARYM_LB_CAM0_HIT_08_MT0,0
P2478718,G1679944P2478718_014444_PL01DF_FTXXX_US1XM1X0XXXHXXXXX_SAAT_FT_PL0_RHINE_RAND_012,0
P2218628,G1702234P2218628_014444_PL01DF_FTXXX_US1XM1X0XXXHXXXXX_ADDRESSING_REGISTER_COMBINATIONS_64BI,0
P2452090,G1684371P2452090_014444_PL01DF_FTXXX_US1XM1X0XXXHXXXXX_LTAGLOFF_BPBTBIM_ODDENTRIES_COUNTERS,0
P2326588,G1705111P2326588_014444_PL01DF_FTXXX_US1XM1X0XXXHXXXXX_WE2_0029,0
P2324978,G1680513P2324978_014444_PL01DF_FTXXX_US1XM1X1XXXQXXXXX_UL1_FT_T1_EMON_ENABLE_E45_ORP_000,0
P2430824,G1681210P2430824_014444_PL01DF_FTXXX_US1XM1X0XXXHXXXXX_URDR_UWDR_CONFLICTS_JMP,0
P2243398,G1671403P2243398_014444_PL01DF_FTXXX_US1XM1X0XXXHXXXXX_T3_0590_MXCSR_CVTPS2PI,0
P2325238,G1678296P2325238_014444_PL01DF_FTXXX_US1XM1X0XXXHXXXXX_PMH_FT_T0__ACE_4M_PDC_PWTYPE_EVENTS_O,0
P2245918,G1681790P2245918_014444_PL01DF_FTXXX_US1XM1X0XXXHXXXXX_COMBM2_RAND_K_CONV1_G_8,0
P2571142,G1682129P2571142_014444_PL01DF_FTXXX_US1XM1X0XXXHXXXXX_CT_ASIZE32_FS_AGU_CARRY_SPECIFIC_2_16,0
P2430284,G1681138P2430284_014444_PL01DF_FTXXX_US1XM1X2XXXHXXXXX_LOCKRAND_MT_TOGGLE,0
P2249638,G1682859P2249638_014444_PL01DF_FTXXX_US1XM1X0XXXHXXXXX_MMPACKBCCLK,0
P2245158,G1701879P2245158_014444_PL01DF_FTXXX_US1XM1X0XXXHXXXXX_FA_DIRECTED_SUBD_VS,0
P2415932,G1678218P2415932_014444_PL01DF_FTXXX_US1XM1X0XXXHXXXXX_BSQ_ALLOC_ACTIVE,0
P2243928,G1703134P2243928_014444_PL01DF_FTXXX_US1XM1X0XXXHXXXXX_T3THR_WE33_SHLD,0
P2509308,G1683799P2509308_014444_PL01DF_FTXXX_US1XM1X1XXXQXXXXX_TC_FLUSH_ALL_WAYS_SETS32_63,0
P2503048,G1694331P2503048_014444_PL01DF_FTXXX_US1XM1X2XXXHXXXXX_MOS_MOLLARYM_LB_CAM0_SPHIT_34_MT0,0
P2255048,G1693805P2255048_014444_PL01DF_FTXXX_US1XM1X0XXXHXXXXX_FSUBRP,0
P2494848,G1683772P2494848_014444_PL01DF_FTXXX_US1XM1X2XXXQXXXXX_MOS_MOLLARYM_LB_CAM1_HIT_07_MT1,0
P2326348,G1681163P2326348_014444_PL01DF_FTXXX_US1XM1X0XXXHXXXXX_UL1_ALL_RLB_FF,0
P2259658,G1689444P2259658_014444_PL01DF_FTXXX_US1PM1X0XXXHXXXXX_RANDOM_JUMPS_NOP,0
P2247518,G1694713P2247518_014444_PL01DV_FTXXX_US1XM1X0XXXHXXXXX_BAV_APIC_PRI7_FIXED,0
P2329668,G1686899P2329668_014444_PL01DF_FTXXX_US1XM1X0XXXHXXXXX_UL1_UC_USWC_STORES_2,0
P2431284,G1694134P2431284_014444_PL01DF_FTXXX_US1XM1X2XXXHXXXXX_LOCKRAND_MT_TOGGLE,0
P2501638,G1684375P2501638_014444_PL01DF_FTXXX_US1XM1X2XXXQXXXXX_MOS_MOLLARYM_LB_CAM0_SPHIT_08_MT1,0
P2243998,G1680579P2243998_014444_PL01DF_FTXXX_US1XM1X0XXXHXXXXX_FDIV_FPCONST,0
P2326168,G1691309P2326168_014444_PL01DF_FBXXX_US1XM1X0XXXHXXXXX_SSE_MAXPS_MINPS,0
P2252618,G1682569P2252618_014444_PL01DF_FTXXX_US1XM1X0XXXHXXXXX_DAC_SNPHITLD_BITS15_6_DIRECT,0
P2245418,G1685445P2245418_014444_PL01DF_FTXXX_US1XM1X0XXXHXXXXX_DAC_LDHITST_BITS15_6,0
P2430894,G1694630P2430894_014444_PL01DF_FTXXX_US1XM1X2XXXHXXXXX_LOCKRAND_MT_TOGGLE,0
P2495178,G1672088P2495178_014444_PL01DF_FTXXX_US1XM1X2XXXHXXXXX_MOS_MOLLARYM_LB_CAM0_HIT_12_MT0,0
P2329648,G1685177P2329648_014444_PL01DF_FTXXX_US1XM1X0XXXHXXXXX_UL1_BYTEMSK_MATCH,0
P2326038,G1677291P2326038_014444_PL01DF_FTXXX_US1XM1X0XXXHXXXXX_DAC_WPTAG_14,0
P2326378,G1703129P2326378_014444_PL01DF_FUXXX_US1XM1X0XXXHXXXXX_T3THR_NB4224_PSUBQ,0
P2247538,G1686441P2247538_014444_PL01DV_FTXXX_US1XM1X0XXXHXXXXX_BAV_APIC_PRI13_FIXED,0
P2490358,G1675509P2490358_014444_PL01DF_FTXXX_US1XM1X0XXXHXXXXX_DATAGD_LD_LDRB_BITS21_24,0
P2260428,G1679566P2260428_014444_PL01DF_FTXXX_US1XM1X2XXXHXXXXX_FP_PHE_MT_RAND1,0
P2243658,G1703380P2243658_014444_PL01DF_FTXXX_US1XM1X0XXXHXXXXX_PAGEC4K_TASK_SWITCH_NP_PF_NEW_TSS_LD,0
P2249768,G1703347P2249768_014444_PL01DF_FTXXX_US1XM1X0XXXHXXXXX_COMB_FP_WOX_SFP_WOX,0
P2479398,G1689941P2479398_014444_PL01DF_FTXXX_US1XM1X0XXXHXXXXX_PMH_FT_PL1_RHINE_RAND_016,0
P2430244,G1675390P2430244_014444_PL01DF_FTXXX_US1XM1X2XXXHXXXXX_LOCKRAND_MT_TOGGLE,0
P2463334,G1691297P2463334_014444_PL01DF_FTXXX_US1XM1X1XXXQXXXXX_MITE_CREG_PATCH3_13,0
P2449080,G1677177P2449080_014444_PL01DF_FTXXX_US1XM1X0XXXHXXXXX_EXEC_FT_T0__FRITSFPU_GEN_EXT_ORP_001,0
P2463744,G1702203P2463744_014444_PL01DF_FTXXX_US1XM1X2XXXHXXXXX_TD_PROT_MODE_ARRAY_TEST_MT_233455398,0
P2211598,G1675466P2211598_014444_PL01DF_FTXXX_US1XM1X0XXXHXXXXX_BP_8BYTE_LE,0
P2433766,G1690115P2433766_014444_PL01DF_FTXXX_US1XM1X0XXXHXXXXX_MITE_CREG_PATCH3_15,0
P2498188,G1687972P2498188_014444_PL01DF_FTXXX_US1XM1X0XXXHXXXXX_DATAGD_SNP_LDRB_BITS21_24,0
P2431254,G1689844P2431254_014444_PL01DF_FTXXX_US1XM1X2XXXHXXXXX_LOCKRAND_MT_TOGGLE,0
P2430384,G1681339P2430384_014444_PL01DF_FTXXX_US1XM1X2XXXHXXXXX_LOCKRAND_MT_TOGGLE,0
P2252928,G1696244P2252928_014444_PL01DF_FTXXX_US1XM1X0XXXHXXXXX_MEU_PMH_FT_PDECCH_TOGGLE_ATR2,0
P2338356,G1678504P2338356_014444_PL01DF_FTXXX_US1XM1X1XXXQXXXXX_PMH_FT_T1__FRITS_B4M_PWE_DATASIZE_ORP,0
P2252198,G1690607P2252198_014444_PL01DF_FTXXX_US1XM1X0XXXHXXXXX_DAC_SNOOP_HITMOREBIT22,0
P2494708,G1676233P2494708_014444_PL01DF_FTXXX_US1XM1X2XXXQXXXXX_MOS_MOLLARYM_LB_CAM0_HIT_04_MT1,0
P2401436,G1683050P2401436_014444_PL01DF_FTXXX_US1XM1X2XXXHXXXXX_EMON_MT_PMI,0
P2434626,G1675447P2434626_014444_PL01DF_FTXXX_US1XM1X0XXXHXXXXX_TC_CR_PRECISE_EVENT,0
P2468024,G1702347P2468024_014444_PL01DF_FTXXX_US1XM1X0XXXHXXXXX_DAC_FT_RHINE_RAND_004,0
P2259408,G1694275P2259408_014444_PL01DF_FTXXX_US1PM1X0XXXHXXXXX_RRRRSHARKY_005,0
P2401446,G1694727P2401446_014444_PL01DF_FTXXX_US1XM1X0XXXHXXXXX_EMON_ACCESS,0
P2260638,G1702074P2260638_014444_PL01DF_FTXXX_US1XM1X0XXXHXXXXX_DC_DAT_4N_FA_IASM,0
P2513318,G1693680P2513318_014444_PL01DF_FTXXX_US1XM1X2XXXHXXXXX_TC_FLUSH_ALL_WAYS_MT_7,0
P2323858,G1683589P2323858_014444_PL01DF_FTXXX_US1XM1X0XXXHXXXXX_UL1_MASKMOVE_STORES_2,0
P2210478,G1693378P2210478_014444_PL01DF_FTXXX_US1XM1X0XXXHXXXXX_64BIT_FIST_BUG,0
P2326838,G1684292P2326838_014444_PL01DF_FTXXX_US1XM1X0XXXHXXXXX_T3E_053_XMMREG_CVTPI2PS,0
