P2233638,G1644231P2233638_014040_PL01DB_FBXXX_US1XM1X0XXXIXXXXX_FA_RND_VX_ADD_SUB_DBL_SBFT,0
P2472308,G1641407P2472308_014040_PL01DB_FBXXX_US1XM1X0XXXIXXXXX_5BJUMPPTC01,0
P2345790,G1640839P2345790_014040_PL01DB_FBXXX_US1XM1X0XXXIXXXXX_SS_TESTS_REPAIR_SHARKY5,0
P2233708,G1641760P2233708_014040_PL01DB_FBXXX_US1XM1X1XXXIXXXXX_JCC_BLIP_NLIP_LOOP1_SBFT,0
P2364680,G1644429P2364680_014040_PL01DB_FBXXX_US1XM1X0XXXIXXXXX_FACTLS_EMON_MMX,0
P2466144,G1641616P2466144_014040_PL01DB_FBXXX_US1XM1X0XXXIXXXXX_IQSCHED_ALU0,0
P2364580,G1648637P2364580_014040_PL01DB_FBXXX_US1XM1X0XXXIXXXXX_FMXD_FMRNDC_DIV_SBFT,0
P2231778,G1640576P2231778_014040_PL01DB_FBXXX_US1XM1X0XXXIXXXXX_FMXD_WNI6_SBFT,0
P2364650,G1644381P2364650_014040_PL01DB_FBXXX_US1XM1X0XXXIXXXXX_FACTLS_EMON_GBP,0
P2230758,G1642430P2230758_014040_PL01DB_FBXXX_US1XM1X0XXXIXXXXX_MMX_PAGING_ORP_002,0
P2229928,G1642661P2229928_014040_PL01DB_FBXXX_US1XM1X0XXXIXXXXX_FPUMMX_ORP_001,0
P2490088,G1650748P2490088_014040_PL01DB_FBXXX_US1XM1X1XXXRXXXXX_IPLENDEC2A_ORP_000,0
P2240208,G1641118P2240208_014040_PL01DB_FBXXX_US1XM1X0XXXIXXXXX_MEU_PMH_CR3_TOGGLE_A,0
P2374370,G1647576P2374370_014040_PL01DQ_FBXXX_US1XM1X0XXXIXXXXX_ALIGN6C_PORT2_DPDAT,0
P2385412,G1641438P2385412_014040_PL01DB_FBXXX_US1XM1X1XXXIXXXXX_TEMP_LIVELOCK_CK,0
P2239708,G1640623P2239708_014040_PL01DB_FBXXX_US1XM1X1XXXIXXXXX_TD_TB_PERF_TCMRBIND_TCMRBNTEC_T1,0
P2475668,G1648824P2475668_014040_PL01DB_FBXXX_US1XM1X0XXXIXXXXX_IQSCHED_ALU0_8_FIX0,0
P2232908,G1649317P2232908_014040_PL01DB_FBXXX_US1PM1X0XXXIXXXXX_FRITS_NEW_EXP_S18,0
P2389218,G1641480P2389218_014040_PL01DB_FBXXX_US1XM1X0XXXIXXXXX_LONGINST,0
P2234408,G1649738P2234408_014040_PL01DB_FBXXX_US1XM1X0XXXIXXXXX_FMRNDC_TEST1_SBFT,0
P2345282,G1641957P2345282_014040_PL01DB_FBXXX_US1XM1X0XXXIXXXXX_BPBTB_TAR_2PORT_RDS_FINAL_GDBND,0
P2475688,G1648713P2475688_014040_PL01DB_FBXXX_US1XM1X0XXXIXXXXX_IQSCHED_THREAD_MAX_FP_MEM_4_FIX0,0
P2229998,G1641970P2229998_014040_PL01DB_FBXXX_US1XM1X0XXXIXXXXX_INT_ORP_003,0
P2344900,G1640956P2344900_014040_PL01DB_FBXXX_US1XM1X0XXXIXXXXX_BPBTB_TAR_2PORT_RDS_FINAL,0
P2344646,G1651230P2344646_014040_PL01DB_FBXXX_US1XM1X0XXXIXXXXX_BPBTB_TAR_2PORT_RDS_FINAL_GDBND,0
P2436746,G1650484P2436746_014040_PL01DB_FBXXX_US1XM1X0XXXIXXXXX_CREG_FRITS_TEST6_ORP_000,0
P2231208,G1650731P2231208_014040_PL01DB_FBXXX_US1XM1X0XXXIXXXXX_NINT_CALLRET_ORP_000,0
P2345162,G1641192P2345162_014040_PL01DB_FBXXX_US1XM1X0XXXIXXXXX_ISMATCHN_PATTERN_MASK_3_A,0
P2232928,G1641477P2232928_014040_PL01DB_FBXXX_US1PM1X0XXXIXXXXX_FRITS_NEW_EXP_S44,0
P2237508,G1641620P2237508_014040_PL01DB_FBXXX_US1XM1X1XXXIXXXXX_WMT_SBFT_CALL_RET_6,0
P2256428,G1641507P2256428_014040_PL01DB_FBXXX_US1XM1X1XXXIXXXXX_SAAT_SBFT_SASEGDPD_ADDER_T1,0
P2437436,G1648762P2437436_014040_PL01DB_FBXXX_US1XM1X2XXXIXXXXX_ALF_FPWR_MT,0
P2505598,G1642677P2505598_014040_PL01DB_FBXXX_US1XM1X1XXXIXXXXX_CRUCHK_LIVELOCK_XMM_DEFT_FORCEQ_ORP_0,0
P2431804,G1641319P2431804_014040_PL01DB_FBXXX_UX1XM1X2XXXIXXXXX_FGIQBINDN1_MT,0
P2509488,G1648114P2509488_014040_PL01DQ_FBXXX_US1XM1X0XXXIXXXXX_FLAGS_S1A2_EVEN_RAND0_DPDAT,0
P2235958,G1641794P2235958_014040_PL01DB_FBXXX_US1XM1X1XXXIXXXXX_SAAT_SADPD_STOREADD_SBFT_T1,0
P2233498,G1641042P2233498_014040_PL01DB_FBXXX_US1XM1X0XXXIXXXXX_TC_IMM_MCF_SBFT,0
P2266698,G1699959P2266698_014040_PL01DB_FBXXX_US1XM1X0XXXIXXXXX_XMM_PRELOAD_LM1_ORP_000,0
P2509468,G1649742P2509468_014040_PL01DQ_FBXXX_US1XM1X0XXXIXXXXX_FLAGS_S1A2_ODD_RAND2_DPDAT,0
P2344336,G1650474P2344336_014040_PL01DB_FBXXX_US1XM1X0XXXIXXXXX_BPBTB_TAR_2PORT_RDS_FINAL_GDBND,0
P2480318,G1641648P2480318_014040_PL01DB_FBXXX_US1XM1X1XXXIXXXXX_FRITS_T1_IQSSU_PDST_DEPCY_CHECK_ORP_0,0
P2235658,G1648151P2235658_014040_PL01DB_FBXXX_US1XM1X0XXXIXXXXX_MEU_PMH_SBFT_STAGING_OPCODE,0
P2479128,G1666725P2479128_014040_PL01DQ_FBXXX_US1XM1X0XXXIXXXXX_HE_ALU1_ADD_5_ONLYDUMP62_NOADD_DPDAT,0
P2375100,G1647607P2375100_014040_PL01DQ_FBXXX_US1XM1X0XXXIXXXXX_BYPASS_P2_TO_STA_PORT2_DPDAT,0
P2475308,G1641254P2475308_014040_PL01DB_FBXXX_US1XM1X0XXXIXXXXX_IQSCHED_THREAD_MAX_FP_MEM_3_FIX1,0
P2231028,G1641861P2231028_014040_PL01DB_FBXXX_US1XM1X0XXXIXXXXX_CACHE_LINE_SPLIT_ORP_004,0
P2345382,G1641272P2345382_014040_PL01DB_FBXXX_US1XM1X0XXXIXXXXX_ISMATCHN_MATCH_MASK_REG_TEST,0
P2238738,G1641863P2238738_014040_PL01DB_FBXXX_US1XM1X1XXXIXXXXX_WMT_SBFT_ITULSBREQD0,0
P2364600,G1641351P2364600_014040_PL01DB_FBXXX_US1XM1X0XXXIXXXXX_FEC_ESCR_COUNTER_CCCR,0
P2230968,G1649378P2230968_014040_PL01DB_FBXXX_US1XM1X0XXXIXXXXX_BYPASS2_ORP_003,0
P2339246,G1692081P2339246_014040_PL01DB_FBXXX_US1XM1X0XXXIXXXXX_NUMERATOR_ESCR3_LAST5_ORP_000,0
P2388978,G1650688P2388978_014040_PL01DB_FBXXX_US1XM1X0XXXIXXXXX_FA_DIRECTED_VX_COM_MAX_MIN_PD_SBFT,0
P2385662,G1648896P2385662_014040_PL01DB_FBXXX_US1XM1X2XXXIXXXXX_IQSCHED_ALU0_9,0
P2230188,G1650686P2230188_014040_PL01DB_FBXXX_US1XM1X0XXXIXXXXX_FPU_GEN_EXT_ORP_002,0
P2240108,G1641657P2240108_014040_PL01DB_FBXXX_US1XM1X0XXXIXXXXX_FMXD_INT1_SBFT,0
P2231838,G1641958P2231838_014040_PL01DB_FBXXX_US1XM1X0XXXIXXXXX_FMXD_INT4_SBFT,0
P2231288,G1650868P2231288_014040_PL01DB_FBXXX_US1XM1X0XXXIXXXXX_PROC_CALLRET_ORP_000,0
P2235668,G1648272P2235668_014040_PL01DB_FBXXX_US1XM1X0XXXIXXXXX_MEU_PMH_SBFT_STAGING_OPCODE_2,0
P2773692,G1647570P2773692_014040_PL01DQ_FBXXX_US1XM1X0XXXIXXXXX_MINIMAL_TEST_PARAMED_DPDAT_42,0
P2481308,G1642454P2481308_014040_PL01DB_FBXXX_US1XM1X0XXXIXXXXX_CRUCHK_CRUD_EVENTS_ORP_000,0
P2473628,G1642530P2473628_014040_PL01DB_FBXXX_US1XM1X0XXXIXXXXX_PIX_FRITS_CALL_RET2,0
P2240218,G1640668P2240218_014040_PL01DB_FBXXX_US1XM1X0XXXIXXXXX_IFALU_TRAVEL9_SBFT,0
P2773642,G1647489P2773642_014040_PL01DQ_FBXXX_US1XM1X0XXXIXXXXX_MINIMAL_TEST_PARAMED_DPDAT_37,0
P2479129,G1667464P2479129_014040_PL01DQ_FBXXX_US1XM1X0XXXIXXXXX_HE_ALU1_ADD_5_ONLYDUMP62_DPDAT,0
P2236408,G1648869P2236408_014040_PL01DB_FBXXX_US1XM1X0XXXIXXXXX_WMT_SBFT_TCTAGD_PRECEV2,0
P2240378,G1642427P2240378_014040_PL01DB_FBXXX_US1XM1X0XXXIXXXXX_FMXD_MIXED_2_SBFT,0
P2475648,G1640891P2475648_014040_PL01DB_FBXXX_US1XM1X0XXXIXXXXX_IQSCHED_THREAD_MAX_FP_MEM_5_FIX0,0
P2344306,G1642495P2344306_014040_PL01DB_FBXXX_US1XM1X0XXXIXXXXX_BPBTB_TAR_2PORT_RDS_FINAL,0
P2773352,G1647506P2773352_014040_PL01DQ_FBXXX_US1XM1X0XXXIXXXXX_MINIMAL_TEST_PARAMED_DPDAT_8,0
P2773432,G1647485P2773432_014040_PL01DQ_FBXXX_US1XM1X0XXXIXXXXX_MINIMAL_TEST_PARAMED_DPDAT_16,0
P2345272,G1641802P2345272_014040_PL01DB_FBXXX_US1XM1X0XXXIXXXXX_PSLLD_PATTERNS_BYPASS_SBFT,0
P2480608,G1649217P2480608_014040_PL01DB_FBXXX_US1XM1X0XXXIXXXXX_FRITS_T0_IQSSU_FILL_FIFO_LIMIT_SCHLR_,0
P2385732,G1648657P2385732_014040_PL01DB_FBXXX_US1XM1X2XXXIXXXXX_IQSCHED_THREAD_MAX_SLOW_SCHEDULER_4,0
P2773132,G1648188P2773132_014040_PL01DQ_FBXXX_US1XM1X0XXXIXXXXX_SHORT_TEST_LOOPED_AND_PARAMETERIZED_D,0
P2423292,G1653272P2423292_014040_PL01DQ_FBXXX_US1XM1X0XXXIXXXXX_PSC_4R_CRU_BYPMUX2_STA_IAQDAT,0
P2773372,G1647560P2773372_014040_PL01DQ_FBXXX_US1XM1X0XXXIXXXXX_MINIMAL_TEST_PARAMED_DPDAT_10,0
P2466004,G1643421P2466004_014040_PL01DB_FBXXX_US1XM1X0XXXIXXXXX_CREG_FRITS_TEST5_ORP_000,0
P2475488,G1650213P2475488_014040_PL01DB_FBXXX_US1XM1X0XXXIXXXXX_CREVDETD_EVENTS_REALMODE_MT_FIX0,0
P2236888,G1640972P2236888_014040_PL01DB_FBXXX_US1XM1X0XXXIXXXXX_TD_TB_014_9,0
P2345452,G1642443P2345452_014040_PL01DB_FBXXX_US1XM1X0XXXIXXXXX_BPBTB_TAR_2PORT_RDS_FINAL_GDBND,0
P2230608,G1650813P2230608_014040_PL01DB_FBXXX_US1XM1X0XXXIXXXXX_FPU_PAGING_ORP_002,0
P2239848,G1641453P2239848_014040_PL01DB_FBXXX_US1XM1X1XXXIXXXXX_TD_TB_PERF_TMRBCALL_TMRBR_T1,0
P2236538,G1648493P2236538_014040_PL01DB_FBXXX_US1XM1X0XXXIXXXXX_WMT_SBFT_BPBTRRSD_PERF,0
P2493988,G1644107P2493988_014040_PL01DB_FBXXX_US1XM1X0XXXIXXXXX_FRITS_T0_SSU_CR_CTRL_RANDOM_ORP_002,0
P2364710,G1642549P2364710_014040_PL01DB_FBXXX_US1XM1X0XXXIXXXXX_FACTLS_EMON_RFRD,0
P2233108,G1649826P2233108_014040_PL01DB_FBXXX_US1XM1X0XXXIXXXXX_FMXD_MIXED7_SBFT,0
P2241268,G1649320P2241268_014040_PL01DB_FBXXX_US1XM1X0XXXIXXXXX_RRRRSHARKY_007_SBFT,0
P2237108,G1641701P2237108_014040_PL01DB_FBXXX_US1XM1X1XXXIXXXXX_WMT_SBFT_ITREQCTRLS,0
P2773732,G1647499P2773732_014040_PL01DQ_FBXXX_US1XM1X0XXXIXXXXX_MINIMAL_TEST_PARAMED_DPDAT_46,0
P2234528,G1641733P2234528_014040_PL01DB_FBXXX_US1XM1X0XXXIXXXXX_FISSDBM_3_SBFT,0
P2235978,G1648364P2235978_014040_PL01DB_FBXXX_US1XM1X0XXXIXXXXX_WMT_SBFT_JUMP_ALL_OFFSETS,0
P2505628,G1651236P2505628_014040_PL01DB_FBXXX_US1XM1X0XXXIXXXXX_CRUCHK_LIVELOCK_XMM_DEFT_FORCEQ_ORP_0,0
P2773182,G1648218P2773182_014040_PL01DQ_FBXXX_US1XM1X0XXXIXXXXX_SHORT_TEST_LOOPED_AND_PARAMETERIZED_D,0
P2475528,G1649721P2475528_014040_PL01DB_FBXXX_US1XM1X0XXXIXXXXX_IQSCHED_ALU0_4_FIX0,0
P2236218,G1641029P2236218_014040_PL01DB_FBXXX_US1XM1X0XXXIXXXXX_IXFIELDLOC1,0
P2344106,G1641684P2344106_014040_PL01DB_FBXXX_US1XM1X0XXXIXXXXX_BPBTB_TAR_2PORT_RDS_FINAL,0
P2481328,G1641775P2481328_014040_PL01DB_FBXXX_US1XM1X0XXXIXXXXX_CRUCHK_CRUN_EVENTS_ORP_000,0
P2472358,G1649112P2472358_014040_PL01DB_FBXXX_US1XM1X0XXXIXXXXX_FLSFDBM_MOVE_ZIG,0
P2385692,G1649290P2385692_014040_PL01DB_FBXXX_US1XM1X2XXXIXXXXX_IQSCHED_THREAD_MAX_FP_MEM_4,0
P2344660,G1641974P2344660_014040_PL01DB_FBXXX_US1XM1X0XXXIXXXXX_BPBTB_TAR_2PORT_RDS_FINAL_GDBND,0
P2773632,G1647504P2773632_014040_PL01DQ_FBXXX_US1XM1X0XXXIXXXXX_MINIMAL_TEST_PARAMED_DPDAT_36,0
P2439686,G1647680P2439686_014040_PL01DQ_FBXXX_US1XM1X0XXXIXXXXX_PSC_4R_SS_BP_ALUMEM_S1_T1_IAQDAT,0
P2457610,G1648562P2457610_014040_PL01DB_FBXXX_US1XM1X0XXXIXXXXX_TBPU_TG,0
P2229868,G1653311P2229868_014040_PL01DB_FBXXX_US1XM1X0XXXIXXXXX_FPU_ORP_000,0
P2384440,G1648996P2384440_014040_PL01DB_FBXXX_US1XM1X0XXXIXXXXX_WRAPPERS3_3_SHORT,0
P2505718,G1649163P2505718_014040_PL01DB_FBXXX_US1XM1X1XXXIXXXXX_CRUCHK_LIVELOCK_XMM_ORP_003,0
P2237488,G1641836P2237488_014040_PL01DB_FBXXX_US1XM1X1XXXIXXXXX_WMT_SBFT_CALL_RET_3,0
P2237898,G1641544P2237898_014040_PL01DB_FBXXX_US1XM1X0XXXIXXXXX_SAAT_SABREAKD_DR0_SBFT_T0,0
P2473488,G1650406P2473488_014040_PL01DB_FBXXX_US1XM1X0XXXIXXXXX_BRKPT1_SBFT_DR7_1,0
P2230728,G1642521P2230728_014040_PL01DB_FBXXX_US1XM1X0XXXIXXXXX_INT_PAGING_ORP_004,0
P2773222,G1648265P2773222_014040_PL01DQ_FBXXX_US1XM1X0XXXIXXXXX_SHORT_TEST_LOOPED_AND_PARAMETERIZED_D,0
P2230868,G1644389P2230868_014040_PL01DB_FBXXX_US1XM1X0XXXIXXXXX_XMM_PAGING_ORP_003,0
P2344910,G1642641P2344910_014040_PL01DB_FBXXX_US1XM1X0XXXIXXXXX_BPBTB_TAR_2PORT_RDS_FINAL,0
P2242238,G1641645P2242238_014040_PL01DB_FBXXX_US1XM1X2XXXIXXXXX_TD_TB_013,0
P2472538,G1649902P2472538_014040_PL01DB_FBXXX_US1XM1X0XXXIXXXXX_FM_VX_ARITH_SCALAR_DOUBLE_DAZ_SBFT,0
P2238448,G1640687P2238448_014040_PL01DB_FBXXX_US1XM1X0XXXIXXXXX_IPD_P66P67_DEC1,0
P2482232,G1644369P2482232_014040_PL01DB_FBXXX_US1XM1X1XXXIXXXXX_FRITS_T1_IQSSU_FILLFIFO_PORT0A0B1A1B_,0
P2339266,G1694479P2339266_014040_PL01DB_FBXXX_US1XM1X1XXXIXXXXX_TEMPLIVELOCK_QUEUE_ORP_001,0
P2238128,G1641313P2238128_014040_PL01DB_FBXXX_US1XM1X0XXXIXXXXX_RANDOMINSTBYTE2,0
P2473718,G1650746P2473718_014040_PL01DB_FBXXX_US1XM1X0XXXIXXXXX_PIX_FRITS_CALL_RET11,0
P2220278,G1650954P2220278_014040_PL01DB_FBXXX_US1XM1X0XXXIXXXXX_WNI_ORP_002,0
P2235488,G1648832P2235488_014040_PL01DB_FBXXX_US1XM1X0XXXIXXXXX_MEU_PMH_FIXED_MTRR_MISS_1,0
P2232888,G1650648P2232888_014040_PL01DB_FBXXX_US1PM1X0XXXIXXXXX_FRITS_NEW_EXP_S77,0
P2240088,G1641913P2240088_014040_PL01DB_FBXXX_US1XM1X0XXXIXXXXX_FMXD_KNI9_SBFT,0
P2345010,G1641056P2345010_014040_PL01DB_FBXXX_US1XM1X0XXXIXXXXX_IQPUBD_CCCR_READ_WRITE_SBFT,0
P2470316,G1650226P2470316_014040_PL01DB_FBXXX_US1XM1X0XXXIXXXXX_FMXD_FMMWTREE42D_PMUL_RANDOM_3,0
P2240408,G1648862P2240408_014040_PL01DB_FBXXX_US1XM1X0XXXIXXXXX_ROUNDER1_SBFT,0
P2474848,G1652984P2474848_014040_PL01DB_FBXXX_US1XM1X0XXXIXXXXX_MMXTAG_FSTEXPUND_DEBUG_ORP_000,0
P2240308,G1640636P2240308_014040_PL01DB_FBXXX_US1XM1X0XXXIXXXXX_DIVSS_MARCHINGFS_SBFT,0
P2234498,G1640852P2234498_014040_PL01DB_FBXXX_US1XM1X0XXXIXXXXX_SVFLA2,0
P2241778,G1649522P2241778_014040_PL01DB_FBXXX_US1XM1X1XXXIXXXXX_SAAT_SADPD_MISC_SBFT_T1,0
P2239738,G1648692P2239738_014040_PL01DB_FBXXX_US1XM1X2XXXIXXXXX_ALF_FAULTGRADE_STALLS_SB_MT,0
P2444710,G1649542P2444710_014040_PL01DB_FBXXX_US1XM1X0XXXIXXXXX_RAT_DYN_DEAL,0
P2505588,G1642469P2505588_014040_PL01DB_FBXXX_US1XM1X0XXXIXXXXX_CRUCHK_LIVELOCK_XMM_DEFT_FORCEQ_ORP_0,0
P2385322,G1642318P2385322_014040_PL01DB_FBXXX_US1XM1X0XXXIXXXXX_IXLAT_BABRANCH_AGGRESS_ISBRINSTMKS_1,0
P2468504,G1648485P2468504_014040_PL01DB_FBXXX_US1XM1X0XXXIXXXXX_WMT_SISBFT_MT_ORIG,0
P2452730,G1641500P2452730_014040_PL01DB_FBXXX_US1XM1X1XXXIXXXXX_SEGDPD_DESC_ADDR,0
P2443128,G1641814P2443128_014040_PL01DB_FBXXX_US1XM1X0XXXIXXXXX_CRNKCTLS_CREGRD,0
P2232808,G1643983P2232808_014040_PL01DB_FBXXX_US1PM1X0XXXIXXXXX_FRITS_NEW_EXP_S15,0
P2449300,G1641307P2449300_014040_PL01DB_FBXXX_US1XM1X0XXXIXXXXX_HE_CREG_TEST2_ORP_000,0
P2240228,G1649481P2240228_014040_PL01DB_FBXXX_US1XM1X0XXXIXXXXX_IFALU_ADD3_SBFT,0
P2773392,G1647490P2773392_014040_PL01DQ_FBXXX_US1XM1X0XXXIXXXXX_MINIMAL_TEST_PARAMED_DPDAT_12,0
P2343936,G1650442P2343936_014040_PL01DB_FBXXX_US1XM1X0XXXIXXXXX_BPBTB_TAR_2PORT_RDS_FINAL,0
P2485948,G1651085P2485948_014040_PL01DB_FBXXX_US1XM1X1XXXIXXXXX_POWER_DEFT_FPU_NOPRELOAD_LM0_ORP_001,0
P2344386,G1650955P2344386_014040_PL01DB_FBXXX_US1XM1X0XXXIXXXXX_BPBTB_TAR_2PORT_RDS_FINAL,0
P2233788,G1641576P2233788_014040_PL01DB_FBXXX_US1XM1X0XXXIXXXXX_FIRM_FIXRC_SBFT,0
P2231878,G1650371P2231878_014040_PL01DB_FBXXX_US1XM1X0XXXIXXXXX_FMXD_INT8_SBFT,0
P2235168,G1648922P2235168_014040_PL01DB_FBXXX_US1XM1X0XXXIXXXXX_MEU_PMH_PDECCH4_6_SBFT_PROT_PAGE_T0,0
P2239108,G1641831P2239108_014040_PL01DB_FBXXX_US1XM1X0XXXIXXXXX_RANDOMINST_1OF10,0
P2239678,G1648741P2239678_014040_PL01DB_FBXXX_US1XM1X2XXXIXXXXX_SAAT_SABREAKD_DR3_SBFT_T0,0
P2773742,G1647514P2773742_014040_PL01DQ_FBXXX_US1XM1X0XXXIXXXXX_MINIMAL_TEST_PARAMED_DPDAT_47,0
P2234968,G1640737P2234968_014040_PL01DB_FBXXX_US1XM1X0XXXIXXXXX_MEU_PMH_PDECCH4_0_SBFT_PROT_PAGE_T1,0
P2475568,G1640889P2475568_014040_PL01DB_FBXXX_US1XM1X0XXXIXXXXX_IQSCHED_THREAD_MAX_SLOW_SCHEDULER_6_F,0
P2773622,G1789579P2773622_014040_PL01DQ_FBXXX_US1XM1X0XXXXXXXXX_MINIMAL_TEST_PARAMED_DPDAT_35,0
P2773482,G1647503P2773482_014040_PL01DQ_FBXXX_US1XM1X0XXXIXXXXX_MINIMAL_TEST_PARAMED_DPDAT_21,0
P2345562,G1651035P2345562_014040_PL01DB_FBXXX_US1XM1X0XXXIXXXXX_IXLAT_BABRANCH_AGGRESS_ISBRINSTMKS_0,0
P2468584,G1648392P2468584_014040_PL01DB_FBXXX_US1XM1X0XXXIXXXXX_BPU_BPSBC_CH_IFL_MT_ORIG,0
P2386000,G1647571P2386000_014040_PL01DQ_FBXXX_US1XM1X0XXXIXXXXX_IAQDAT_INPUT_ST0_IAQDAT,0
P2236758,G1641072P2236758_014040_PL01DB_FBXXX_US1XM1X0XXXIXXXXX_MITE_IPD_SBFT_BYTE5TO7,0
P2237028,G1640693P2237028_014040_PL01DB_FBXXX_US1XM1X1XXXIXXXXX_ITCTRLS_INSERTED_FLOW,0
P2468524,G1641856P2468524_014040_PL01DB_FBXXX_US1XM1X0XXXIXXXXX_IQSCHED_ALU0_1_ORIG,0
P2472828,G1642511P2472828_014040_PL01DB_FBXXX_US1XM1X0XXXIXXXXX_PSLLD_INTERACTIONS_SBFT,0
P2242278,G1649395P2242278_014040_PL01DB_FBXXX_US1XM1X2XXXIXXXXX_ALFFPREADSTALL,0
P2375270,G1650891P2375270_014040_PL01DQ_FBXXX_US1XM1X0XXXIXXXXX_HE_ALU_BYPASS_PRT1_TO_PRT1_0_PORT2_DP,0
P2485868,G1642931P2485868_014040_PL01DB_FBXXX_US1XM1X0XXXIXXXXX_PIX_FRITS_IMMED_MOV07,0
P2505618,G1642406P2505618_014040_PL01DB_FBXXX_US1XM1X1XXXIXXXXX_CRUCHK_LIVELOCK_XMM_DEFT_FORCEQ_ORP_0,0
P2773322,G1647484P2773322_014040_PL01DQ_FBXXX_US1XM1X0XXXIXXXXX_MINIMAL_TEST_PARAMED_DPDAT_5,0
P2343976,G1642514P2343976_014040_PL01DB_FBXXX_US1XM1X0XXXIXXXXX_BPBTB_TAR_2PORT_RDS_FINAL,0
P2767662,G1647487P2767662_014040_PL01DQ_FBXXX_US1XM1X0XXXIXXXXX_BASE_TEST_SHORTER_SUBDATA_1_DPDAT,0
P2232948,G1651105P2232948_014040_PL01DB_FBXXX_US1PM1X0XXXIXXXXX_FRITS_NEW_EXP_S50,0
P2240468,G1649230P2240468_014040_PL01DB_FBXXX_US1XM1X1XXXIXXXXX_FMXD_MIXED_2_SBFT,0
P2234338,G1641997P2234338_014040_PL01DB_FBXXX_US1XM1X0XXXIXXXXX_FA_EXPONENT_NORMD_3_SBFT,0
P2239258,G1649262P2239258_014040_PL01DB_FBXXX_US1XM1X1XXXIXXXXX_WMT_SBFT_MSEMONS_BASIC,0
P2773142,G1647619P2773142_014040_PL01DQ_FBXXX_US1XM1X0XXXIXXXXX_SHORT_TEST_LOOPED_AND_PARAMETERIZED_D,0
P2475628,G1648853P2475628_014040_PL01DB_FBXXX_US1XM1X0XXXIXXXXX_IQSCHED_ALU0_11_FIX0,0
P2452250,G1644316P2452250_014040_PL01DB_FBXXX_US1XM1X0XXXIXXXXX_TC_STALL_ULT1,0
P2435956,G1650424P2435956_014040_PL01DQ_FBXXX_US1XM1X0XXXIXXXXX_PINGPONG_IAQDAT,0
P2442788,G1641905P2442788_014040_PL01DB_FBXXX_US1XM1X0XXXIXXXXX_MUL_IMUL_YT_ORP_000,0
P2231188,G1641303P2231188_014040_PL01DB_FBXXX_US1XM1X0XXXIXXXXX_NINT_CALLRET_INSTRLOOP_ORP_000,0
P2773542,G1647517P2773542_014040_PL01DQ_FBXXX_US1XM1X0XXXIXXXXX_MINIMAL_TEST_PARAMED_DPDAT_27,0
P2389338,G1641533P2389338_014040_PL01DB_FBXXX_US1XM1X0XXXIXXXXX_FMXD_FMRNDC_MANTISSA_LOGIC_VARIOUS,0
P2230858,G1644424P2230858_014040_PL01DB_FBXXX_US1XM1X0XXXIXXXXX_XMM_PAGING_ORP_002,0
P2475538,G1649419P2475538_014040_PL01DB_FBXXX_US1XM1X0XXXIXXXXX_IQSCHED_THREAD_MAX_FP_MEM_3_FIX0,0
P2446840,G1642340P2446840_014040_PL01DB_FBXXX_US1XM1X0XXXIXXXXX_AGCNTLD_STORE_LOAD_FRZ,0
P2344426,G1641604P2344426_014040_PL01DB_FBXXX_US1XM1X0XXXIXXXXX_BPBTB_TAR_2PORT_RDS_FINAL,0
P2237438,G1641027P2237438_014040_PL01DB_FBXXX_US1XM1X0XXXIXXXXX_TD_TB_PERF_TCRBCALL_TCRBR_T0,0
P2266648,G1697512P2266648_014040_PL01DB_FBXXX_US1XM1X0XXXIXXXXX_WNI_PRELOAD_LM0_ORP_000,0
P2773422,G1647566P2773422_014040_PL01DQ_FBXXX_US1XM1X0XXXIXXXXX_MINIMAL_TEST_PARAMED_DPDAT_15,0
P2229878,G1645488P2229878_014040_PL01DB_FBXXX_US1XM1X0XXXIXXXXX_FPU_ORP_001,0
P2239368,G1648363P2239368_014040_PL01DB_FBXXX_US1XM1X1XXXIXXXXX_TD_TB_BASIC_PERF_T1,0
P2767692,G1789583P2767692_014040_PL01DQ_FBXXX_US1XM1X0XXXXXXXXX_BASE_TEST_FP_2_DPDAT,0
P2234168,G1641724P2234168_014040_PL01DB_FBXXX_US1XM1X0XXXIXXXXX_VX_SINGLE_TEST2_SBFT,0
P2232578,G1649614P2232578_014040_PL01DB_FBXXX_US1XM1X0XXXIXXXXX_FMXD_ARITH1_SBFT,0
P2233658,G1644303P2233658_014040_PL01DB_FBXXX_US1XM1X0XXXIXXXXX_FA_RND_VX_ADD_SUB_SNG_SBFT,0
P2473668,G1641595P2473668_014040_PL01DB_FBXXX_US1XM1X0XXXIXXXXX_PIX_FRITS_CALL_RET01,0
P2385672,G1641884P2385672_014040_PL01DB_FBXXX_US1XM1X2XXXIXXXXX_IQSCHED_THREAD_MAX_FP_MEM_1,0
P2435826,G1649934P2435826_014040_PL01DQ_FBXXX_US1XM1X0XXXIXXXXX_SROSS_ALF_FEATURES_WITH_EVENTS_IAQDAT,0
P2233198,G1640540P2233198_014040_PL01DB_FBXXX_US1XM1X0XXXIXXXXX_DIVSS_MARCHING1S_SBFT,0
P2345182,G1642442P2345182_014040_PL01DB_FBXXX_US1XM1X0XXXIXXXXX_BPBTB_TAR_2PORT_RDS_FINAL_GDBND,0
P2235398,G1641698P2235398_014040_PL01DB_FBXXX_US1XM1X0XXXIXXXXX_WMT_SBFT_VRANGE_MTRR_MISS_2_T0,0
P2330102,G1643043P2330102_014040_PL01DB_FBXXX_US1XM1X1XXXIXXXXX_FPU_ORP_001,0
P2505578,G1642388P2505578_014040_PL01DB_FBXXX_US1XM1X0XXXIXXXXX_CRUCHK_LIVELOCK_XMM_DEFT_FORCEQ_ORP_0,0
P2435176,G1641011P2435176_014040_PL01DB_FBXXX_US1XM1X0XXXIXXXXX_BPBTPRED_TAG_OFF_0_3,0
P2233088,G1640976P2233088_014040_PL01DB_FBXXX_US1XM1X0XXXIXXXXX_FMXD_MIXED6_SBFT,0
P2238178,G1641560P2238178_014040_PL01DB_FBXXX_US1XM1X0XXXIXXXXX_ISPLATEST1,0
P2416968,G1648150P2416968_014040_PL01DB_FBXXX_US1XM1X0XXXIXXXXX_IS_MASK_BIT_11_P213,0
P2364630,G1642617P2364630_014040_PL01DB_FBXXX_US1XM1X0XXXIXXXXX_FACTLS_EMON_ALL,0
P2473768,G1648451P2473768_014040_PL01DB_FBXXX_US1XM1X0XXXIXXXXX_IQSCHED_ALU0_6_FIX0,0
P2773302,G1647515P2773302_014040_PL01DQ_FBXXX_US1XM1X0XXXIXXXXX_MINIMAL_TEST_PARAMED_DPDAT_3,0
P2423312,G1650938P2423312_014040_PL01DQ_FBXXX_US1XM1X0XXXIXXXXX_PSC_4R_CRU_CHKBYPASS1_ALU1_IAQDAT,0
P2480248,G1642501P2480248_014040_PL01DB_FBXXX_US1XM1X1XXXIXXXXX_FRITS_T1_IQSSU_FILLFIFO_LIMITALLSCHLR,0
P2236478,G1641111P2236478_014040_PL01DB_FBXXX_US1XM1X0XXXIXXXXX_SELROW2,0
P2266578,G1701779P2266578_014040_PL01DB_FBXXX_US1XM1X0XXXIXXXXX_INT_PRELOAD_LM1_ORP_000,0
P2476178,G1649016P2476178_014040_PL01DB_FBXXX_US1XM1X1XXXIXXXXX_CREVDETD_EVENTS_REALMODE_MT_FIX2,0
P2495548,G1642423P2495548_014040_PL01DB_FBXXX_US1XM1X0XXXIXXXXX_FRITS_T0_IQSSU_ALLCRS_RANDOM_ORP_000,0
P2515468,G1648264P2515468_014040_PL01DQ_FBXXX_US1XM1X0XXXIXXXXX_FLAG_WRITES_PRT2_LO_DPDAT,0
P2266398,G1650948P2266398_014040_PL01DB_FBXXX_US1XM1X0XXXIXXXXX_FPU_NOPRELOAD_LM0_ORP_001,0
P2509578,G1648535P2509578_014040_PL01DQ_FBXXX_US1XM1X0XXXIXXXXX_FLAGS_S1A2_HI_ODD_ZF1_DPDAT,0
P2231658,G1649660P2231658_014040_PL01DB_FBXXX_US1XM1X0XXXIXXXXX_FMXD_KNI2_SBFT,0
P2473218,G1642407P2473218_014040_PL01DB_FBXXX_US1XM1X1XXXIXXXXX_BRKPT1_SBFT_DR7_2,0
P2232168,G1640781P2232168_014040_PL01DB_FBXXX_US1XM1X0XXXIXXXXX_MSBUSTOGGLE_SBFT,0
P2229938,G1642591P2229938_014040_PL01DB_FBXXX_US1XM1X0XXXIXXXXX_FPUMMX_ORP_002,0
P2773552,G1647482P2773552_014040_PL01DQ_FBXXX_US1XM1X0XXXIXXXXX_MINIMAL_TEST_PARAMED_DPDAT_28,0
P2388828,G1651162P2388828_014040_PL01DB_FBXXX_US1XM1X0XXXIXXXXX_FA_RND_R2I_EXTENDED_SBFT,0
P2465994,G1643792P2465994_014040_PL01DB_FBXXX_US1XM1X0XXXIXXXXX_CREG_FRITS_TEST4_ORP_000,0
P2238098,G1640658P2238098_014040_PL01DB_FBXXX_US1XM1X0XXXIXXXXX_WRAPPERS5,0
P2364690,G1644415P2364690_014040_PL01DB_FBXXX_US1XM1X0XXXIXXXXX_FACTLS_EMON_PD,0
P2241768,G1641628P2241768_014040_PL01DB_FBXXX_US1XM1X1XXXIXXXXX_SAAT_SADPD_CREG_SBFT_T1,0
P2475118,G1651747P2475118_014040_PL01DB_FBXXX_US1XM1X0XXXIXXXXX_JMPSBRS_ORP_002,0
P2444650,G1642405P2444650_014040_PL01DB_FBXXX_US1XM1X0XXXIXXXXX_FMXD_FMRNDC_INT_ZERO_FLAG_BOUNDARY_OF,0
P2236528,G1640823P2236528_014040_PL01DB_FBXXX_US1XM1X0XXXIXXXXX_MSPUBD_BUS_SEL,0
P2387350,G1649316P2387350_014040_PL01DB_FBXXX_US1XM1X1XXXIXXXXX_RENAME_SYSCS,0
P2232278,G1640631P2232278_014040_PL01DB_FBXXX_US1XM1X0XXXIXXXXX_FMXD_MMX5_SBFT,0
P2509508,G1648998P2509508_014040_PL01DQ_FBXXX_US1XM1X0XXXIXXXXX_FLAGS_S1A2_EVEN_RAND2_DPDAT,0
P2233288,G1641670P2233288_014040_PL01DB_FBXXX_US1XM1X0XXXIXXXXX_DIVSS_MARCHINGDS_SBFT,0
P2237338,G1649064P2237338_014040_PL01DB_FBXXX_US1XM1X0XXXIXXXXX_TD_TB_PERF_TBTB_LIMIT_T0,0
P2485988,G1642540P2485988_014040_PL01DB_FBXXX_US1XM1X1XXXIXXXXX_POWER_DEFT_FPU_NOPRELOAD_LM0_ORP_003,0
P2236398,G1641759P2236398_014040_PL01DB_FBXXX_US1XM1X0XXXIXXXXX_BPBTPRED_BIMODAL_OFFSET,0
P2233988,G1641439P2233988_014040_PL01DB_FBXXX_US1XM1X0XXXIXXXXX_PMUL_TESTADD_SBFT,0
P2236448,G1640694P2236448_014040_PL01DB_FBXXX_US1XM1X0XXXIXXXXX_WMT_SBFT_TC_SCAVENGE,0
P2506058,G1646657P2506058_014040_PL01DB_FBXXX_US1XM1X2XXXIXXXXX_FRITS_MT_SSU_CRARRAYFRZCTRLONGLATCY_O,0
P2444770,G1653038P2444770_014040_PL01DB_FBXXX_US1XM1X1XXXIXXXXX_FACTLS_EMON_AST_SAT,0
P2509598,G1647886P2509598_014040_PL01DQ_FBXXX_US1XM1X0XXXIXXXXX_FLAGS_S1A2_HI_EVEN_ZF1_DPDAT,0
P2473058,G1641925P2473058_014040_PL01DB_FBXXX_US1XM1X1XXXIXXXXX_BRKPT_SBFT_INST,0
P2472498,G1641408P2472498_014040_PL01DB_FBXXX_US1XM1X0XXXIXXXXX_TBITRDD_JMP_FAULT11,0
P2238148,G1649200P2238148_014040_PL01DB_FBXXX_US1XM1X0XXXIXXXXX_RANDOMINSTBYTE5,0
P2241258,G1650636P2241258_014040_PL01DB_FBXXX_US1XM1X0XXXIXXXXX_RATPERF_SHARKY007,0
P2458934,G1650638P2458934_014040_PL01DB_FBXXX_US1XM1X0XXXIXXXXX_CRUCHK_LIVELOCK_DEFT_ORP_001,0
P2234798,G1647881P2234798_014040_PL01DB_FBXXX_US1XM1X0XXXIXXXXX_MOB_BADADDR_DEFEATURE2,0
P2256848,G1641688P2256848_014040_PL01DB_FBXXX_US1XM1X2XXXIXXXXX_ALF_FAULTGRADE_INT_THEMPTY,0
P2499908,G1644401P2499908_014040_PL01DB_FBXXX_US1XM1X0XXXIXXXXX_FRITS_T0_SSU_CR_ARRAY_FRZ_CTL_ORP_000,0
P2443558,G1641486P2443558_014040_PL01DB_FBXXX_US1XM1X0XXXIXXXXX_CRNKCTLS_ALDTRD,0
P2234308,G1640639P2234308_014040_PL01DB_FBXXX_US1XM1X0XXXIXXXXX_MOB_UPDOWNLDST5,0
P2417008,G1641189P2417008_014040_PL01DB_FBXXX_US1XM1X0XXXIXXXXX_IS_MASK_BIT_15_P213,0
P2773492,G1647496P2773492_014040_PL01DQ_FBXXX_US1XM1X0XXXIXXXXX_MINIMAL_TEST_PARAMED_DPDAT_22,0
P2431764,G1641311P2431764_014040_PL01DB_FBXXX_UX1XM1X2XXXIXXXXX_FGIQBINDN1_MT,0
P2773602,G1647483P2773602_014040_PL01DQ_FBXXX_US1XM1X0XXXIXXXXX_MINIMAL_TEST_PARAMED_DPDAT_33,0
P2443508,G1640951P2443508_014040_PL01DB_FBXXX_US1XM1X2XXXIXXXXX_ALF_FAULTGRADE_STALLS2_MT,0
P2773312,G1647502P2773312_014040_PL01DQ_FBXXX_US1XM1X0XXXIXXXXX_MINIMAL_TEST_PARAMED_DPDAT_4,0
P2344466,G1650821P2344466_014040_PL01DB_FBXXX_US1XM1X0XXXIXXXXX_BPBTB_TAR_2PORT_RDS_FINAL,0
P2231238,G1644372P2231238_014040_PL01DB_FBXXX_US1XM1X0XXXIXXXXX_PAGE_SPLIT_ORP_000,0
P2238998,G1640925P2238998_014040_PL01DB_FBXXX_US1XM1X0XXXIXXXXX_TD_TB_011_B,0
P2233978,G1641570P2233978_014040_PL01DB_FBXXX_US1XM1X0XXXIXXXXX_PFMUL_OV_SBFT,0
P2773282,G1647495P2773282_014040_PL01DQ_FBXXX_US1XM1X0XXXIXXXXX_MINIMAL_TEST_PARAMED_DPDAT_1,0
P2376690,G1647520P2376690_014040_PL01DQ_FBXXX_US1XM1X0XXXIXXXXX_LD_FSFBHIT_20_PORT2_DPDAT,0
P2431814,G1648483P2431814_014040_PL01DB_FBXXX_UX1XM1X2XXXIXXXXX_FGIQBINDN3_MT,0
P2489348,G1642437P2489348_014040_PL01DB_FBXXX_US1XM1X0XXXIXXXXX_PIX_FRITS_IMMED_ARTH_SEQ_04,0
P2375970,G1651025P2375970_014040_PL01DQ_FBXXX_US1XM1X0XXXIXXXXX_HE_ALUOPS_RANDOM_0_PORT2_DPDAT,0
P2236608,G1648412P2236608_014040_PL01DB_FBXXX_US1XM1X0XXXIXXXXX_WMT_SBFT_MSEMONS_BASIC_A,0
P2475348,G1641330P2475348_014040_PL01DB_FBXXX_US1XM1X0XXXIXXXXX_MTSTALL_FIX1,0
P2468534,G1641783P2468534_014040_PL01DB_FBXXX_US1XM1X0XXXIXXXXX_IQSCHED_THREAD_MAX_SLOW_SCHEDULER_ORI,0
P2472208,G1653175P2472208_014040_PL01DB_FBXXX_US1XM1X0XXXIXXXXX_ALL_EVENTS_ORP_000,0
P2242178,G1648872P2242178_014040_PL01DB_FBXXX_US1XM1X0XXXIXXXXX_WMT_SBFT_ITLRUINCLD1,0
P2445450,G1650706P2445450_014040_PL01DB_FBXXX_US1XM1X1XXXIXXXXX_FST_FSTP_EXPUND_ORP_000,0
P2442838,G1649313P2442838_014040_PL01DB_FBXXX_US1XM1X0XXXIXXXXX_JMPCTLN_ORP_001,0
P2773412,G1647505P2773412_014040_PL01DQ_FBXXX_US1XM1X0XXXIXXXXX_MINIMAL_TEST_PARAMED_DPDAT_14,0
P2266528,G1690551P2266528_014040_PL01DB_FBXXX_US1XM1X0XXXIXXXXX_FPUMMX_PRELOAD_LM0_ORP_001,0
P2241698,G1641425P2241698_014040_PL01DB_FBXXX_US1XM1X2XXXIXXXXX_WMT_SBFT_JEU_MT_NO_PATCH_REVERSED,0
P2385722,G1641598P2385722_014040_PL01DB_FBXXX_US1XM1X2XXXIXXXXX_IQSCHED_THREAD_MAX_SLOW_SCHEDULER_3,0
P2753822,G1641430P2753822_014040_PL01DB_FBXXX_UX1XM1X0XXXIXXXXX_T3THR_FRITS_F0110007_54_1MIN_CSE_SBFT,0
P2233808,G1640537P2233808_014040_PL01DB_FBXXX_US1XM1X0XXXIXXXXX_FIRM_FIMRC_ROT_SSDB_FRD_LDC_SBFT,0
P2344990,G1641432P2344990_014040_PL01DB_FBXXX_US1XM1X0XXXIXXXXX_EMONRRRRSHARKY_005_SBFT,0
P2233268,G1648690P2233268_014040_PL01DB_FBXXX_US1XM1X0XXXIXXXXX_DIVSS_MARCHINGBS_SBFT,0
P2310098,G1696664P2310098_014040_PL01DB_FBXXX_US1XM1X0XXXIXXXXX_MMX_NOPRELOAD_LM0_ORP_001,0
P2444780,G1642571P2444780_014040_PL01DB_FBXXX_US1XM1X1XXXIXXXXX_FACTLS_EMON_ALL,0
P2235088,G1640665P2235088_014040_PL01DB_FBXXX_US1XM1X0XXXIXXXXX_MEU_PMH_PDECCH4_3_SBFT_PROT_PAGE_T1,0
P2241128,G1641705P2241128_014040_PL01DB_FBXXX_US1XM1X0XXXIXXXXX_IPD_P66P67_DEC4,0
P2236108,G1640978P2236108_014040_PL01DB_FBXXX_US1XM1X0XXXIXXXXX_TD_TB_LIMIT_LITTLE_VIOL,0
P2338996,G1640915P2338996_014040_PL01DB_FBXXX_US1PM1X0XXXIXXXXX_REGDEP_DAISY_T0_FRITS_ORPHAN_0,0
P2237058,G1640902P2237058_014040_PL01DB_FBXXX_US1XM1X0XXXIXXXXX_MSPUBD_BUS_SEL_1,0
P2339026,G1649029P2339026_014040_PL01DB_FBXXX_US1XM1X0XXXIXXXXX_LONGINST,0
P2472368,G1641007P2472368_014040_PL01DB_FBXXX_US1XM1X0XXXIXXXXX_TBTACD_TARGET_ALLOC2,0
P2344486,G1651012P2344486_014040_PL01DB_FBXXX_US1XM1X0XXXIXXXXX_BPBTB_TAR_2PORT_RDS_FINAL,0
P2241878,G1648914P2241878_014040_PL01DB_FBXXX_US1XM1X2XXXIXXXXX_CALLMT_CSBASE,0
P2236128,G1641509P2236128_014040_PL01DB_FBXXX_US1XM1X0XXXIXXXXX_TD_TB_LIMIT_LITTLE_VIOL3,0
P2233648,G1640732P2233648_014040_PL01DB_FBXXX_US1XM1X0XXXIXXXXX_GEN8WMT_J_SBFT,0
P2233918,G1642344P2233918_014040_PL01DB_FBXXX_US1XM1X0XXXIXXXXX_FMDIVC4_SBFT,0
P2387020,G1641047P2387020_014040_PL01DB_FBXXX_US1XM1X0XXXIXXXXX_TBPU_LBR_SBFT,0
P2345422,G1642006P2345422_014040_PL01DB_FBXXX_US1XM1X0XXXIXXXXX_IXLAT_BABRANCH_AGGRESS_IXBABRANCH,0
P2345292,G1650752P2345292_014040_PL01DB_FBXXX_US1XM1X0XXXIXXXXX_BPBTB_TAR_2PORT_RDS_FINAL_GDBND,0
P2505698,G1649478P2505698_014040_PL01DB_FBXXX_US1XM1X1XXXIXXXXX_CRUCHK_LIVELOCK_XMM_ORP_002,0
P2234618,G1648966P2234618_014040_PL01DB_FBXXX_US1XM1X0XXXIXXXXX_SAAT_VM86_SBFT,0
P2230268,G1642330P2230268_014040_PL01DB_FBXXX_US1XM1X0XXXIXXXXX_FPU_OVRFL_FMUL_ORP_000,0
P2364670,G1644413P2364670_014040_PL01DB_FBXXX_US1XM1X0XXXIXXXXX_FACTLS_EMON_LBP,0
P2386600,G1641728P2386600_014040_PL01DB_FBXXX_US1XM1X0XXXIXXXXX_WMT_FILD_PATCH,0
P2239878,G1642408P2239878_014040_PL01DB_FBXXX_US1XM1X0XXXIXXXXX_PERFSHARKY007,0
P2235838,G1648874P2235838_014040_PL01DB_FBXXX_US1XM1X0XXXIXXXXX_MEU_PMH_CR3_TOGGLE_5,0
P2232788,G1652439P2232788_014040_PL01DB_FBXXX_US1PM1X0XXXIXXXXX_FRITS_NEW_EXP_S11,0
P2238478,G1640725P2238478_014040_PL01DB_FBXXX_US1XM1X0XXXIXXXXX_TD_TB_006_STRUCT_TBTACD_ST,0
P2237988,G1647978P2237988_014040_PL01DB_FBXXX_US1XM1X1XXXIXXXXX_SAAT_NUKE_SBFT_T1,0
P2339326,G1647017P2339326_014040_PL01DB_FBXXX_US1XM1X1XXXIXXXXX_TEMPLIVELOCK_QUEUE_ORP_007,0
P2235778,G1640554P2235778_014040_PL01DB_FBXXX_US1XM1X0XXXIXXXXX_DAC_FILL_ORDQ_MORE_T0,0
P2389278,G1641622P2389278_014040_PL01DB_FBXXX_US1XM1X0XXXIXXXXX_FLAME_FLSFDBM_NODUMP,0
P2236858,G1641626P2236858_014040_PL01DB_FBXXX_US1XM1X0XXXIXXXXX_TD_TB_014_7,0
P2242368,G1648566P2242368_014040_PL01DB_FBXXX_US1XM1X2XXXIXXXXX_TD_TB_013,0
P2233738,G1641416P2233738_014040_PL01DB_FBXXX_US1XM1X0XXXIXXXXX_FIRFM_STUCK_1_SBFT,0
P2472888,G1642324P2472888_014040_PL01DB_FBXXX_US1XM1X0XXXIXXXXX_FMXD_FMRNDC_INTEGER_SHIFT_ONES,0
P2230408,G1642332P2230408_014040_PL01DB_FBXXX_US1XM1X0XXXIXXXXX_FPU_SQRT_ORP_004,0
P2234978,G1642508P2234978_014040_PL01DB_FBXXX_US1XM1X0XXXIXXXXX_FMEXPD_SIMPLE_PS_SBFT,0
P2338866,G1641263P2338866_014040_PL01DB_FBXXX_UX1PM1X1XXXIXXXXX_INT_MON2_T1_FRITS_ORPHAN_5,0
P2449510,G1641287P2449510_014040_PL01DB_FBXXX_US1XM1X1XXXIXXXXX_SB_BTBPRED_T1,0
P2266418,G1699164P2266418_014040_PL01DB_FBXXX_US1XM1X0XXXIXXXXX_FPU_NOPRELOAD_LM0_UNALIGNED_ORP_000,0
P2473158,G1640955P2473158_014040_PL01DB_FBXXX_US1XM1X0XXXIXXXXX_FM_VX_ARITH_SCALAR_SINGLE_DAZ_SBFT,0
P2235038,G1648386P2235038_014040_PL01DB_FBXXX_US1XM1X0XXXIXXXXX_FAX_BYPASS_TEST1_SBFT,0
P2344970,G1649386P2344970_014040_PL01DB_FBXXX_US1XM1X0XXXIXXXXX_SS_TESTS_DISP_W_REPLY_SHARKY5,0
P2240958,G1641154P2240958_014040_PL01DB_FBXXX_US1XM1X0XXXIXXXXX_TD_TB_NLIP_OLDLIPI_T0,0
P2376580,G1647523P2376580_014040_PL01DQ_FBXXX_US1XM1X0XXXIXXXXX_LD_FSFBHIT_10_PORT2_DPDAT,0
P2505548,G1643131P2505548_014040_PL01DB_FBXXX_US1XM1X1XXXIXXXXX_CRUCHK_LIVELOCK_XMM_DEFT_FORCEQ_ORP_0,0
P2338956,G1641740P2338956_014040_PL01DB_FBXXX_UX1PM1X1XXXIXXXXX_INT_MON2_T1_FRITS_ORPHAN_0,0
P2452140,G1641787P2452140_014040_PL01DB_FBXXX_US1XM1X0XXXIXXXXX_CRNKCTLS_WB_FP,0
P2338886,G1644364P2338886_014040_PL01DB_FBXXX_US1XM1X0XXXIXXXXX_FEC_OPS_GEN_SBFT,0
P2449590,G1648414P2449590_014040_PL01DB_FBXXX_US1XM1X1XXXIXXXXX_FIRM_EMON_SBFT,0
P2509538,G1647939P2509538_014040_PL01DQ_FBXXX_US1XM1X0XXXIXXXXX_FLAGS_S1A2_LO_ODD_ZF1_DPDAT,0
P2457410,G1650016P2457410_014040_PL01DB_FBXXX_US1XM1X0XXXIXXXXX_PATMTRR,0
P2388778,G1641939P2388778_014040_PL01DB_FBXXX_US1XM1X0XXXIXXXXX_WNI_BASIC_BOOTSTRAP_S01_O013,0
P2240068,G1640985P2240068_014040_PL01DB_FBXXX_US1XM1X0XXXIXXXXX_FMXD_MMX6_SBFT,0
P2232448,G1640722P2232448_014040_PL01DB_FBXXX_US1XM1X0XXXIXXXXX_TD_TB_LIMIT_4GIGMEM,0
P2239978,G1640683P2239978_014040_PL01DB_FBXXX_US1XM1X0XXXIXXXXX_IFALU_TRAVEL2_SBFT,0
P2237858,G1641518P2237858_014040_PL01DB_FBXXX_US1XM1X0XXXIXXXXX_WMT_SBFT_FLPUBDUSEL_2,0
P2773382,G1647592P2773382_014040_PL01DQ_FBXXX_US1XM1X0XXXIXXXXX_MINIMAL_TEST_PARAMED_DPDAT_11,0
P2230318,G1652687P2230318_014040_PL01DB_FBXXX_US1XM1X0XXXIXXXXX_FPU_RND_EXCEP_ORP_000,0
P2234518,G1641204P2234518_014040_PL01DB_FBXXX_US1XM1X0XXXIXXXXX_SVFLA2_T1,0
P2475558,G1641101P2475558_014040_PL01DB_FBXXX_US1XM1X0XXXIXXXXX_IQSCHED_THREAD_MAX_SLOW_SCHEDULER_5_F,0
P2473388,G1643751P2473388_014040_PL01DB_FBXXX_US1XM1X1XXXIXXXXX_BRKPT1_SBFT,0
P2344256,G1648852P2344256_014040_PL01DB_FBXXX_US1XM1X0XXXIXXXXX_BPBTB_TAR_2PORT_RDS_FINAL_GDBND,0
P2344016,G1650471P2344016_014040_PL01DB_FBXXX_US1XM1X0XXXIXXXXX_BPBTB_TAR_2PORT_RDS_FINAL,0
P2773702,G1647507P2773702_014040_PL01DQ_FBXXX_US1XM1X0XXXIXXXXX_MINIMAL_TEST_PARAMED_DPDAT_43,0
P2773342,G1647657P2773342_014040_PL01DQ_FBXXX_US1XM1X0XXXIXXXXX_MINIMAL_TEST_PARAMED_DPDAT_7,0
P2222318,G1642528P2222318_014040_PL01DB_FBXXX_US1XM1X0XXXIXXXXX_LDST_ORP_004,0
P2385582,G1641708P2385582_014040_PL01DB_FBXXX_US1XM1X2XXXIXXXXX_IQSCHED_ALU0_13,0
P2240868,G1641100P2240868_014040_PL01DB_FBXXX_US1XM1X0XXXIXXXXX_TD_TB_014_3_FLIP,0
P2229968,G1642316P2229968_014040_PL01DB_FBXXX_US1XM1X0XXXIXXXXX_INT_ORP_000,0
P2235498,G1640644P2235498_014040_PL01DB_FBXXX_US1XM1X0XXXIXXXXX_MEU_PMH_FIXED_MTRR_MISS_2,0
P2475548,G1648851P2475548_014040_PL01DB_FBXXX_US1XM1X0XXXIXXXXX_IQSCHED_THREAD_MAX_SLOW_SCHEDULER_1_F,0
P2339186,G1693521P2339186_014040_PL01DB_FBXXX_US1XM1X0XXXIXXXXX_NUMERATOR_ESCR2_FIRST7_ORP_000,0
P2233688,G1640723P2233688_014040_PL01DB_FBXXX_US1XM1X1XXXIXXXXX_GEN8WMT_J_SBFT,0
P2238158,G1640659P2238158_014040_PL01DB_FBXXX_US1XM1X0XXXIXXXXX_RANDOMINSTBYTE6,0
P2385202,G1648711P2385202_014040_PL01DB_FBXXX_US1XM1X2XXXIXXXXX_ALFFPREADSTALL,0
P2468694,G1643122P2468694_014040_PL01DB_FBXXX_US1XM1X0XXXIXXXXX_TEST2,0
P2233298,G1641747P2233298_014040_PL01DB_FBXXX_US1XM1X2XXXIXXXXX_CREVDETD_EVENTS_REALMODE_MT,0
P2236328,G1640560P2236328_014040_PL01DB_FBXXX_US1XM1X0XXXIXXXXX_TDE_SBFT_NLIP_BLIP_LIVE,0
P2345572,G1650252P2345572_014040_PL01DB_FBXXX_US1XM1X0XXXIXXXXX_BPBTB_TAR_2PORT_RDS_FINAL_GDBND,0
P2475508,G1640758P2475508_014040_PL01DB_FBXXX_US1XM1X0XXXIXXXXX_IQSCHED_ALU0_14_FIX0,0
P2773582,G1647511P2773582_014040_PL01DQ_FBXXX_US1XM1X0XXXIXXXXX_MINIMAL_TEST_PARAMED_DPDAT_31,0
P2232738,G1640581P2232738_014040_PL01DB_FBXXX_US1XM1X0XXXIXXXXX_FMXD_FAX_ARITH4_SBFT,0
P2241138,G1641200P2241138_014040_PL01DB_FBXXX_US1XM1X1XXXIXXXXX_TD_TB_EV_UBR_FIP_T1,0
P2238528,G1647909P2238528_014040_PL01DB_FBXXX_US1XM1X0XXXIXXXXX_TD_TB_006_STRUCT_TBTACD_ST,0
P2435156,G1649259P2435156_014040_PL01DB_FBXXX_US1XM1X2XXXIXXXXX_WMT_SBFT_MT_JUMPS,0
P2232248,G1641652P2232248_014040_PL01DB_FBXXX_US1XM1X0XXXIXXXXX_WMT_SISBFT_XMMREG,0
P2479130,G1667332P2479130_014040_PL01DQ_FBXXX_US1XM1X0XXXIXXXXX_HE_ALU1_ADD_5_DPDAT,0
P2232768,G1652222P2232768_014040_PL01DB_FBXXX_US1PM1X0XXXIXXXXX_FRITS_FPU_IMEM_T2S11,0
P2405612,G1640875P2405612_014040_PL01DB_FBXXX_US1XM1X0XXXIXXXXX_IS_MASK_BIT_20_P234,0
P2496698,G1642481P2496698_014040_PL01DB_FBXXX_US1XM1X0XXXIXXXXX_PIX_FRITS_IPLENDEC3A_ORP_008,0
P2233578,G1641792P2233578_014040_PL01DB_FBXXX_US1XM1X0XXXIXXXXX_FA_RND_STICKY_FP_ADD_SUB_SBFT,0
P2231858,G1650426P2231858_014040_PL01DB_FBXXX_US1XM1X0XXXIXXXXX_FMXD_INT6_SBFT,0
P2234388,G1641875P2234388_014040_PL01DB_FBXXX_US1XM1X0XXXIXXXXX_FA_FAP2D_1_SBFT,0
P2458944,G1642412P2458944_014040_PL01DB_FBXXX_US1XM1X0XXXIXXXXX_CRUCHK_LIVELOCK_DEFT_ORP_002,0
P2232708,G1649398P2232708_014040_PL01DB_FBXXX_US1PM1X0XXXIXXXXX_INT_S2_FRITS_ORPHAN,0
P2423012,G1647529P2423012_014040_PL01DQ_FBXXX_US1XM1X0XXXIXXXXX_PSC_4R_CRU_SLOW_FAST_D2_IAQDAT,0
P2773572,G1647525P2773572_014040_PL01DQ_FBXXX_US1XM1X0XXXIXXXXX_MINIMAL_TEST_PARAMED_DPDAT_30,0
P2515458,G1649108P2515458_014040_PL01DQ_FBXXX_US1XM1X0XXXIXXXXX_FLAG_MOV_PRT1_HI_RAND0_DPDAT,0
P2230098,G1649941P2230098_014040_PL01DB_FBXXX_US1XM1X0XXXIXXXXX_WNI_ORP_003,0
P2240638,G1641364P2240638_014040_PL01DB_FBXXX_US1XM1X0XXXIXXXXX_BPBTPRED_TARGET_SET,0
P2230158,G1648827P2230158_014040_PL01DB_FBXXX_US1XM1X0XXXIXXXXX_XMM_ORP_004,0
P2387688,G1641835P2387688_014040_PL01DB_FBXXX_US1XM1X0XXXIXXXXX_NINT_BRANCH_ORP_019,0
P2440796,G1648815P2440796_014040_PL01DB_FBXXX_US1XM1X2XXXIXXXXX_EMON_SB_SBFT_THREAD_SWITCH_MT,0
P2423222,G1644345P2423222_014040_PL01DQ_FBXXX_US1XM1X0XXXIXXXXX_PSC_4R_CRU_TOR_TRIP_T1_IAQDAT,0
P2240008,G1649040P2240008_014040_PL01DB_FBXXX_US1XM1X0XXXIXXXXX_SQRTSS_PI_TO_ONE_SBFT,0
P2385212,G1649671P2385212_014040_PL01DB_FBXXX_US1XM1X2XXXIXXXXX_CREVDETD_EVENTS_MULT_REAL_MT,0
P2238518,G1640960P2238518_014040_PL01DB_FBXXX_US1XM1X0XXXIXXXXX_IPD_P66P67_DEC6,0
P2440848,G1648681P2440848_014040_PL01DB_FBXXX_US1XM1X2XXXIXXXXX_TCTHRSELS101H_PATH_MT,0
P2466024,G1642426P2466024_014040_PL01DB_FBXXX_US1XM1X0XXXIXXXXX_CREG_FRITS_TEST7_ORP_000,0
P2231848,G1642465P2231848_014040_PL01DB_FBXXX_US1XM1X0XXXIXXXXX_FMXD_INT5_SBFT,0
P2230568,G1650763P2230568_014040_PL01DB_FBXXX_US1XM1X0XXXIXXXXX_BRANCH_PAGING_ORP_003,0
P2233218,G1641070P2233218_014040_PL01DB_FBXXX_US1XM1X0XXXIXXXXX_DIVSS_MARCHING5S_SBFT,0
P2375010,G1647554P2375010_014040_PL01DQ_FBXXX_US1XM1X0XXXIXXXXX_BYPASS_P0_TO_STA_PORT2_DPDAT,0
P2338746,G1649418P2338746_014040_PL01DB_FBXXX_US1XM1X2XXXIXXXXX_SAAT_SACTLDRREGT1_SBFT,0
P2235418,G1642519P2235418_014040_PL01DB_FBXXX_US1XM1X0XXXIXXXXX_BRKPT2_SBFT,0
P2423212,G1649691P2423212_014040_PL01DQ_FBXXX_US1XM1X0XXXIXXXXX_PSC_4R_CRU_BYPMUX1_LDSTA_IAQDAT,0
P2773452,G1647492P2773452_014040_PL01DQ_FBXXX_US1XM1X0XXXIXXXXX_MINIMAL_TEST_PARAMED_DPDAT_18,0
P2466174,G1641765P2466174_014040_PL01DB_FBXXX_US1XM1X0XXXIXXXXX_CREVDETD_EVENTS_REALMODE_MT,0
P2439856,G1647461P2439856_014040_PL01DQ_FBXXX_US1XM1X0XXXIXXXXX_PSC_4R_SS_FP0FPEXCH_FORCERDY_ST0_IAQD,0
P2502238,G1650809P2502238_014040_PL01DB_FBXXX_US1XM1X0XXXIXXXXX_SAAT_REPLAY_WHACK_SPLIT_STORE_ORP_001,0
P2773712,G1647498P2773712_014040_PL01DQ_FBXXX_US1XM1X0XXXIXXXXX_MINIMAL_TEST_PARAMED_DPDAT_44,0
P2233878,G1650189P2233878_014040_PL01DB_FBXXX_US1XM1X0XXXIXXXXX_FMREXPD_SIMPLE_SBFT,0
P2773662,G1647578P2773662_014040_PL01DQ_FBXXX_US1XM1X0XXXIXXXXX_MINIMAL_TEST_PARAMED_DPDAT_39,0
P2773722,G1647508P2773722_014040_PL01DQ_FBXXX_US1XM1X0XXXIXXXXX_MINIMAL_TEST_PARAMED_DPDAT_45,0
P2238428,G1648584P2238428_014040_PL01DB_FBXXX_US1XM1X0XXXIXXXXX_IXPLA3TEST09,0
P2344136,G1649796P2344136_014040_PL01DB_FBXXX_US1XM1X0XXXIXXXXX_BPBTB_TAR_2PORT_RDS_FINAL_GDBND,0
P2234158,G1648089P2234158_014040_PL01DB_FBXXX_US1XM1X0XXXIXXXXX_ALLSTORES,0
P2404130,G1649890P2404130_014040_PL01DB_FBXXX_US1XM1X0XXXIXXXXX_WMT_SBFT_IQPUBDUSEL,0
P2773122,G1647586P2773122_014040_PL01DQ_FBXXX_US1XM1X0XXXIXXXXX_SHORT_TEST_LOOPED_AND_PARAMETERIZED_D,0
P2475658,G1648864P2475658_014040_PL01DB_FBXXX_US1XM1X0XXXIXXXXX_IQSCHED_THREAD_MAX_FP_MEM_6_FIX0,0
P2236998,G1640679P2236998_014040_PL01DB_FBXXX_US1XM1X1XXXIXXXXX_WMT_SBFT_ITULSBREQD1,0
P2344980,G1640971P2344980_014040_PL01DB_FBXXX_US1XM1X0XXXIXXXXX_SS_TESTS_DISP_WO_REPLY_SHARKY5,0
P2239668,G1640621P2239668_014040_PL01DB_FBXXX_US1XM1X1XXXIXXXXX_TD_TB_PERF_TCMRBB_TCMRBCOND_T1,0
P2330202,G1642702P2330202_014040_PL01DB_FBXXX_US1XM1X1XXXIXXXXX_PAGE_SPLIT_ORP_004,0
P2338906,G1641672P2338906_014040_PL01DB_FBXXX_US1PM1X0XXXIXXXXX_INT_MON2_EFLAG_T0_FRITS_ORPHAN_6,0
P2375280,G1648464P2375280_014040_PL01DQ_FBXXX_US1XM1X0XXXIXXXXX_HE_ALU_BYPASS_PRT1_TO_PRT1_10_PORT2_D,0
P2473468,G1644297P2473468_014040_PL01DB_FBXXX_US1XM1X0XXXIXXXXX_FMXD_FMRNDC_DIV_INTOF,0
P2475618,G1641888P2475618_014040_PL01DB_FBXXX_US1XM1X0XXXIXXXXX_IQSCHED_THREAD_MAX_FP_MEM_7_FIX0,0
P2310118,G1697141P2310118_014040_PL01DB_FBXXX_US1XM1X0XXXIXXXXX_MMX_NOPRELOAD_LM0_ORP_003,0
P2405932,G1649285P2405932_014040_PL01DB_FBXXX_US1XM1X0XXXIXXXXX_IS_MASK_BIT_27_P234,0
P2238308,G1640818P2238308_014040_PL01DB_FBXXX_US1XM1X0XXXIXXXXX_IXPLA1TEST2,0
P2231828,G1641159P2231828_014040_PL01DB_FBXXX_US1XM1X0XXXIXXXXX_FMXD_INT3_SBFT,0
P2236388,G1640764P2236388_014040_PL01DB_FBXXX_US1XM1X0XXXIXXXXX_MSPUBD_CASCADE_SBFT,0
P2773772,G1647530P2773772_014040_PL01DQ_FBXXX_US1XM1X0XXXIXXXXX_MINIMAL_TEST_PARAMED_DPDAT_50,0
P2515428,G1649330P2515428_014040_PL01DQ_FBXXX_US1XM1X0XXXIXXXXX_FLAG_MOV_PRT0_LO_RAND0_DPDAT,0
P2389328,G1650982P2389328_014040_PL01DB_FBXXX_US1XM1X0XXXIXXXXX_INT_BASIC_BOOTSTRAP_S01_O112,0
P2236188,G1648636P2236188_014040_PL01DB_FBXXX_US1XM1X0XXXIXXXXX_LBR_JMP_INTN_SBFT,0
P2372690,G1647473P2372690_014040_PL01DQ_FBXXX_US1XM1X0XXXIXXXXX_AGU_CKT_13_PORT2_DPDAT,0
P2457440,G1649729P2457440_014040_PL01DB_FBXXX_US1XM1X0XXXIXXXXX_MEU_PMH_MODEC_SBFT_TEST_3,0
P2330132,G1642492P2330132_014040_PL01DB_FBXXX_US1XM1X1XXXIXXXXX_INT_PAGING_ORP_004,0
P2474488,G1640853P2474488_014040_PL01DB_FBXXX_US1XM1X0XXXIXXXXX_IQSCHED_ALU0_12_FIX0,0
P2239568,G1648239P2239568_014040_PL01DB_FBXXX_US1XM1X1XXXIXXXXX_TD_TB_PERF_RETBRCALL_RETBRRET_T1,0
P2344496,G1642475P2344496_014040_PL01DB_FBXXX_US1XM1X0XXXIXXXXX_BPBTB_TAR_2PORT_RDS_FINAL_GDBND,0
P2773242,G1648132P2773242_014040_PL01DQ_FBXXX_US1XM1X0XXXIXXXXX_SHORT_TEST_REPEAT_DPDAT_1,0
P2472798,G1641674P2472798_014040_PL01DB_FBXXX_US1XM1X0XXXIXXXXX_FA_VX_ARITH_PACKED_SINGLE_DAZ_SBFT,0
P2449520,G1641789P2449520_014040_PL01DB_FBXXX_US1XM1X1XXXIXXXXX_BPSBCH_T1_OFFCOLE3,0
P2773212,G1648207P2773212_014040_PL01DQ_FBXXX_US1XM1X0XXXIXXXXX_SHORT_TEST_LOOPED_AND_PARAMETERIZED_D,0
P2374630,G1648540P2374630_014040_PL01DQ_FBXXX_US1XM1X0XXXIXXXXX_ALU_WALK_CARRY_P0_5_PORT2_DPDAT,0
P2229978,G1650795P2229978_014040_PL01DB_FBXXX_US1XM1X0XXXIXXXXX_INT_ORP_001,0
P2436716,G1641933P2436716_014040_PL01DB_FBXXX_US1XM1X0XXXIXXXXX_CREG_FRITS_TEST3_ORP_000,0
P2767652,G1647478P2767652_014040_PL01DQ_FBXXX_US1XM1X0XXXIXXXXX_SHORTER_ADDDATA_2_DPDAT,0
P2472898,G1648834P2472898_014040_PL01DB_FBXXX_US1XM1X1XXXIXXXXX_CRU_TBITNUKE_UOP012,0
P2443098,G1649346P2443098_014040_PL01DB_FBXXX_US1XM1X2XXXIXXXXX_IQCNTRD_MT_SCHEDULER_1,0
P2238768,G1641525P2238768_014040_PL01DB_FBXXX_US1XM1X0XXXIXXXXX_IPD_P66P67_DEC0,0
P2452750,G1640886P2452750_014040_PL01DB_FBXXX_US1XM1X0XXXIXXXXX_CRNKCTLS_LOCAL_CR_CPL,0
P2773652,G1647564P2773652_014040_PL01DQ_FBXXX_US1XM1X0XXXIXXXXX_MINIMAL_TEST_PARAMED_DPDAT_38,0
P2241888,G1647950P2241888_014040_PL01DB_FBXXX_US1XM1X2XXXIXXXXX_JMPMT_CSBASE,0
P2338676,G1641375P2338676_014040_PL01DB_FBXXX_US1XM1X0XXXIXXXXX_TCFBCNTRLSQUEUE,0
P2237608,G1641121P2237608_014040_PL01DB_FBXXX_US1XM1X0XXXIXXXXX_WMT_SBFT_CALL_RET_DISABLE,0
P2475438,G1649782P2475438_014040_PL01DB_FBXXX_US1XM1X0XXXIXXXXX_SEGMISS_FIX0,0
P2231138,G1648701P2231138_014040_PL01DB_FBXXX_US1XM1X0XXXIXXXXX_NINT_BRANCH_INSTRLOOP_ORP_000,0
P2773152,G1647589P2773152_014040_PL01DQ_FBXXX_US1XM1X0XXXIXXXXX_SHORT_TEST_LOOPED_AND_PARAMETERIZED_D,0
P2231888,G1642349P2231888_014040_PL01DB_FBXXX_US1XM1X0XXXIXXXXX_FMXD_INT9_SBFT,0
P2236168,G1640703P2236168_014040_PL01DB_FBXXX_US1XM1X0XXXIXXXXX_LBR_JCC_T2_INTN_SBFT,0
P2235748,G1648802P2235748_014040_PL01DB_FBXXX_US1XM1X0XXXIXXXXX_DAC_BYTEADDR_MINITAG_SHIFT_IN_RB,0
P2338986,G1650383P2338986_014040_PL01DB_FBXXX_US1PM1X0XXXIXXXXX_INT_MON2_T0_FRITS_ORPHAN_10,0
P2233538,G1649017P2233538_014040_PL01DB_FBXXX_US1XM1X0XXXIXXXXX_TD_TB_005_SPEED_TCSTREAM_SBFT,0
P2231608,G1640610P2231608_014040_PL01DB_FBXXX_UX1XM1X0XXXIXXXXX_FLSF1_SBFT,0
P2233238,G1640538P2233238_014040_PL01DB_FBXXX_US1XM1X0XXXIXXXXX_DIVSS_MARCHING7S_SBFT,0
P2235598,G1640645P2235598_014040_PL01DB_FBXXX_US1XM1X0XXXIXXXXX_MEU_PMH_FIXED_MTRR_MISS_WP_4,0
P2233828,G1648466P2233828_014040_PL01DB_FBXXX_US1XM1X0XXXIXXXXX_FMM_MIXED_SBFT,0
P2343986,G1650772P2343986_014040_PL01DB_FBXXX_US1XM1X0XXXIXXXXX_BPBTB_TAR_2PORT_RDS_FINAL,0
P2773672,G1647491P2773672_014040_PL01DQ_FBXXX_US1XM1X0XXXIXXXXX_MINIMAL_TEST_PARAMED_DPDAT_40,0
P2233968,G1641610P2233968_014040_PL01DB_FBXXX_US1XM1X0XXXIXXXXX_FP_MUL_SBFT,0
P2241478,G1641867P2241478_014040_PL01DB_FBXXX_US1XM1X0XXXIXXXXX_FEC_EMON_SBFT,0
P2479131,G1789643P2479131_014040_PL01DQ_FBXXX_US1XM1X0XXXXXXXXX_HE_ALU1_RQDAT_2_DPDAT,0
P2232638,G1649416P2232638_014040_PL01DB_FBXXX_US1PM1X0XXXIXXXXX_FRITS_ALL_IMEM_T2S97,0
P2423282,G1649611P2423282_014040_PL01DQ_FBXXX_US1XM1X0XXXIXXXXX_PSC_4R_CRU_BYPMUX2_LD_IAQDAT,0
P2233898,G1642362P2233898_014040_PL01DB_FBXXX_US1XM1X0XXXIXXXXX_FMDIVC2_SBFT,0
P2388688,G1641292P2388688_014040_PL01DB_FBXXX_US1PM1X0XXXIXXXXX_INT_MON2_EFLAG_T0_FRITS_ORPHAN_2,0
P2235998,G1641227P2235998_014040_PL01DB_FBXXX_US1XM1X0XXXIXXXXX_WMT_SBFT_BPPMPERFS,0
P2435886,G1652883P2435886_014040_PL01DQ_FBXXX_US1XM1X0XXXIXXXXX_MTEVENTS_IAQDAT,0
P2344830,G1643999P2344830_014040_PL01DB_FBXXX_US1XM1X0XXXIXXXXX_BPBTB_TAR_2PORT_RDS_FINAL,0
P2467704,G1640854P2467704_014040_PL01DB_FBXXX_US1XM1X0XXXIXXXXX_CALLMT_CSBASE,0
P2481338,G1649830P2481338_014040_PL01DB_FBXXX_US1XM1X1XXXIXXXXX_CRUCHK_CRUN_EVENTS_T1_ORP_000,0
P2231668,G1649166P2231668_014040_PL01DB_FBXXX_US1XM1X0XXXIXXXXX_FMXD_KNI3_SBFT,0
P2339016,G1648524P2339016_014040_PL01DB_FBXXX_US1XM1X0XXXIXXXXX_FMXD_FMRNDC_FPDIV_PD_WALK0,0
P2515438,G1648270P2515438_014040_PL01DQ_FBXXX_US1XM1X0XXXIXXXXX_FLAG_MOV_PRT0_HI_RAND0_DPDAT,0
P2229888,G1645272P2229888_014040_PL01DB_FBXXX_US1XM1X0XXXIXXXXX_FPU_ORP_002,0
P2230718,G1650803P2230718_014040_PL01DB_FBXXX_US1XM1X0XXXIXXXXX_INT_PAGING_ORP_003,0
P2338936,G1641711P2338936_014040_PL01DB_FBXXX_US1PM1X0XXXIXXXXX_INT_MON2_T0_FRITS_ORPHAN_1,0
P2330272,G1701011P2330272_014040_PL01DB_FBXXX_US1XM1X1XXXIXXXXX_FPU_NOPRELOAD_LM0_UNALIGNED_ORP_000,0
P2234008,G1641608P2234008_014040_PL01DB_FBXXX_US1XM1X0XXXIXXXXX_FEC_PSADBW_TEST2_SBFT,0
P2387010,G1648837P2387010_014040_PL01DB_FBXXX_US1XM1X1XXXIXXXXX_REALMODE_LBR,0
P2473348,G1642431P2473348_014040_PL01DB_FBXXX_US1XM1X0XXXIXXXXX_TBITRDD_BPUSTEW_TRAP_1,0
P2266668,G1697308P2266668_014040_PL01DB_FBXXX_US1XM1X0XXXIXXXXX_WNI_PRELOAD_LM2_ORP_000,0
P2388318,G1641862P2388318_014040_PL01DB_FBXXX_US1XM1X0XXXIXXXXX_FMXD_FMRNDC_FPDIV_PS_WALK0,0
P2481358,G1651068P2481358_014040_PL01DB_FBXXX_US1XM1X1XXXIXXXXX_CRUCHK_CRUR_EVENTS_T1_ORP_000,0
P2748662,G1641591P2748662_014040_PL01DB_FBXXX_US1XM1X2XXXIXXXXX_TD_PROT_MODE_SYSCALL_MT_SBFT,0
P2234698,G1640569P2234698_014040_PL01DB_FBXXX_US1XM1X0XXXIXXXXX_SAAT_CPL1_SBFT_T0,0
P2487108,G1642377P2487108_014040_PL01DB_FBXXX_US1XM1X1XXXIXXXXX_FRITS_T1_IQSSU_PWROVR_RANDOM_ORP_004,0
P2385142,G1648748P2385142_014040_PL01DB_FBXXX_US1XM1X1XXXIXXXXX_ALFALLOCEMONTEST,0
P2241218,G1648983P2241218_014040_PL01DB_FBXXX_US1XM1X2XXXIXXXXX_SAAT_SADPD_CR_REQBUF_T1,0
P2231748,G1640715P2231748_014040_PL01DB_FBXXX_US1XM1X0XXXIXXXXX_FMXD_WNI3_SBFT,0
P2236418,G1640788P2236418_014040_PL01DB_FBXXX_US1XM1X0XXXIXXXXX_BPBTPRED_GLOBAL_OFFSET,0
P2433706,G1647631P2433706_014040_PL01DQ_FBXXX_US1XM1X0XXXIXXXXX_HE_ALU_SEQUENCED_UOPS_ROL_MERGE_7_DPD,0
P2345442,G1642449P2345442_014040_PL01DB_FBXXX_US1XM1X0XXXIXXXXX_BPBTB_TAR_2PORT_RDS_FINAL_GDBND,0
P2773162,G1648284P2773162_014040_PL01DQ_FBXXX_US1XM1X0XXXIXXXXX_SHORT_TEST_LOOPED_AND_PARAMETERIZED_D,0
P2372660,G1647522P2372660_014040_PL01DQ_FBXXX_US1XM1X0XXXIXXXXX_AGU_CKT_12_PORT2_DPDAT,0
P2235178,G1649148P2235178_014040_PL01DB_FBXXX_US1XM1X0XXXIXXXXX_FA_ABC_FP_R2I_INT64RNDTOZERO_SBFT,0
P2238048,G1641290P2238048_014040_PL01DB_FBXXX_US1XM1X0XXXIXXXXX_RANDOMINST2V3,0
P2234658,G1640662P2234658_014040_PL01DB_FBXXX_US1XM1X0XXXIXXXXX_SAAT_VM86_SBFT_T1,0
P2233128,G1650521P2233128_014040_PL01DB_FBXXX_US1XM1X0XXXIXXXXX_FMXD_MIXED8_SBFT,0
P2503508,G1644101P2503508_014040_PL01DB_FBXXX_US1XM1X1XXXIXXXXX_FRITS_T1_FRITS_MT_SSU_FPMMXINTDEP_ORP,0
P2468514,G1648497P2468514_014040_PL01DB_FBXXX_US1XM1X0XXXIXXXXX_IQSCHED_ALU0_ORIG,0
P2338876,G1641809P2338876_014040_PL01DB_FBXXX_US1PM1X0XXXIXXXXX_INT_MON2_T0_FRITS_ORPHAN_9,0
P2233998,G1640550P2233998_014040_PL01DB_FBXXX_US1XM1X0XXXIXXXXX_FMXD_FMRNDC_SBFT,0
P2240588,G1641117P2240588_014040_PL01DB_FBXXX_US1XM1X0XXXIXXXXX_DAC_CHIT_WITH_EMON_ON,0
P2515478,G1648343P2515478_014040_PL01DQ_FBXXX_US1XM1X0XXXIXXXXX_FLAG_WRITES_PRT2_HI_DPDAT,0
P2470356,G1641981P2470356_014040_PL01DB_FBXXX_US1XM1X0XXXIXXXXX_FMXD_FMMWTREE42D_PMUL_RANDOM_7,0
P2339286,G1644412P2339286_014040_PL01DB_FBXXX_US1XM1X1XXXIXXXXX_TEMPLIVELOCK_QUEUE_ORP_003,0
P2509448,G1648920P2509448_014040_PL01DQ_FBXXX_US1XM1X0XXXIXXXXX_FLAGS_S1A2_ODD_RAND0_DPDAT,0
P2338856,G1642010P2338856_014040_PL01DB_FBXXX_US1XM1X0XXXIXXXXX_FMXD_FMRNDC_FPDIV_PS_WALK0,0
P2235078,G1649083P2235078_014040_PL01DB_FBXXX_US1XM1X0XXXIXXXXX_FP_BKPT_MM_MOVEMASK_SBFT,0
P2344536,G1641623P2344536_014040_PL01DB_FBXXX_US1XM1X0XXXIXXXXX_BPBTB_TAR_2PORT_RDS_FINAL,0
P2230478,G1649792P2230478_014040_PL01DB_FBXXX_US1XM1X0XXXIXXXXX_FPU_UNDFL_FMUL_ORP_001,0
P2475578,G1641341P2475578_014040_PL01DB_FBXXX_US1XM1X0XXXIXXXXX_IQSCHED_THREAD_MAX_SLOW_SCHEDULER_7_F,0
P2220258,G1649329P2220258_014040_PL01DB_FBXXX_US1XM1X0XXXIXXXXX_WNI_ORP_000,0
P2773462,G1647500P2773462_014040_PL01DQ_FBXXX_US1XM1X0XXXIXXXXX_MINIMAL_TEST_PARAMED_DPDAT_19,0
P2231758,G1648115P2231758_014040_PL01DB_FBXXX_US1XM1X0XXXIXXXXX_FMXD_WNI4_SBFT,0
P2435836,G1647897P2435836_014040_PL01DQ_FBXXX_US1XM1X0XXXIXXXXX_RANDOMGEN_IAQDAT,0
P2236358,G1641055P2236358_014040_PL01DB_FBXXX_US1XM1X0XXXIXXXXX_SELROW,0
P2473108,G1642464P2473108_014040_PL01DB_FBXXX_US1XM1X0XXXIXXXXX_FP_ASSIST_EMON_ORP_000_T1,0
P2237298,G1649055P2237298_014040_PL01DB_FBXXX_US1XM1X0XXXIXXXXX_TD_TB_PERF_RETBRNTEU_RETBRHD_T0,0
P2767682,G1648084P2767682_014040_PL01DQ_FBXXX_US1XM1X0XXXIXXXXX_BASE_TEST_SHORT_1UOP_REMOVED_DPDAT,0
P2231638,G1641350P2231638_014040_PL01DB_FBXXX_US1XM1X0XXXIXXXXX_FLSF5_SBFT,0
P2344076,G1641998P2344076_014040_PL01DB_FBXXX_US1XM1X0XXXIXXXXX_BPBTB_TAR_2PORT_RDS_FINAL,0
P2230638,G1645173P2230638_014040_PL01DB_FBXXX_US1XM1X0XXXIXXXXX_FPUMMX_PAGING_ORP_000,0
P2338976,G1641779P2338976_014040_PL01DB_FBXXX_US1PM1X0XXXIXXXXX_INT_MON2_T0_FRITS_ORPHAN_6,0
P2338896,G1641664P2338896_014040_PL01DB_FBXXX_US1PM1X0XXXIXXXXX_INT_MON2_EFLAG_T0_FRITS_ORPHAN_3,0
P2773612,G1647486P2773612_014040_PL01DQ_FBXXX_US1XM1X0XXXIXXXXX_MINIMAL_TEST_PARAMED_DPDAT_34,0
P2443108,G1641281P2443108_014040_PL01DB_FBXXX_US1XM1X2XXXIXXXXX_IQCNTRD_MT_SCHEDULER_2,0
P2445430,G1640945P2445430_014040_PL01DB_FBXXX_US1XM1X0XXXIXXXXX_REALMODE_CCB2_PWRDN,0
P2374050,G1647709P2374050_014040_PL01DQ_FBXXX_US1XM1X0XXXIXXXXX_ALIGN1C_PORT2_DPDAT,0
P2237368,G1641955P2237368_014040_PL01DB_FBXXX_US1XM1X0XXXIXXXXX_WMT_SBFT_CALL_RET_3,0
P2435846,G1649063P2435846_014040_PL01DQ_FBXXX_US1XM1X0XXXIXXXXX_MAXRANDOM4_MT_IAQDAT,0
P2515448,G1649337P2515448_014040_PL01DQ_FBXXX_US1XM1X0XXXIXXXXX_FLAG_MOV_PRT1_LO_RAND0_DPDAT,0
P2239798,G1650475P2239798_014040_PL01DB_FBXXX_US1XM1X0XXXIXXXXX_SS_TESTS_RDY_NO_DISP_SHARK7,0
P2240708,G1648103P2240708_014040_PL01DB_FBXXX_US1XM1X0XXXIXXXXX_TORNADO_BREAKER,0
P2444470,G1641738P2444470_014040_PL01DB_FBXXX_US1XM1X1XXXIXXXXX_CRNKCTLS_ALDTRD,0
P2338736,G1648250P2338736_014040_PL01DB_FBXXX_US1XM1X0XXXIXXXXX_FMXD_FMRNDC_INTOF,0
P2234948,G1649276P2234948_014040_PL01DB_FBXXX_UX1XM1X0XXXIXXXXX_FIRM_QWORD_SHIFT_24_SBFT,0
P2230688,G1644340P2230688_014040_PL01DB_FBXXX_US1XM1X0XXXIXXXXX_INT_PAGING_ORP_000,0
P2470296,G1640849P2470296_014040_PL01DB_FBXXX_US1XM1X0XXXIXXXXX_FMXD_FMMWTREE42D_PMUL_RANDOM_1,0
P2230838,G1644357P2230838_014040_PL01DB_FBXXX_US1XM1X0XXXIXXXXX_XMM_PAGING_ORP_000,0
P2344960,G1649205P2344960_014040_PL01DB_FBXXX_US1XM1X0XXXIXXXXX_SS_TESTS_FP0_SLOW_EMPTY,0
P2527228,G1644174P2527228_014040_PL01DC_FBXXX_US1XM1X0XXXIXXXXX_FRITS_INT,0
P2239838,G1642355P2239838_014040_PL01DB_FBXXX_US1XM1X0XXXIXXXXX_RATPERF_SHARKY007,0
P2443258,G1648578P2443258_014040_PL01DB_FBXXX_UX1XM1X2XXXIXXXXX_FMXD_FMDIVCTLS_MIXED_2_SBFT_MT,0
P2230588,G1651057P2230588_014040_PL01DB_FBXXX_US1XM1X0XXXIXXXXX_FPU_PAGING_ORP_000,0
P2345192,G1642403P2345192_014040_PL01DB_FBXXX_US1XM1X0XXXIXXXXX_BPBTB_TAR_2PORT_RDS_FINAL_GDBND,0
P2339036,G1640865P2339036_014040_PL01DB_FBXXX_US1PM1X0XXXIXXXXX_REGDEP_DAISY_T0_FRITS_ORPHAN_2,0
P2237328,G1641421P2237328_014040_PL01DB_FBXXX_US1XM1X0XXXIXXXXX_WMT_SBFT_CALL_RET_6,0
P2773332,G1647547P2773332_014040_PL01DQ_FBXXX_US1XM1X0XXXIXXXXX_MINIMAL_TEST_PARAMED_DPDAT_6,0
P2773782,G1647526P2773782_014040_PL01DQ_FBXXX_US1XM1X0XXXIXXXXX_MINIMAL_TEST_PARAMED_DPDAT_51,0
P2479132,G1789586P2479132_014040_PL01DQ_FBXXX_US1XM1X0XXXXXXXXX_HE_ALU1_ADD_41_DPDAT,0
P2233888,G1642354P2233888_014040_PL01DB_FBXXX_US1XM1X0XXXIXXXXX_FMDIVC1_SBFT,0
P2468614,G1641890P2468614_014040_PL01DB_FBXXX_US1XM1X0XXXIXXXXX_HE_CREG_TEST4_ORP_000,0
P2235188,G1640709P2235188_014040_PL01DB_FBXXX_US1XM1X0XXXIXXXXX_MEU_PMH_PDECCH4_6_SBFT_PROT_PAGE_T1,0
P2233148,G1641599P2233148_014040_PL01DB_FBXXX_US1XM1X0XXXIXXXXX_FMXD_MIXED9_SBFT,0
P2376700,G1647481P2376700_014040_PL01DQ_FBXXX_US1XM1X0XXXIXXXXX_LD_FSFBHIT_2_PORT2_DPDAT,0
P2374880,G1647558P2374880_014040_PL01DQ_FBXXX_US1XM1X0XXXIXXXXX_ALU_WALK_CARRY_P1_6_PORT2_DPDAT,0
P2233348,G1642520P2233348_014040_PL01DB_FBXXX_US1XM1X0XXXIXXXXX_FA_OVERFLOW_ALL_UOPS_SBFT,0
P2220338,G1641987P2220338_014040_PL01DB_FBXXX_US1XM1X0XXXIXXXXX_XMM_ORP_003,0
P2236178,G1641369P2236178_014040_PL01DB_FBXXX_US1XM1X0XXXIXXXXX_ITCTRLS_INSERTED_FLOW,0
P2364740,G1645340P2364740_014040_PL01DB_FBXXX_US1XM1X0XXXIXXXXX_FACTLS_EMON_X87,0
P2236798,G1641186P2236798_014040_PL01DB_FBXXX_US1XM1X0XXXIXXXXX_TD_TB_014_4,0
P2344636,G1642373P2344636_014040_PL01DB_FBXXX_US1XM1X0XXXIXXXXX_BPBTB_TAR_2PORT_RDS_FINAL,0
P2389178,G1642374P2389178_014040_PL01DB_FBXXX_US1XM1X0XXXIXXXXX_XMM_BASIC_BOOTSTRAP_PAGING_S03_O140,0
P2239338,G1640729P2239338_014040_PL01DB_FBXXX_US1XM1X1XXXIXXXXX_TD_TB_RSB_USE_SPEC,0
P2375520,G1647865P2375520_014040_PL01DQ_FBXXX_US1XM1X0XXXIXXXXX_HE_ALU_CROSSPORT_BYPASS_1_PORT2_DPDAT,0
P2773752,G1647555P2773752_014040_PL01DQ_FBXXX_US1XM1X0XXXIXXXXX_MINIMAL_TEST_PARAMED_DPDAT_48,0
P2364590,G1643466P2364590_014040_PL01DB_FBXXX_US1XM1X0XXXIXXXXX_FACTLS_CNTRL_SIGS_PS,0
P2238268,G1640604P2238268_014040_PL01DB_FBXXX_US1XM1X0XXXIXXXXX_IXPLA0TEST06,0
P2234058,G1640780P2234058_014040_PL01DB_FBXXX_US1XM1X0XXXIXXXXX_FMXD_FMRCTLS_SBFT,0
P2767672,G1647524P2767672_014040_PL01DQ_FBXXX_US1XM1X0XXXIXXXXX_BASE_TEST_SHORTER_ADDDATA_DPDAT,0
P2240478,G1649829P2240478_014040_PL01DB_FBXXX_US1XM1X0XXXIXXXXX_BRKPT1_SBFT,0
P2240778,G1648594P2240778_014040_PL01DB_FBXXX_US1XM1X0XXXIXXXXX_TD_TB_LIMIT_LITTLE_VIOL2,0
P2235368,G1641732P2235368_014040_PL01DB_FBXXX_US1XM1X0XXXIXXXXX_WMT_SBFT_PDE4M_NEW_T1,0
P2773112,G1647595P2773112_014040_PL01DQ_FBXXX_US1XM1X0XXXIXXXXX_SHORT_TEST_LOOPED_AND_PARAMETERIZED_D,0
P2338556,G1648057P2338556_014040_PL01DB_FBXXX_US1XM1X0XXXIXXXXX_DATA_CODE_BRKPT,0
P2235348,G1649240P2235348_014040_PL01DB_FBXXX_US1XM1X0XXXIXXXXX_WMT_SBFT_PDE4M_NEW_T0,0
P2232968,G1642379P2232968_014040_PL01DB_FBXXX_US1PM1X0XXXIXXXXX_WMT_BRAZOS3006635_EQU_SBFT,0
P2236338,G1641124P2236338_014040_PL01DB_FBXXX_US1XM1X0XXXIXXXXX_WMT_SBFT_BPPUBDUSEL,0
P2230658,G1653004P2230658_014040_PL01DB_FBXXX_US1XM1X0XXXIXXXXX_FPUMMX_PAGING_ORP_002,0
P2386310,G1650913P2386310_014040_PL01DB_FBXXX_US1XM1X2XXXIXXXXX_WMT_SISBFT_MT,0
P2235408,G1641271P2235408_014040_PL01DB_FBXXX_US1XM1X0XXXIXXXXX_WMT_SBFT_VRANGE_MTRR_MISS_2_T1,0
P2239508,G1641096P2239508_014040_PL01DB_FBXXX_US1XM1X1XXXIXXXXX_TD_TB_PERF_PRED0GPU_PRED0BTL_T1,0
P2387818,G1649219P2387818_014040_PL01DB_FBXXX_US1XM1X0XXXIXXXXX_SAAT_LDTR_SBFT,0
P2330262,G1702459P2330262_014040_PL01DB_FBXXX_US1XM1X1XXXIXXXXX_MMX_NOPRELOAD_LM0_ORP_002,0
P2345072,G1641555P2345072_014040_PL01DB_FBXXX_US1XM1X0XXXIXXXXX_ALFFPREADSTALL,0
P2234198,G1640632P2234198_014040_PL01DB_FBXXX_US1XM1X0XXXIXXXXX_BRLDST,0
P2388378,G1649136P2388378_014040_PL01DB_FBXXX_US1XM1X0XXXIXXXXX_FMXD_FMRNDC_FPDIV_EXT80_WALK0,0
P2436756,G1642564P2436756_014040_PL01DB_FBXXX_US1XM1X0XXXIXXXXX_CREG_FRITS_TEST7_ORP_000,0
P2344246,G1643139P2344246_014040_PL01DB_FBXXX_US1XM1X0XXXIXXXXX_BPBTB_TAR_2PORT_RDS_FINAL,0
P2376760,G1647519P2376760_014040_PL01DQ_FBXXX_US1XM1X0XXXIXXXXX_LD_FSFBHIT_8_PORT2_DPDAT,0
P2376010,G1650190P2376010_014040_PL01DQ_FBXXX_US1XM1X0XXXIXXXXX_HE_ALUOPS_RANDOM_13_PORT2_DPDAT,0
P2235938,G1648632P2235938_014040_PL01DB_FBXXX_US1XM1X1XXXIXXXXX_SAAT_SACTLREGD_CRDBG_DTLBPMH_SBFT_T1,0
P2240438,G1641395P2240438_014040_PL01DB_FBXXX_UX1XM1X0XXXIXXXXX_FIRM_QWORD_SHIFT_2_SBFT,0
P2406932,G1641818P2406932_014040_PL01DB_FBXXX_US1XM1X2XXXIXXXXX_SEGJUMPMT,0
P2233388,G1641372P2233388_014040_PL01DB_FBXXX_US1XM1X0XXXIXXXXX_IF_ALU_TOGGLE1_SBFT,0
P2385482,G1641005P2385482_014040_PL01DB_FBXXX_US1XM1X1XXXIXXXXX_WMT_SBFT_SPLIT_INCREMENTER_T1,0
P2266538,G1693688P2266538_014040_PL01DB_FBXXX_US1XM1X0XXXIXXXXX_FPUMMX_PRELOAD_LM0_ORP_002,0
P2773262,G1647574P2773262_014040_PL01DQ_FBXXX_US1XM1X0XXXIXXXXX_SHORT_TEST_REPEAT_DPDAT_3,0
P2344026,G1647030P2344026_014040_PL01DB_FBXXX_US1XM1X0XXXIXXXXX_BPBTB_TAR_2PORT_RDS_FINAL,0
P2236558,G1640767P2236558_014040_PL01DB_FBXXX_US1XM1X0XXXIXXXXX_WMT_SBFT_PWRDN_OVR_2,0
P2773532,G1647501P2773532_014040_PL01DQ_FBXXX_US1XM1X0XXXIXXXXX_MINIMAL_TEST_PARAMED_DPDAT_26,0
P2473088,G1641550P2473088_014040_PL01DB_FBXXX_US1XM1X1XXXIXXXXX_RAIRAM_VALID,0
P2242288,G1640983P2242288_014040_PL01DB_FBXXX_US1XM1X2XXXIXXXXX_CREVDETD_FDS_FOPCODE_MT,0
P2385612,G1649084P2385612_014040_PL01DB_FBXXX_US1XM1X2XXXIXXXXX_IQSCHED_ALU0_2,0
P2229818,G1650400P2229818_014040_PL01DB_FBXXX_US1XM1X0XXXIXXXXX_BRANCH_ORP_000,0
P2235158,G1640912P2235158_014040_PL01DB_FBXXX_US1XM1X0XXXIXXXXX_FSQRT_FPROM_SBFT,0
P2773402,G1647537P2773402_014040_PL01DQ_FBXXX_US1XM1X0XXXIXXXXX_MINIMAL_TEST_PARAMED_DPDAT_13,0
P2345332,G1642527P2345332_014040_PL01DB_FBXXX_US1XM1X0XXXIXXXXX_BPBTB_TAR_2PORT_RDS_FINAL_GDBND,0
P2230648,G1644374P2230648_014040_PL01DB_FBXXX_US1XM1X0XXXIXXXXX_FPUMMX_PAGING_ORP_001,0
P2343966,G1650452P2343966_014040_PL01DB_FBXXX_US1XM1X0XXXIXXXXX_BPBTB_TAR_2PORT_RDS_FINAL,0
P2476028,G1642438P2476028_014040_PL01DB_FBXXX_US1XM1X0XXXIXXXXX_DTBRKPT2_DBG_ORP_000,0
P2235138,G1649740P2235138_014040_PL01DB_FBXXX_US1XM1X0XXXIXXXXX_FDIV_FPROM_SBFT,0
P2339216,G1692112P2339216_014040_PL01DB_FBXXX_US1XM1X0XXXIXXXXX_DENOMINATOR_ESCR1_FIRST4_ORP_000,0
P2236038,G1641107P2236038_014040_PL01DB_FBXXX_US1XM1X0XXXIXXXXX_WMT_SBFT_BPPUBDOUTMUX,0
P2388908,G1641325P2388908_014040_PL01DB_FBXXX_US1XM1X2XXXIXXXXX_CALL_NO_OVERFLOW_MT,0
P2502248,G1650003P2502248_014040_PL01DB_FBXXX_US1XM1X1XXXIXXXXX_SAAT_REPLAY_WHACK_SPLIT_STORE_T1_ORP_,0
P2386040,G1647994P2386040_014040_PL01DB_FBXXX_US1XM1X0XXXIXXXXX_MOB_BAD_ADDR,0
P2236788,G1640669P2236788_014040_PL01DB_FBXXX_US1XM1X0XXXIXXXXX_IPD_PREFIX_PLUS_INSTR_LENGTH,0
P2436696,G1641915P2436696_014040_PL01DB_FBXXX_US1XM1X0XXXIXXXXX_CREG_FRITS_TEST1_ORP_000,0
P2233928,G1640526P2233928_014040_PL01DB_FBXXX_US1XM1X0XXXIXXXXX_WTREE_SBFT,0
P2473758,G1648577P2473758_014040_PL01DB_FBXXX_US1XM1X1XXXIXXXXX_MTSTALL_FIX0,0
P2443448,G1641782P2443448_014040_PL01DB_FBXXX_US1XM1X1XXXIXXXXX_ALFFPREADSTALL_ST_3UOP_PATCH,0
P2449630,G1649181P2449630_014040_PL01DB_FBXXX_US1XM1X0XXXIXXXXX_FIRM_EMON_SBFT,0
P2235688,G1642357P2235688_014040_PL01DB_FBXXX_US1XM1X0XXXIXXXXX_MEU_PMH_PDECCH5_SBFT_PROT_PAGE,0
P2231008,G1642822P2231008_014040_PL01DB_FBXXX_US1XM1X0XXXIXXXXX_CACHE_LINE_SPLIT_ORP_002,0
P2238328,G1648595P2238328_014040_PL01DB_FBXXX_US1XM1X0XXXIXXXXX_IXPLA3TEST0,0
P2240388,G1640804P2240388_014040_PL01DB_FBXXX_US1XM1X0XXXIXXXXX_FMD_MIXED2_SBFT,0
P2345362,G1650166P2345362_014040_PL01DB_FBXXX_US1XM1X0XXXIXXXXX_BPBTB_TAR_2PORT_RDS_FINAL_GDBND,0
P2490678,G1641950P2490678_014040_PL01DB_FBXXX_US1XM1X1XXXIXXXXX_FRITS_T1_IQSSU_CR_IAQDAT_RANDOM_ORP_0,0
P2472978,G1640822P2472978_014040_PL01DB_FBXXX_US1XM1X1XXXIXXXXX_CRNKCTLS_ALDTRD2,0
P2330112,G1644350P2330112_014040_PL01DB_FBXXX_US1XM1X1XXXIXXXXX_FPUMMX_ORP_002,0
P2242188,G1641592P2242188_014040_PL01DB_FBXXX_US1XM1X0XXXIXXXXX_WMT_SBFT_ITLRUINCLD2,0
P2236468,G1640565P2236468_014040_PL01DB_FBXXX_US1XM1X0XXXIXXXXX_TD_TB_RSB_USE_SPEC,0
P2239758,G1641251P2239758_014040_PL01DB_FBXXX_US1XM1X2XXXIXXXXX_CREVDETD_FDS_FOPCODE_MT,0
P2266178,G1693009P2266178_014040_PL01DB_FBXXX_US1XM1X0XXXIXXXXX_MMX_NOPRELOAD_LM0_UNALIGNED_ORP_000,0
P2234928,G1642516P2234928_014040_PL01DB_FBXXX_UX1XM1X0XXXIXXXXX_FIRM_QWORD_SHIFT_23_SBFT,0
P2344286,G1641636P2344286_014040_PL01DB_FBXXX_US1XM1X0XXXIXXXXX_BPBTB_TAR_2PORT_RDS_FINAL,0
P2485918,G1649725P2485918_014040_PL01DB_FBXXX_US1XM1X0XXXIXXXXX_PIX_FRITS_IMMED_OTHERS13,0
P2236198,G1640756P2236198_014040_PL01DB_FBXXX_US1XM1X0XXXIXXXXX_IXBACTEST1,0
P2240258,G1641534P2240258_014040_PL01DB_FBXXX_US1XM1X0XXXIXXXXX_IFALU_TRAVEL10_SBFT,0
P2389138,G1642548P2389138_014040_PL01DB_FBXXX_US1PM1X0XXXIXXXXX_INT_MON2_T0_FRITS_ORPHAN_10,0
P2236008,G1641703P2236008_014040_PL01DB_FBXXX_US1XM1X0XXXIXXXXX_MSBUSTOGGLE2_SBFT,0
P2230628,G1644347P2230628_014040_PL01DB_FBXXX_US1XM1X0XXXIXXXXX_FPU_PAGING_ORP_004,0
P2240628,G1641805P2240628_014040_PL01DB_FBXXX_US1XM1X0XXXIXXXXX_RRRRSHARKY_007_SBFT,0
P2222288,G1643281P2222288_014040_PL01DB_FBXXX_US1XM1X0XXXIXXXXX_LDST_ORP_001,0
P2235058,G1640879P2235058_014040_PL01DB_FBXXX_US1XM1X0XXXIXXXXX_FP_AND_NOT_SIGN_EXT_SBFT,0
P2239328,G1640600P2239328_014040_PL01DB_FBXXX_US1XM1X1XXXIXXXXX_WMT_SBFT_TC_SCAVENGE,0
P2241488,G1641807P2241488_014040_PL01DB_FBXXX_US1XM1X0XXXIXXXXX_FEC_EMON_SBFT,0
P2773522,G1647493P2773522_014040_PL01DQ_FBXXX_US1XM1X0XXXIXXXXX_MINIMAL_TEST_PARAMED_DPDAT_25,0
P2388058,G1649052P2388058_014040_PL01DB_FBXXX_US1PM1X0XXXIXXXXX_INT_MON2_T0_FRITS_ORPHAN_9,0
P2239898,G1649866P2239898_014040_PL01DB_FBXXX_US1XM1X0XXXIXXXXX_SS_TESTS_LD_W_PRDCT_FWRD_SHARKY7,0
P2435926,G1650049P2435926_014040_PL01DQ_FBXXX_US1XM1X0XXXIXXXXX_MTREPLAY_IAQDAT,0
P2238058,G1648770P2238058_014040_PL01DB_FBXXX_US1XM1X0XXXIXXXXX_WRAPPERS3,0
P2236058,G1648445P2236058_014040_PL01DB_FBXXX_US1XM1X0XXXIXXXXX_LEA_UBRMISP,0
P2773292,G1647695P2773292_014040_PL01DQ_FBXXX_US1XM1X0XXXIXXXXX_MINIMAL_TEST_PARAMED_DPDAT_2,0
P2388768,G1642361P2388768_014040_PL01DB_FBXXX_US1XM1X0XXXIXXXXX_PSLLD_PATTERNS_BYPASS_SBFT,0
P2232228,G1641155P2232228_014040_PL01DB_FBXXX_US1XM1X0XXXIXXXXX_WMT_SISBFT_FPSTATE,0
P2239648,G1640624P2239648_014040_PL01DB_FBXXX_US1XM1X1XXXIXXXXX_TD_TB_PERF_TBTB_LIMIT_T1,0
P2234818,G1649274P2234818_014040_PL01DB_FBXXX_US1XM1X0XXXIXXXXX_MOB_SMC_PS_2,0
P2505558,G1642428P2505558_014040_PL01DB_FBXXX_US1XM1X0XXXIXXXXX_CRUCHK_LIVELOCK_XMM_DEFT_FORCEQ_ORP_0,0
P2241248,G1649819P2241248_014040_PL01DB_FBXXX_US1XM1X0XXXIXXXXX_SS_TESTS_RDY_NO_DISP_SHARK7,0
P2477168,G1650974P2477168_014040_PL01DB_FBXXX_US1XM1X0XXXIXXXXX_FP_ASSIST_EMON_MSR_ORP_001_T0,0
P2266678,G1692945P2266678_014040_PL01DB_FBXXX_US1XM1X0XXXIXXXXX_WNI_PRELOAD_LM3_ORP_000,0
P2457450,G1641016P2457450_014040_PL01DB_FBXXX_US1XM1X0XXXIXXXXX_MEU_PMH_MODEC_SBFT_TEST_4,0
P2232188,G1648117P2232188_014040_PL01DB_FBXXX_US1XM1X0XXXIXXXXX_WMT_SISBFT_ARITH,0
P2241518,G1641954P2241518_014040_PL01DB_FBXXX_US1XM1X0XXXIXXXXX_FEC_EMON_SBFT,0
P2236438,G1641045P2236438_014040_PL01DB_FBXXX_US1XM1X0XXXIXXXXX_WMT_SBFT_CALL_RET_OVERFLOW,0
P2773442,G1647497P2773442_014040_PL01DQ_FBXXX_US1XM1X0XXXIXXXXX_MINIMAL_TEST_PARAMED_DPDAT_17,0
P2344186,G1650689P2344186_014040_PL01DB_FBXXX_US1XM1X0XXXIXXXXX_BPBTB_TAR_2PORT_RDS_FINAL,0
P2773512,G1647681P2773512_014040_PL01DQ_FBXXX_US1XM1X0XXXIXXXXX_MINIMAL_TEST_PARAMED_DPDAT_24,0
P2238168,G1648056P2238168_014040_PL01DB_FBXXX_US1XM1X0XXXIXXXXX_RANDOMINSTBYTE7,0
P2437326,G1649414P2437326_014040_PL01DB_FBXXX_US1XM1X0XXXIXXXXX_BPBTPRED_GLOBAL_PREDEC_SET3,0
P2240028,G1641702P2240028_014040_PL01DB_FBXXX_US1XM1X0XXXIXXXXX_FLSF4_SBFT,0
P2233908,G1642325P2233908_014040_PL01DB_FBXXX_US1XM1X0XXXIXXXXX_FMDIVC3_SBFT,0
P2388958,G1640937P2388958_014040_PL01DB_FBXXX_US1PM1X0XXXIXXXXX_INT_MON2_T0_FRITS_ORPHAN_7,0
P2338916,G1648461P2338916_014040_PL01DB_FBXXX_UX1PM1X1XXXIXXXXX_INT_MON2_EFLAG_T1_FRITS_ORPHAN_0,0
P2343996,G1652288P2343996_014040_PL01DB_FBXXX_US1XM1X0XXXIXXXXX_BPBTB_TAR_2PORT_RDS_FINAL,0
P2385602,G1648508P2385602_014040_PL01DB_FBXXX_US1XM1X2XXXIXXXXX_IQSCHED_ALU0_15,0
P2344616,G1650823P2344616_014040_PL01DB_FBXXX_US1XM1X0XXXIXXXXX_BPBTB_TAR_2PORT_RDS_FINAL,0
P2452720,G1641447P2452720_014040_PL01DB_FBXXX_US1XM1X0XXXIXXXXX_SEGDPD_DESC_ADDR,0
P2241378,G1640909P2241378_014040_PL01DB_FBXXX_US1XM1X0XXXIXXXXX_FEC_EMON_SBFT,0
P2236748,G1642327P2236748_014040_PL01DB_FBXXX_US1XM1X0XXXIXXXXX_TD_TB_014_2,0
P2475678,G1650192P2475678_014040_PL01DB_FBXXX_US1XM1X0XXXIXXXXX_IQSCHED_THREAD_MAX_FP_MEM_FIX0,0
P2423272,G1649015P2423272_014040_PL01DQ_FBXXX_US1XM1X0XXXIXXXXX_PSC_4R_CRU_RPLQ_NUKE_T1_IAQDAT,0
P2444690,G1642567P2444690_014040_PL01DB_FBXXX_US1XM1X0XXXIXXXXX_FMXD_FMDIVCTLS_MIXED_EXCEPTIONS_MT,0
P2237878,G1640892P2237878_014040_PL01DB_FBXXX_US1XM1X0XXXIXXXXX_SAAT_SADPD_CR_REQBUF_T1,0
P2385362,G1648570P2385362_014040_PL01DB_FBXXX_US1XM1X0XXXIXXXXX_REALMODE_DMP,0
P2437526,G1648673P2437526_014040_PL01DB_FBXXX_US1XM1X2XXXIXXXXX_IQCNTRD_MT_SCHEDULER_3,0
P2773502,G1647528P2773502_014040_PL01DQ_FBXXX_US1XM1X0XXXIXXXXX_MINIMAL_TEST_PARAMED_DPDAT_23,0
P2485958,G1650894P2485958_014040_PL01DB_FBXXX_US1XM1X0XXXIXXXXX_POWER_DEFT_FPU_NOPRELOAD_LM0_ORP_001,0
P2235968,G1641230P2235968_014040_PL01DB_FBXXX_US1XM1X0XXXIXXXXX_BPPUBD_CASCADE_SBFT,0
P2773592,G1647551P2773592_014040_PL01DQ_FBXXX_US1XM1X0XXXIXXXXX_MINIMAL_TEST_PARAMED_DPDAT_32,0
P2222238,G1650373P2222238_014040_PL01DB_FBXXX_US1XM1X0XXXIXXXXX_INT_CALLRET_ORP_000,0
P2773172,G1647591P2773172_014040_PL01DQ_FBXXX_US1XM1X0XXXIXXXXX_SHORT_TEST_LOOPED_AND_PARAMETERIZED_D,0
P2234598,G1640731P2234598_014040_PL01DB_FBXXX_US1XM1X0XXXIXXXXX_SAAT_CPL_SBFT,0
P2235768,G1648791P2235768_014040_PL01DB_FBXXX_US1XM1X0XXXIXXXXX_DAC_FILL_ORDQ_T0,0
P2237158,G1640708P2237158_014040_PL01DB_FBXXX_US1XM1X2XXXIXXXXX_TD_TB_SBFT_CALL_RET_MT,0
P2236778,G1641336P2236778_014040_PL01DB_FBXXX_US1XM1X0XXXIXXXXX_TD_TB_014_3,0
P2385642,G1649741P2385642_014040_PL01DB_FBXXX_US1XM1X2XXXIXXXXX_IQSCHED_ALU0_5,0
P2338946,G1649022P2338946_014040_PL01DB_FBXXX_US1XM1X0XXXIXXXXX_FMXD_FMRNDC_FPDIV_EXT80_WALK0,0
P2388038,G1649094P2388038_014040_PL01DB_FBXXX_US1XM1X0XXXIXXXXX_SAAT_SADPD_DTLB_SBFT_T1,0
P2237128,G1640651P2237128_014040_PL01DB_FBXXX_US1XM1X1XXXIXXXXX_WMT_SBFT_BPBTRRSD_ADDR_EMON,0
P2773232,G1647510P2773232_014040_PL01DQ_FBXXX_US1XM1X0XXXIXXXXX_SHORT_TEST_REPEAT_DPDAT,0
P2237848,G1650764P2237848_014040_PL01DB_FBXXX_US1XM1X0XXXIXXXXX_WMT_SBFT_FLPUBDINCGEN,0
P2235268,G1641284P2235268_014040_PL01DB_FBXXX_US1XM1X0XXXIXXXXX_WMT_SBFT_MTRR_PAT2_T1,0
P2437116,G1650808P2437116_014040_PL01DB_FBXXX_US1XM1X2XXXIXXXXX_TBTESTSMT,0
P2472628,G1641685P2472628_014040_PL01DB_FBXXX_US1XM1X1XXXIXXXXX_TB_LOADBYPASS2,0
P2773192,G1648858P2773192_014040_PL01DQ_FBXXX_US1XM1X0XXXIXXXXX_SHORT_TEST_LOOPED_AND_PARAMETERIZED_D,0
P2509558,G1648775P2509558_014040_PL01DQ_FBXXX_US1XM1X0XXXIXXXXX_FLAGS_S1A2_LO_EVEN_ZF1_DPDAT,0
P2233858,G1648670P2233858_014040_PL01DB_FBXXX_US1XM1X0XXXIXXXXX_FIRM_FISTCD_FP_RANGES_SBFT,0
P2338926,G1650348P2338926_014040_PL01DB_FBXXX_US1PM1X0XXXIXXXXX_INT_MON2_T0_FRITS_ORPHAN_0,0
P2344156,G1649278P2344156_014040_PL01DB_FBXXX_US1XM1X0XXXIXXXXX_BPBTB_TAR_2PORT_RDS_FINAL_GDBND,0
P2376090,G1649226P2376090_014040_PL01DQ_FBXXX_US1XM1X0XXXIXXXXX_HE_ALUOPS_RANDOM_20_PORT2_DPDAT,0
P2344406,G1653066P2344406_014040_PL01DB_FBXXX_US1XM1X0XXXIXXXXX_BPBTB_TAR_2PORT_RDS_FINAL,0
P2385070,G1641091P2385070_014040_PL01DB_FBXXX_US1XM1X0XXXIXXXXX_RES_BPU,0
P2481348,G1650873P2481348_014040_PL01DB_FBXXX_US1XM1X0XXXIXXXXX_CRUCHK_CRUR_EVENTS_ORP_000,0
P2236048,G1641379P2236048_014040_PL01DB_FBXXX_US1XM1X0XXXIXXXXX_TD_TB_006_STRUCT_TBTACD_ST,0
P2773252,G1647518P2773252_014040_PL01DQ_FBXXX_US1XM1X0XXXIXXXXX_SHORT_TEST_REPEAT_DPDAT_2,0
P2376630,G1647480P2376630_014040_PL01DQ_FBXXX_US1XM1X0XXXIXXXXX_LD_FSFBHIT_15_PORT2_DPDAT,0
P2330252,G1694960P2330252_014040_PL01DB_FBXXX_US1XM1X1XXXIXXXXX_INT_PRELOAD_LM0_ORP_000,0
P2234098,G1641329P2234098_014040_PL01DB_FBXXX_US1XM1X0XXXIXXXXX_DIV_TEST_SBFT,0
P2339006,G1641982P2339006_014040_PL01DB_FBXXX_US1XM1X0XXXIXXXXX_FMXD_FMRNDC_MANTISSA_LOGIC_VARIOUS,0
P2232918,G1641928P2232918_014040_PL01DB_FBXXX_US1XM1X0XXXIXXXXX_IFALU_ADD5_SBFT,0
P2773362,G1647479P2773362_014040_PL01DQ_FBXXX_US1XM1X0XXXIXXXXX_MINIMAL_TEST_PARAMED_DPDAT_9,0
P2242258,G1648800P2242258_014040_PL01DB_FBXXX_US1XM1X2XXXIXXXXX_ALF_FAULTGRADE_STALLS_SB_MT,0
P2345472,G1641517P2345472_014040_PL01DB_FBXXX_US1XM1X0XXXIXXXXX_ISTEER_ESCR_COUNTER_CCCR_DEBUG,0
P2233608,G1640726P2233608_014040_PL01DB_FBXXX_US1XM1X0XXXIXXXXX_FA_DIRECTED_NORMD_VS_SBFT,0
P2388398,G1649197P2388398_014040_PL01DB_FBXXX_US1PM1X0XXXIXXXXX_INT_MON2_T0_FRITS_ORPHAN_0,0
P2230978,G1641406P2230978_014040_PL01DB_FBXXX_US1XM1X0XXXIXXXXX_BYPASS2_ORP_004,0
P2490098,G1650311P2490098_014040_PL01DB_FBXXX_US1XM1X1XXXRXXXXX_IPLENDEC2A_ORP_006,0
P2387000,G1641102P2387000_014040_PL01DB_FBXXX_US1XM1X0XXXIXXXXX_REALMODE_LBR,0
P2345482,G1649713P2345482_014040_PL01DB_FBXXX_US1XM1X0XXXIXXXXX_BPBTB_TAR_2PORT_RDS_FINAL_GDBND,0
P2241968,G1641247P2241968_014040_PL01DB_FBXXX_US1XM1X0XXXIXXXXX_IS_MASK_BIT_12,0
P2344566,G1651152P2344566_014040_PL01DB_FBXXX_US1XM1X0XXXIXXXXX_BPBTB_TAR_2PORT_RDS_FINAL_GDBND,0
P2773682,G1647488P2773682_014040_PL01DQ_FBXXX_US1XM1X0XXXIXXXXX_MINIMAL_TEST_PARAMED_DPDAT_41,0
P2229988,G1642341P2229988_014040_PL01DB_FBXXX_US1XM1X0XXXIXXXXX_INT_ORP_002,0
P2773202,G1647609P2773202_014040_PL01DQ_FBXXX_US1XM1X0XXXIXXXXX_SHORT_TEST_LOOPED_AND_PARAMETERIZED_D,0
P2773272,G1647494P2773272_014040_PL01DQ_FBXXX_US1XM1X0XXXIXXXXX_MINIMAL_TEST_PARAMED_DPDAT,0
P2266148,G1689461P2266148_014040_PL01DB_FBXXX_US1XM1X0XXXIXXXXX_CALLRET_NOPRELOAD_LM0_ORP_002,0
P2339126,G1650588P2339126_014040_PL01DB_FBXXX_US1PM1X0XXXIXXXXX_REGDEP_DAISY_T0_FRITS_ORPHAN_1,0
P2439746,G1648521P2439746_014040_PL01DQ_FBXXX_US1XM1X0XXXIXXXXX_PSC_4R_SS_CAM_MEM1_MT_IAQDAT,0
P2242388,G1641523P2242388_014040_PL01DB_FBXXX_US1XM1X2XXXIXXXXX_JMPMT_CSBASE,0
P2505688,G1641919P2505688_014040_PL01DB_FBXXX_US1XM1X0XXXIXXXXX_CRUCHK_LIVELOCK_XMM_ORP_002,0
P2338696,G1641370P2338696_014040_PL01DB_FBXXX_US1XM1X0XXXIXXXXX_SEG_PRIVILEGE__INT_N__0020_SBFT,0
P2443148,G1648322P2443148_014040_PL01DB_FBXXX_US1XM1X0XXXIXXXXX_SAAT_CR_DATIN_ST_1,0
P2237048,G1648498P2237048_014040_PL01DB_FBXXX_US1XM1X1XXXIXXXXX_WMT_SBFT_BPPUBDTHRDSLCT,0
P2330212,G1692825P2330212_014040_PL01DB_FBXXX_US1XM1X1XXXIXXXXX_WNI_PRELOAD_LM3_ORP_000,0
P2422742,G1649724P2422742_014040_PL01DQ_FBXXX_US1XM1X0XXXIXXXXX_PSC_4R_CRU_ALU_DEP_ON_LD_IAQDAT,0
P2473138,G1641882P2473138_014040_PL01DB_FBXXX_US1XM1X0XXXIXXXXX_AGL0_FIGBPD_SBFT,0
P2385562,G1641709P2385562_014040_PL01DB_FBXXX_US1XM1X2XXXIXXXXX_IQSCHED_ALU0_10,0
P2466304,G1650871P2466304_014040_PL01DB_FBXXX_US1XM1X0XXXIXXXXX_IQSCHED_ALU0_1,0
P2232208,G1640520P2232208_014040_PL01DB_FBXXX_US1XM1X0XXXIXXXXX_WMT_SISBFT_JMPS,0
P2475518,G1649344P2475518_014040_PL01DB_FBXXX_US1XM1X0XXXIXXXXX_IQSCHED_ALU0_3_FIX0,0
P2235728,G1640553P2235728_014040_PL01DB_FBXXX_US1XM1X0XXXIXXXXX_MEU_PMH_SBFT_PDECCH_I164,0
P2266388,G1693114P2266388_014040_PL01DB_FBXXX_US1XM1X0XXXIXXXXX_CALLRET_PRELOAD_LM0_ORP_003,0
P2364720,G1653305P2364720_014040_PL01DB_FBXXX_US1XM1X0XXXIXXXXX_FACTLS_EMON_SD,0
P2338536,G1641166P2338536_014040_PL01DB_FBXXX_US1XM1X0XXXIXXXXX_MEU_PMH_EMON_TEST_SBFT_1_T0,0
P2230168,G1652803P2230168_014040_PL01DB_FBXXX_US1XM1X0XXXIXXXXX_FPU_GEN_EXT_ORP_000,0
P2235238,G1641568P2235238_014040_PL01DB_FBXXX_US1XM1X0XXXIXXXXX_SQRT_RND2SINGLE_LGRS_SBFT,0
P2385312,G1641828P2385312_014040_PL01DB_FBXXX_US1XM1X0XXXIXXXXX_IXLAT_BABRANCH_AGGRESS_ISBRINSTMKS_0,0
P2230438,G1650047P2230438_014040_PL01DB_FBXXX_US1XM1X0XXXIXXXXX_FPU_UNDFL_FADD_ORP_002,0
P2457690,G1641264P2457690_014040_PL01DB_FBXXX_UX1XM1X2XXXIXXXXX_IQSCHED_MT_FP_MEMORY,0
P2423132,G1649907P2423132_014040_PL01DQ_FBXXX_US1XM1X0XXXIXXXXX_PSC_4R_CRU_SLOW_MEM_D2_IAQDAT,0
P2266638,G1691766P2266638_014040_PL01DB_FBXXX_US1XM1X0XXXIXXXXX_MMX_PRELOAD_LM0_ORP_003,0
P2376350,G1647580P2376350_014040_PL01DQ_FBXXX_US1XM1X0XXXIXXXXX_HE_BYPASS_PRT1_TO_PRT1_7_PORT2_DPDAT,0
P2330222,G1691201P2330222_014040_PL01DB_FBXXX_US1XM1X1XXXIXXXXX_CALLRET_NOPRELOAD_LM0_ORP_002,0
P2339086,G1649187P2339086_014040_PL01DB_FBXXX_US1XM1X0XXXIXXXXX_SEG_PRIVILEGE__INT_N__0007_SBFT,0
P2237618,G1640954P2237618_014040_PL01DB_FBXXX_US1XM1X1XXXIXXXXX_WMT_SBFT_CALL_RET_DISABLE,0
P2233588,G1641773P2233588_014040_PL01DB_FBXXX_US1XM1X0XXXIXXXXX_FA_DIRECTED_NORMD_X87_SBFT,0
P2236848,G1640579P2236848_014040_PL01DB_FBXXX_US1XM1X0XXXIXXXXX_PCOUNT_INSERTFLOW,0
P2232838,G1648259P2232838_014040_PL01DB_FBXXX_US1XM1X0XXXIXXXXX_IFALU_ADD0_SBFT,0
P2773472,G1647553P2773472_014040_PL01DQ_FBXXX_US1XM1X0XXXIXXXXX_MINIMAL_TEST_PARAMED_DPDAT_20,0
P2422512,G1653173P2422512_014040_PL01DQ_FBXXX_US1XM1X0XXXIXXXXX_RET_RDYPATTERN1_ST1_IAQDAT,0
P2237078,G1642612P2237078_014040_PL01DB_FBXXX_US1XM1X0XXXIXXXXX_MSPUBD_WALK_0,0
P2773562,G1647533P2773562_014040_PL01DQ_FBXXX_US1XM1X0XXXIXXXXX_MINIMAL_TEST_PARAMED_DPDAT_29,0
P2374650,G1647527P2374650_014040_PL01DQ_FBXXX_US1XM1X0XXXIXXXXX_ALU_WALK_CARRY_P0_6_PORT2_DPDAT,0
P2388718,G1641717P2388718_014040_PL01DB_FBXXX_US1XM1X0XXXIXXXXX_WMT_SBFT_FIXED_MTRR_MISS_T1,0
P2449580,G1648457P2449580_014040_PL01DB_FBXXX_US1XM1X0XXXIXXXXX_FIRM_EMON_SBFT,0
P2475638,G1649838P2475638_014040_PL01DB_FBXXX_US1XM1X0XXXIXXXXX_IQSCHED_THREAD_MAX_FP_MEM_2_FIX0,0
P2773762,G1647513P2773762_014040_PL01DQ_FBXXX_US1XM1X0XXXIXXXXX_MINIMAL_TEST_PARAMED_DPDAT_49,0
