cache_dat_full_0124_minmin_1393333_0101,cache_dat_minvcc_012424_list
psmi2_014444_minmin_763333_0103,psmi2_sigoff_014444_list
sicc_XXX_014444_avidmax_763333_0101,siccdpslp_014444_list
bf_014444_minmin_763333_0103,full_014444_list
dat_gv_hot_ttrm_0124_vccmin_1393333_0105,cache_dat_full_012424_list
ul1_pbist_full_0142_minmin_793333_0101,st_pbist_full_014242_list
Xship_gv133_012525_minmin_1333333_0103,nested_ddrdy_gv3_mob_012525_list
dicc_XXX_014444_avidmax_763333_0101,diccnosigmd_014444_list
cache_dis_ttrm_0124_minmin_1393333_0201,cache_dis_full_012424_list
dat_gv_cold_ttrm_0124_vccmin_1393333_0104,cache_dat_full_012424_list
pbist_gv_hot_ttrm_0142_vccmin_793333_0305,st_pbist_full_014242_list
ul1_pbist_ttrm_0142_minmin_793333_0101,st_pbist_full_014242_list
cache_dat_ttrm_0124_maxmax_1393333_0101,cache_dat_full_012424_list
Xship_ttrm_bf133_012424_minmin_1333200_0243,nested_ddrdy_012424_list
cache_dis_full_0124_maxmax_1393333_0201,cache_dis_maxvcc_012424_list
sbft_gv_cold_ttrm_0140_vccmin_833333_0104,st_gvvcc_fqa_014040_list
dis_gv_cold_ttrm_0124_vccmin_1393333_0204,cache_dis_full_012424_list
sbft_full_0140_maxmax_833333_0101,st_full_014040_list
dis_gv_hot_ttrm_0124_vccmin_1393333_0205,cache_dis_full_012424_list
sbft_gv_hot_ttrm_0140_vccmin_833333_0505,st_gvvcc_fqa_014040_list
sbft_gv_hot_ttrm_0140_vccmin_833333_0105,st_gvvcc_fqa_014040_list
psmi3_014444_minmin_763333_0103,psmi3_sigoff_014444_list
Xship_bf133_012121_minmin_1332800_0211,nested_ddrdy_012121_list
psmi4_014444_minmin_763333_0103,psmi4_sigoff_014444_list
Xship_gv133_012121_minmin_1332800_0243,nested_ddrdy_gv3_noc_012121_list
cache_dis_ttrm_0124_maxmax_1393333_0201,cache_dis_full_012424_list
Xship_gv133_012222_minmin_1332933_0233,nested_ddrdy_gv3_noc_012222_list
psmi1_lowbin_014444_minmin_763333_0103,psmi1_sigoff_minvcc_lowbin_014444_list
Xship_ttrm_bf133_012525_minmin_1333333_0103,nested_ddrdy_012525_list
sbft_ttrm_0140_minmin_833333_0101,st_minvcc_fqa_014040_list
sbft_gv_cold_ttrm_0140_vccmin_833333_0504,st_gvvcc_fqa_014040_list
Xship_bf133_012121_minmin_1332800_0203,nested_ddrdy_012121_list
bf_ttrm_014444_minmin_763333_0103,full_014444_list
sbft_ttrm_0140_maxmax_833333_0101,st_maxvcc_fqa_014040_list
cache_dis_full_0124_minmin_1393333_0201,cache_dis_minvcc_012424_list
cache_dat_full_0124_maxmax_1393333_0101,cache_dat_maxvcc_012424_list
LstepTestinstances,LstepPatlist
Xship_bf133_012121_minmin_1332800_0219,nested_ddrdy_012121_list
Xship_bf133_012525_minmin_1333333_0103,nested_ddrdy_012525_list
ul1_pbist_ttrm_0142_maxmax_793333_0101,st_pbist_full_014242_list
pbist_gv_cold_ttrm_0142_vccmin_793333_0304,st_pbist_full_014242_list
cache_dat_ttrm_0124_minmin_1393333_0101,cache_dat_full_012424_list
ul1_pbist_full_0142_maxmax_793333_0101,st_pbist_full_014242_list
bf_ttrm_014444_maxmax_763333_0104,full_014444_list
sbft_full_0140_minmin_833333_0101,st_full_014040_list
bf_shmoo_014444_maxmax_763333_0102,full_014444_list
bf_014444_maxmax_763333_0104,full_014444_list
