P2244668,G1679427P2244668_014444_PL01DF_FTXXX_US1XM1X0XXXHXXXXX_FMXD_MMX1,3
P2245088,G1706779P2245088_014444_PL01DF_FTXXX_US1XM1X0XXXHXXXXX_SAAT_DRCAM_MIS_ST3_FT_T0,1
P2468114,G1694958P2468114_014444_PL01DF_FTXXX_US1XM1X0XXXHXXXXX_MOB_FT_RHINE_RAND_003,1
P2445100,G1694566P2445100_014444_PL01DF_FTXXX_US1XM1X0XXXHXXXXX_BSU_L1L2EVICTS_SNP_PWRDN,11
P2246048,G1681829P2246048_014444_PL01DF_FTXXX_US1XM1X0XXXHXXXXX_PAGEB4K_SHARED_WALK,1
P2400680,G1682914P2400680_014444_PL01DV_FTXXX_US1XM1X0XXXHXXXXX_BAV_NO_APIC_PART_LOCK_STPCLK,2
P2430694,G1683141P2430694_014444_PL01DF_FTXXX_US1XM1X2XXXHXXXXX_LOCKRAND_MT_TOGGLE,2
P2244648,G1692182P2244648_014444_PL01DF_FTXXX_US1XM1X0XXXHXXXXX_FDIV_MARCHING1S,1
P2484488,G1691635P2484488_014444_PL01DF_FTXXX_US1XM1X0XXXHXXXXX_BTB_UT_ALLSETS_UNCOND_LOGIC_1,15
P2430034,G1677769P2430034_014444_PL01DF_FTXXX_US1XM1X2XXXHXXXXX_LOCKRAND_MT_TOGGLE,2
P2496148,G1703992P2496148_014444_PL01DF_FTXXX_US1XM1X0XXXHXXXXX_MOS_SATAGARYM_LA_CAM_HIGHBITS_4,38
P2468234,G1681337P2468234_014444_PL01DF_FTXXX_US1XM1X0XXXHXXXXX_SAAT_FT_PL1_RHINE_RAND_000,1
P2329788,G1679581P2329788_014444_PL01DF_FTXXX_US1XM1X1XXXQXXXXX_PMH_FT_T1__FRITS_C2M_RW_VARMTRR_ORP_0,1
P2255518,G1673404P2255518_014444_PL01DF_FTXXX_US1XM1X2XXXHXXXXX_LOCK_CNT_BTBTS,13
P2469074,G1694819P2469074_014444_PL01DF_FTXXX_US1XM1X0XXXHXXXXX_BTB_RIGHT_ARRAYS_LOGIC_1,1
P2251288,G1650433P2251288_014444_PL01DV_FTXXX_US12M1X0XXXAXXXXX_BAV_NO_APIC_INTA,1
P2437046,G1683303P2437046_014444_PL01DF_FTXXX_US1XM1X2XXXHXXXXX_ISROUTPUT4A,37
P2398064,G1673955P2398064_014444_PL01DF_FBXXX_US1XM1X2XXXHXXXXX_AGL0_CMV_4_0339610,1
P2324308,G1678278P2324308_014444_PL01DF_FBXXX_US1XM1X0XXXHXXXXX_1_5PL2_RLB_L1EVICT_L2READ,1
P2496258,G1680823P2496258_014444_PL01DF_FTXXX_US1XM1X2XXXQXXXXX_MOS_MOLLARYM_LB_CAM0_HIT_22_MT1,1
P2449470,G1677993P2449470_014444_PL01DF_FTXXX_US1XM1X1XXXHXXXXX_YT3_PREFQ_T1,1
P2245538,G1692695P2245538_014444_PL01DF_FTXXX_US1XM1X0XXXHXXXXX_IF_ALU_TOGGLE1,5
P2256008,G1682297P2256008_014444_PL01DF_FTXXX_US1XM1X0XXXHXXXXX_PAGE_AD_PF,2
P2431904,G1692972P2431904_014444_PL01DF_FTXXX_US1XM1X0XXXHXXXXX_MITE_CREG_PATCH3_02,1
P2468324,G1697412P2468324_014444_PL01DF_FTXXX_US1XM1X0XXXHXXXXX_UL1_FT_PL1_RHINE_RAND_000,1
P2261498,G1701835P2261498_014444_PL01DF_FTXXX_US1XM1X0XXXHXXXXX_GXXNDM,3
P2387570,G1690515P2387570_014444_PL01DF_FTXXX_US1XM1X0XXXHXXXXX_ADDPD_660F58_PROT_OPCOV,1
P2259178,G1676658P2259178_014444_PL01DF_FTXXX_US1XM1X0XXXHXXXXX_RRRR_MPRED_UMPRED,1
P2434006,G1686176P2434006_014444_PL01DF_FTXXX_US1XM1X0XXXHXXXXX_DPU_UL1_LONG_BUS_20D,2
P2434266,G1685009P2434266_014444_PL01DF_FTXXX_US1XM1X0XXXHXXXXX_MOS_MOSLARYM_SMC_PA_CAM_BITS_SPLIT_1_,1
P2474788,G1691724P2474788_014444_PL01DV_FTXXX_US1XM1X2XXXHXXXXX_BAV_APIC_DOUBLE_ISR5,2
P2383400,G1690767P2383400_014444_PL01DF_FTXXX_US1XM1X0XXXGXXXXX_CREG_WRITE_WRITE_WRITE_SELFCHECK,1
P2246278,G1703988P2246278_014444_PL01DF_FTXXX_US1XM1X0XXXHXXXXX_COMBM2_RAND_KM_RM1_E_1,1
P2484778,G1679376P2484778_014444_PL01DF_FTXXX_US1XM1X0XXXHXXXXX_YT_MOVSD,1
P2244218,G1694712P2244218_014444_PL01DF_FTXXX_US1XM1X0XXXHXXXXX_FMXD_ARITH8,42
P2480098,G1680868P2480098_014444_PL01DF_FTXXX_US1XM1X0XXXHXXXXX_TC_MCA_MULT_MINITAG_HIT_1,10
P2253888,G1676148P2253888_014444_PL01DF_FTXXX_US1XM1X0XXXHXXXXX_CLD_STD_FC_FD_ISA_FN_P_01,1
P2246138,G1693606P2246138_014444_PL01DF_FTXXX_US1XM1X0XXXHXXXXX_PAGEC2M_NONLINEAR_NP_PF_A_ASSIST_SPLI,12
P2246788,G1683655P2246788_014444_PL01DV_FTXXX_UX1XM1X0XXXHXXXXX_BAV_WAIT4SIPI_STPCLK_SLP,103
P2326608,G1676305P2326608_014444_PL01DF_FBXXX_US1XM1X0XXXHXXXXX_T3THR_DEBUGREG,21
P2325258,G1701275P2325258_014444_PL01DF_FTXXX_US1XM1X0XXXHXXXXX_PMH_FT_T0__FRITS_C2M_RW_CRS_ORP_001,1
P2324968,G1697006P2324968_014444_PL01DF_FTXXX_US1XM1X0XXXHXXXXX_UL1_FT_T0_RLB_R_W_ACCESS_ORP_003,2
P2396254,G1679368P2396254_014444_PL01DF_FTXXX_US1XM1X0XXXHXXXXX_INTR_LEVEL_A,11
P2808855,G1682019P2808855_014444_PL01DF_FTXXX_US1XM1X2XXXHXXXXX_HE_64BIT_GENERIC_INT_MT,3
P2260398,G1671970P2260398_014444_PL01DF_FTXXX_US1XM1X0XXXHXXXXX_ALF_EMON,1
P2504458,G1677886P2504458_014444_PL01DF_FTXXX_US1XM1X1XXXQXXXXX_MOS_SASEGARYM_FLASHCOPY_FDS_HIGHBITS_,1
P2801763,G1691480P2801763_014444_PL01DF_FUXXX_UX1XM1X0XXXHXXXXX_UL1_SINGLEBITECC_PBIST_DATA,1
P2802218,G1697442P2802218_014444_PL01DF_FUXXX_UX1XM1X0XXXHXXXXX_UL1_SINGLEBITECC_EACHBIT_PBIST_DATA,15
P2570872,G1694276P2570872_014444_PL01DF_FTXXX_US1XM1X0XXXHXXXXX_CT_ASIZE32_FS_AGU_CARRY_SPECIFIC,12
P2245208,G1689716P2245208_014444_PL01DF_FTXXX_US1XM1X0XXXHXXXXX_FA_DIRECTED_VX_COM_MAX_MIN_PD,1
P2253698,G1688250P2253698_014444_PL01DF_FTXXX_US1XM1X0XXXHXXXXX_TBT_BASIC_PM,2
P2479388,G1679407P2479388_014444_PL01DF_FTXXX_US1XM1X0XXXHXXXXX_PMH_FT_PL1_RHINE_RAND_015,1
P2260238,G1674766P2260238_014444_PL01DF_FTXXX_US1XM1X2XXXHXXXXX_FP_PHE_MT_RAND2,2
P2248068,G1685132P2248068_014444_PL01DF_FTXXX_US1XM1X0XXXHXXXXX_PUNPCKLBW_0F60_PROT_OPCOV,1
P2495598,G1688037P2495598_014444_PL01DF_FTXXX_US1XM1X2XXXQXXXXX_MOS_MOLLARYM_LB_CAM1_HIT_19_MT1,1
P2213088,G1689427P2213088_014444_PL01DF_FTXXX_US1XM1X0XXXHXXXXX_ADDRESSING_REGISTER_COMBINATIONS_64BI,4
P2222738,G1689567P2222738_014444_PL01DV_FTXXX_US1XM1X0XXXHXXXXX_BAV_SPLIT_UC_DRD2,1
P2243328,G1681492P2243328_014444_PL01DF_FTXXX_US1XM1X0XXXHXXXXX_AG_TOGGLE,7
P2808874,G1681571P2808874_014444_PL01DF_FTXXX_US1XM1X2XXXHXXXXX_HE_64BIT_GENERIC_INT_MT,77
P2479428,G1653337P2479428_014444_PL01DF_FTXXX_US1XM1X0XXXHXXXXX_PMH_FT_PL2_RHINE_RAND_019,2
P2254538,G1690545P2254538_014444_PL01DF_FTXXX_US1XM1X0XXXHXXXXX_DATA_PF_ASSIST_PF,1
P2247738,G1703139P2247738_014444_PL01DF_FTXXX_US1XM1X1XXXQXXXXX_FSB_SMM,10
P2253378,G1692379P2253378_014444_PL01DF_FTXXX_US1XM1X0XXXHXXXXX_PAGEC2M_ADV_G_CR3_LD_DTLB_SPLIT,1
P2478698,G1698886P2478698_014444_PL01DF_FTXXX_US1XM1X0XXXHXXXXX_MOB_FT_PL2_RHINE_RAND_020,1
P2252878,G1683261P2252878_014444_PL01DF_FTXXX_US1XM1X0XXXHXXXXX_DAC_TAG_SNPHITST_GOTOS_DIRECT,1
P2431064,G1687018P2431064_014444_PL01DF_FTXXX_US1XM1X2XXXHXXXXX_LOCKRAND_MT_TOGGLE,5
P2468354,G1687717P2468354_014444_PL01DF_FTXXX_US1XM1X0XXXHXXXXX_UL1_FT_RHINE_RAND_002,4
P2324618,G1678017P2324618_014444_PL01DF_FTXXX_US1XM1X0XXXHXXXXX_UL1_FT_T0_WCB_EVICTIONS_ORP_001,2
P2398954,G1677771P2398954_014444_PL01DF_FBXXX_US1XM1X2XXXHXXXXX_S_MART_RANDOM_0340140,1
P2430424,G1653043P2430424_014444_PL01DF_FTXXX_US1XM1X2XXXHXXXXX_LOCKRAND_MT_TOGGLE,3
P2422612,G1677215P2422612_014444_PL01DF_FTXXX_US1XM1X0XXXHXXXXX_FSB_CREG_SET2_T0,27
P2245128,G1686812P2245128_014444_PL01DF_FTXXX_US1XM1X0XXXHXXXXX_FA_DIRECTED_NORMD_X87,1
P2443058,G1686334P2443058_014444_PL01DV_FTXXX_US1XM1X2XXXHXXXXX_BAV_APIC_INIT_REG_2,6
P2222668,G1650105P2222668_014444_PL01DV_FTXXX_US12M1X0XXXAXXXXX_BAV_SPLIT_PARTIAL_WRITE,1
P2396844,G1693392P2396844_014444_PL01DV_FTXXX_US1XM1X2XXXHXXXXX_BAV_APIC_TIMER_PERIODIC,188
P2503678,G1679134P2503678_014444_PL01DF_FTXXX_US1XM1X1XXXQXXXXX_MOS_SASEGARYM_FLASHCOPY_FDS_HIGHBITS_,10
P2430004,G1679762P2430004_014444_PL01DF_FTXXX_US1XM1X2XXXHXXXXX_LOCKRAND_MT_TOGGLE,13
P2501958,G1683681P2501958_014444_PL01DF_FTXXX_US1XM1X2XXXHXXXXX_MOS_MOLLARYM_LB_CAM0_SPHIT_12_MT0,1
P2255088,G1650265P2255088_014444_PL01DF_FTXXX_US1XM1X0XXXHXXXXX_SHRD_0FAD_AFLAGS_MEM_OSIZE16_P,1
P2325248,G1699452P2325248_014444_PL01DF_FTXXX_US1XM1X0XXXHXXXXX_PMH_FT_T0__FRITS_C2M_SPLIT_SUW_EMONS_,1
P2260758,G1686970P2260758_014444_PL01DF_FTXXX_US1XM1X0XXXHXXXXX_BUSYTSSCHECK_LOC_CPL2_DPL3_RPL1,1
P2756312,G1675613P2756312_014444_PL01DF_FBXXX_UX1XM1X0XXXHXXXXX_T3THR_PDE0_020,4
P2463294,G1688163P2463294_014444_PL01DF_FTXXX_US1XM1X1XXXQXXXXX_MITE_CREG_PATCH3_09,2
P2253138,G1679745P2253138_014444_PL01DF_FTXXX_US1XM1X0XXXHXXXXX_TBT_NON_BRANCH,51
P2244258,G1688376P2244258_014444_PL01DF_FTXXX_US1XM1X0XXXHXXXXX_FMXD_FAX_ARITH1,18
P2802234,G1690911P2802234_014444_PL01DF_FUXXX_UX1XM1X0XXXHXXXXX_UL1_SINGLEBITECC_EACHBIT_PBIST_DATA,1
P2480718,G1682627P2480718_014444_PL01DF_FTXXX_US1XM1X0XXXHXXXXX_MOS_SATAGARYM_LA_CAM_HIGHBITS,15
P2449650,G1681688P2449650_014444_PL01DF_FTXXX_US1XM1X2XXXHXXXXX_TDE_BASIC_64MODE_MT,5
P2430644,G1678487P2430644_014444_PL01DF_FTXXX_US1XM1X2XXXHXXXXX_LOCKRAND_MT_TOGGLE,10
P2474208,G1677295P2474208_014444_PL01DF_FTXXX_US1XM1X0XXXHXXXXX_MITE_MT_CALL_RET_SMC,2
P2452130,G1692657P2452130_014444_PL01DF_FTXXX_US1XM1X1XXXQXXXXX_FG_MSIMMD_FMASK_ESP_EIP,1
P2245098,G1701218P2245098_014444_PL01DF_FTXXX_US1XM1X0XXXHXXXXX_FA_DIRECTED_NORMD_VS,3
P2245348,G1694987P2245348_014444_PL01DF_FTXXX_US1XM1X0XXXHXXXXX_MEU_PMH_FT_RSRV_BIT_MODEC_22_27,1
P2479338,G1677569P2479338_014444_PL01DF_FTXXX_US1XM1X1XXXQXXXXX_MCA_UPPER_MEM_CALL_RET_1,2
P2437606,G1677006P2437606_014444_PL01DF_FTXXX_US1XM1X2XXXHXXXXX_ISROUTPUT8,1
P2245388,G1650195P2245388_014444_PL01DF_FTXXX_US1XM1X0XXXHXXXXX_DAC_LDHITLD_BITS15_6,5
P2433966,G1675976P2433966_014444_PL01DF_FTXXX_US1XM1X1XXXQXXXXX_MS_FG_SYSENTER,10
P2463414,G1692716P2463414_014444_PL01DV_FTXXX_US1XM1X2XXXHXXXXX_BUS_BAV_APIC_INTR_RW_IRR2_IRR3_FG_2,1
P2245268,G1682159P2245268_014444_PL01DF_FTXXX_US1XM1X0XXXHXXXXX_FA_RND_STICKY_FP_ADD_SUB,1
P2479528,G1680133P2479528_014444_PL01DF_FTXXX_US1XM1X0XXXHXXXXX_DAC_FT_PL2_RHINE_RAND_019,2
P2474778,G1701659P2474778_014444_PL01DV_FTXXX_US1XM1X2XXXHXXXXX_BAV_APIC_DOUBLE_ISR4,1
P2246368,G1650533P2246368_014444_PL01DV_FTXXX_US12M1X0XXXAXXXXX_BAV_PART_SPLIT_WT1,2
P2244058,G1689514P2244058_014444_PL01DF_FTXXX_US1XM1X0XXXHXXXXX_FDIV_MARCHING3S,7
P2438996,G1691063P2438996_014444_PL01DF_FTXXX_US1XM1X1XXXQXXXXX_GPTRAPT1,1
P2431184,G1686362P2431184_014444_PL01DF_FTXXX_US1XM1X2XXXHXXXXX_LOCKRAND_MT_TOGGLE,4
P2437556,G1702287P2437556_014444_PL01DF_FTXXX_US1XM1X2XXXHXXXXX_ISROUTPUT6A,1
P2478768,G1682167P2478768_014444_PL01DF_FTXXX_US1XM1X0XXXHXXXXX_SAAT_FT_PL1_RHINE_RAND_017,1
P2397124,G1689012P2397124_014444_PL01DV_FTXXX_US1XM1X2XXXHXXXXX_BAV_APIC_INTR_LOC_FIX_LVL_HI,226
P2245218,G1694742P2245218_014444_PL01DF_FTXXX_US1XM1X0XXXHXXXXX_MEU_PMH_FT_RSRV_BIT_MODEC_0_3,12
P2429994,G1693774P2429994_014444_PL01DW_FTXXX_US1XM1X2XXXHXXXXX_LOCKRAND_MT_TOGGLE,24
P2430964,G1677419P2430964_014444_PL01DF_FTXXX_US1XM1X2XXXHXXXXX_LOCKRAND_MT_TOGGLE,2
P2246748,G1692444P2246748_014444_PL01DV_FTXXX_US1XM1X0XXXHXXXXX_BAV_HLT_STPCLK_HIT,1
P2487068,G1684589P2487068_014444_PL01DF_FTXXX_US1XM1X2XXXHXXXXX_LB_CAM_MISS_10_MT,12
P2255798,G1691823P2255798_014444_PL01DF_FTXXX_US1XM1X2XXXHXXXXX_CALL_RET_NO_OVERFLOW_MT,2
P2504448,G1689901P2504448_014444_PL01DF_FTXXX_US1XM1X1XXXQXXXXX_MOS_SASEGARYM_FLASHCOPY_FDS_HIGHBITS_,1
P2479488,G1692414P2479488_014444_PL01DF_FTXXX_US1XM1X0XXXHXXXXX_DAC_FT_PL1_RHINE_RAND_015,7
P2445150,G1681500P2445150_014444_PL01DF_FTXXX_US1XM1X0XXXHXXXXX_DPU_UL1_RAND_STORE_DATA_5,1
P2494348,G1690796P2494348_014444_PL01DF_FTXXX_US1XM1X2XXXHXXXXX_MOS_MOLLARYM_LB_CAM0_HIT_01_MT0,7
P2436926,G1681031P2436926_014444_PL01DF_FBXXX_US1XM1X0XXXHXXXXX_TPRUPDATE,5
P2449330,G1701198P2449330_014444_PL01DF_FTXXX_US1XM1X0XXXHXXXXX_BPBTBIM_EVENENTRIES_COUNTERS,9
P2251068,G1687669P2251068_014444_PL01DV_FTXXX_US12M1X2XXXAXXXXX_BAV_APIC_INIT_EOI,1
P2251068,G1709373P2251068_014444_PL01DV_FTXXX_US1XM1X2XXXHXXXXX_BAV_APIC_INIT_EOI,1
P2433986,G1699831P2433986_014444_PL01DF_FTXXX_US1XM1X0XXXHXXXXX_DPU_UL1_LONG_BUS_30D,40
P2259308,G1681316P2259308_014444_PL01DF_FTXXX_US1XM1X0XXXHXXXXX_FC_STPCLK_NOP_T0,139
P2465304,G1682904P2465304_014444_PL01DF_FTXXX_US1XM1X1XXXQXXXXX_BTB_ROFFM_DEALLOCATION_LOGIC,9
P2245148,G1694047P2245148_014444_PL01DF_FTXXX_US1XM1X0XXXHXXXXX_WCB,9
P2441048,G1701650P2441048_014444_PL01DF_FTXXX_US1XM1X0XXXHXXXXX_INTEGER,2
P2479408,G1678315P2479408_014444_PL01DF_FTXXX_US1XM1X0XXXHXXXXX_PMH_FT_PL1_RHINE_RAND_017,2
P2447540,G1691417P2447540_014444_PL01DF_FTXXX_US1XM1X0XXXHXXXXX_CREVMUXD_NMI_DFSHUT,4
P2437666,G1690437P2437666_014444_PL01DF_FTXXX_US1XM1X2XXXHXXXXX_ISROUTPUT5,2
P2324588,G1697086P2324588_014444_PL01DF_FTXXX_US1XM1X0XXXHXXXXX_UL1_FT_T0_WCB_SNOOP_EVICTIONS_ORP_000,7
P2501368,G1701396P2501368_014444_PL01DF_FTXXX_US1XM1X0XXXHXXXXX_MOS_SATAGARYM_LA_CAM_HIGHBITS_6,6
P2245738,G1680398P2245738_014444_PL01DF_FTXXX_US1XM1X0XXXHXXXXX_DAC_SNOOP,9
P2465294,G1676072P2465294_014444_PL01DF_FTXXX_US1XM1X1XXXQXXXXX_BTB_LOFFM_DEALLOCATION_LOGIC,26
P2214978,G1676283P2214978_014444_PL01DF_FTXXX_US1XM1X0XXXHXXXXX_BF_M4_LDDQU_BP,129
P2430234,G1694972P2430234_014444_PL01DF_FTXXX_US1XM1X2XXXHXXXXX_LOCKRAND_MT_TOGGLE,2
P2246158,G1706012P2246158_014444_PL01DF_FTXXX_US1XM1X0XXXHXXXXX_COMBM2_RAND_KM_RM1_E_5,1
P2433876,G1679046P2433876_014444_PL01DF_FTXXX_US1XM1X0XXXHXXXXX_BPBTPRTGUTBS_UTBITS31TO17,1
P2756302,G1682907P2756302_014444_PL01DF_FBXXX_UX1XM1X0XXXHXXXXX_T3THR_PDE0_017,39
P2247368,G1686020P2247368_014444_PL01DF_FTXXX_US1XM1X0XXXHXXXXX_SHLD_0FA5_MODRM_10_P,4
P2248168,G1674298P2248168_014444_PL01DF_FTXXX_US1XM1X0XXXHXXXXX_CMPXCHG_LOCK_0FB0_MODRM_01_P,1
P2478638,G1699009P2478638_014444_PL01DF_FTXXX_US1XM1X0XXXHXXXXX_MOB_FT_PL1_RHINE_RAND_014,5
P2431174,G1681679P2431174_014444_PL01DW_FTXXX_US1XM1X2XXXHXXXXX_LOCKRAND_MT_TOGGLE,1
P2756222,G1684050P2756222_014444_PL01DF_FBXXX_UX1XM1X0XXXHXXXXX_T3THR_PDE0_010,3
P2252798,G1691033P2252798_014444_PL01DF_FTXXX_US1XM1X0XXXHXXXXX_DAC_STHITST_BITS15_6,1
P2467994,G1685197P2467994_014444_PL01DF_FTXXX_US1XM1X0XXXHXXXXX_DAC_FT_RHINE_RAND_000,1
P2447410,G1696822P2447410_014444_PL01DF_FTXXX_US1XM1X2XXXHXXXXX_SAMISCS_T1ISIDESTARV_MT,5
P2503158,G1691686P2503158_014444_PL01DF_FTXXX_US1XM1X2XXXHXXXXX_MOS_MOLLARYM_LB_CAM1_SPHIT_36_MT0,1
P2378820,G1691061P2378820_014444_PL01DF_FTXXX_US1XM1X0XXXHXXXXX_CREG_3WRITE_3READ_SELFCHECK,7
P2469754,G1676710P2469754_014444_PL01DF_FTXXX_US1XM1X0XXXHXXXXX_BUS1_MSFTS2_T0_PWRDN,12
P2474188,G1686724P2474188_014444_PL01DF_FTXXX_US1XM1X0XXXHXXXXX_MITE_MT_CALL_RET_SMC,4
P2445490,G1683322P2445490_014444_PL01DF_FTXXX_US1XM1X0XXXHXXXXX_BUS1_PREFQTUNE_YT3,1
P2494798,G1690006P2494798_014444_PL01DF_FTXXX_US1XM1X2XXXHXXXXX_MOS_MOLLARYM_LB_CAM1_HIT_06_MT0,1
P2244168,G1703879P2244168_014444_PL01DF_FTXXX_US1XM1X0XXXHXXXXX_COMBM2_RAND_KM_RM2_E_3,1
P2246548,G1679614P2246548_014444_PL01DF_FTXXX_US1XM1X0XXXHXXXXX_FMXD_MIXED6,4
P2245068,G1699606P2245068_014444_PL01DF_FTXXX_US1XM1X0XXXHXXXXX_FA_DIRECTED_NORMD_VD,2
P2326528,G1682932P2326528_014444_PL01DF_FBXXX_US1XM1X0XXXHXXXXX_T3THR_NC0_30,1
P2415862,G1710192P2415862_014444_PL01DV_FTXXX_US1XM1X2XXXHXXXXX_BAV_APIC_INIT_REG_2,4
P2215258,G1685274P2215258_014444_PL01DF_FTXXX_US1XM1X0XXXHXXXXX_ANDPS,1
P2445280,G1682476P2445280_014444_PL01DF_FTXXX_US1XM1X0XXXHXXXXX_DPU_UL1_RAND_STORE_DATA_18,1
P2570962,G1692462P2570962_014444_PL01DF_FTXXX_US1XM1X0XXXHXXXXX_CT_ASIZE32_FS_AGU_CARRY_SPECIFIC_2_4,1
P2499058,G1694935P2499058_014444_PL01DF_FTXXX_US1XM1X0XXXHXXXXX_BOGBR_7A_5,21
P2249598,G1694181P2249598_014444_PL01DF_FTXXX_US1XM1X0XXXHXXXXX_MMMULT,2
P2501568,G1685467P2501568_014444_PL01DF_FTXXX_US1XM1X2XXXHXXXXX_MOS_MOLLARYM_LB_CAM1_SPHIT_06_MT0,1
P2261788,G1689911P2261788_014444_PL01DF_FTXXX_US1XM1X0XXXHXXXXX_SHIFTS16,3
P2431264,G1673680P2431264_014444_PL01DF_FTXXX_US1XM1X2XXXHXXXXX_LOCKRAND_MT_TOGGLE,1
P2449030,G1677705P2449030_014444_PL01DF_FTXXX_US1XM1X2XXXHXXXXX_MODPAGD_UC_USWC_FIX4K_C0000_1,1
P2429954,G1685078P2429954_014444_PL01DW_FTXXX_US1XM1X2XXXHXXXXX_LOCKRAND_MT_TOGGLE,1
P2490598,G1693307P2490598_014444_PL01DF_FTXXX_US1XM1X0XXXHXXXXX_DATAGD_ST_STRB_BITS21_24,2
P2513248,G1702229P2513248_014444_PL01DF_FTXXX_US1XM1X2XXXHXXXXX_TC_FLUSH_ALL_WAYS_MT_3,11
P2430524,G1679590P2430524_014444_PL01DF_FTXXX_US1XM1X2XXXHXXXXX_LOCKRAND_MT_TOGGLE,38
P2502868,G1684273P2502868_014444_PL01DF_FTXXX_US1XM1X2XXXHXXXXX_MOS_MOLLARYM_LB_CAM1_SPHIT_29_MT0,1
P2429384,G1702248P2429384_014444_PL01DF_FTXXX_US1XM1X2XXXHXXXXX_TD_PROT_MODE_ARRAY_TEST_MT_233455398,33
P2808866,G1692828P2808866_014444_PL01DF_FTXXX_US1XM1X2XXXHXXXXX_HE_64BIT_GENERIC_INT_MT,10
P2445110,G1676946P2445110_014444_PL01DF_FTXXX_US1XM1X0XXXHXXXXX_DPU_UL1_RAND_STORE_DATA_1,30
P2440776,G1686386P2440776_014444_PL01DF_FTXXX_US1XM1X2XXXHXXXXX_FRONTEND_MT_JUMP_NOLUNIT_345484568,2
P2801757,G1680270P2801757_014444_PL01DF_FUXXX_UX1XM1X0XXXHXXXXX_UL1_SINGLEBITECC_PBIST_DATA,17
P2243878,G1671422P2243878_014444_PL01DF_FTXXX_US1XM1X0XXXHXXXXX_THR_A20M,56
P2326258,G1680080P2326258_014444_PL01DF_FTXXX_US1XM1X0XXXHXXXXX_FUNC_TBRSBD,1
P2483278,G1863597P2483278_014444_PL01DF_FTXXX_US1XM1X2XXXHXXXXX_FC_RANDOM_MT_882975232,7
P2508858,G1682471P2508858_014444_PL01DF_FTXXX_US1XM1X1XXXQXXXXX_TC_ALL_WAYS_SETS192_255,2
P2468264,G1693102P2468264_014444_PL01DF_FTXXX_US1XM1X0XXXHXXXXX_SAAT_FT_RHINE_RAND_002,1
P2325008,G1693176P2325008_014444_PL01DF_FTXXX_US1XM1X0XXXHXXXXX_PMH_FT_T0__B4K_ADG_ORP_000,77
P2437696,G1685301P2437696_014444_PL01DF_FTXXX_US1XM1X2XXXHXXXXX_TMRLINEARCHAINOUTPUT6,13
P2471048,G1689284P2471048_014444_PL01DF_FTXXX_US1XM1X0XXXHXXXXX_FIX_MTRR_LOOKUP,1
P2479948,G1695006P2479948_014444_PL01DF_FTXXX_US1XM1X0XXXHXXXXX_MOS_MOB_EMON_BASIC_14,2
P2244208,G1704199P2244208_014444_PL01DF_FTXXX_US1XM1X0XXXHXXXXX_COMBM2_RAND_KM_RM2_E_12,1
P2325898,G1693286P2325898_014444_PL01DF_FBXXX_US1XM1X0XXXHXXXXX_T3THR_NB2071_RSQRTPS,3
P2324918,G1676528P2324918_014444_PL01DF_FTXXX_US1XM1X1XXXQXXXXX_PMH_FT_T1__FRITS_C2M_PW_PWUW_ORP_002,1
P2443358,G1685738P2443358_014444_PL01DF_FTXXX_US1XM1X0XXXHXXXXX_UL1_FT_T0_RLB_R_W_ACCESS_ORP_004,3
P2478778,G1687747P2478778_014444_PL01DF_FTXXX_US1XM1X0XXXHXXXXX_SAAT_FT_PL2_RHINE_RAND_018,1
P2325048,G1696034P2325048_014444_PL01DF_FTXXX_US1XM1X1XXXQXXXXX_PMH_FT_T1__B4K_ACEG_ORP_000,1
P2434776,G1684835P2434776_014444_PL01DF_FBXXX_US1XM1X2XXXHXXXXX_S_MART_RANDOM_339899,5
P2242508,G1689981P2242508_014444_PL01DF_FTXXX_US1XM1X0XXXHXXXXX_IFALU_ADD1,1
P2445230,G1696732P2445230_014444_PL01DF_FTXXX_US1XM1X0XXXHXXXXX_DPU_UL1_RAND_STORE_DATA_13,1
P2245118,G1704896P2245118_014444_PL01DF_FTXXX_US1XM1X0XXXHXXXXX_SAAT_DRCAM_MIS_ST3_FT_T1,1827
P2262888,G1680393P2262888_014444_PL01DF_FTXXX_US1XM1X0XXXHXXXXX_PROT_LOC_SDPL_SZ16_REWR_NOFLT,1
P2474738,G1693128P2474738_014444_PL01DF_FTXXX_US1XM1X0XXXHXXXXX_PAGE_MEMORY_TYPE,7
P2449390,G1693322P2449390_014444_PL01DF_FTXXX_US1XM1X0XXXHXXXXX_YT2_PREFQ_T0,2
P2249358,G1691378P2249358_014444_PL01DF_FTXXX_US1XM1X0XXXHXXXXX_ADDSD_F20F58_PROT_OPCOV,1
P2248458,G1679758P2248458_014444_PL01DF_FTXXX_US1XM1X0XXXHXXXXX_CMOVNE_NZ_0F45_MODRM_00_R,1
P2434056,G1677573P2434056_014444_PL01DF_FTXXX_US1XM1X0XXXHXXXXX_MOS_MOSLARYM_LA_CAM_HIGHBITS_LDHIHALF,19
P2243498,G1675793P2243498_014444_PL01DF_FTXXX_US1XM1X0XXXHXXXXX_DAC_ULL0FILL,3
P2248468,G1671437P2248468_014444_PL01DF_FTXXX_US1XM1X0XXXHXXXXX_SHLD_0FA5_AFLAGS_REG_OSIZE16_P,1
P2326398,G1683606P2326398_014444_PL01DF_FBXXX_US1XM1X0XXXHXXXXX_WE2_38,5
P2247128,G1685014P2247128_014444_PL01DF_FTXXX_US1XM1X2XXXHXXXXX_CALL_UP_DOWN_MT,9
P2481398,G1693544P2481398_014444_PL01DF_FTXXX_US1XM1X2XXXHXXXXX_TD_PROT_MODE_GATE_MT,1
P2244268,G1694012P2244268_014444_PL01DF_FTXXX_US1XM1X0XXXHXXXXX_PIC_PIC_PROT_MODE_TEMPLATE_MT,149
P2447830,G1690430P2447830_014444_PL01DF_FTXXX_US1XM1X2XXXHXXXXX_SAMISCS_T0ISIDESTARV_MT,11
P2242858,G1686480P2242858_014444_PL01DF_FTXXX_US1XM1X0XXXHXXXXX_UL1DAK_FKV2,19
P2482482,G1694349P2482482_014444_PL01DV_FTXXX_US1XM1X2XXXHXXXXX_BAV_APIC_TIMER_ONESHOT_28,7
P2513298,G1694988P2513298_014444_PL01DF_FTXXX_US1XM1X2XXXHXXXXX_TC_FLUSH_ALL_WAYS_MT_6,1
P2429934,G1695569P2429934_014444_PL01DF_FTXXX_US1XM1X0XXXHXXXXX_BUS1_PREFQTUNE1,2
P2324938,G1681132P2324938_014444_PL01DF_FTXXX_US1XM1X1XXXQXXXXX_UL1_FT_T1_EMON_ENABLE_E6_ORP_000,1
P2801756,G1693427P2801756_014444_PL01DF_FUXXX_UX1XM1X0XXXHXXXXX_UL1_SINGLEBITECC_PBIST_DATA,15
P2255978,G1681608P2255978_014444_PL01DF_FTXXX_US1XM1X0XXXHXXXXX_ADC_81_010_OPCOV_PREFIX_DBIT_1_P,2
P2435686,G1680421P2435686_014444_PL01DV_FTXXX_US1XM1X0XXXHXXXXX_BAV_SNOOP_HIT_STALLS1,1
P2248568,G1701693P2248568_014444_PL01DF_FTXXX_US1XM1X0XXXHXXXXX_BOUND_62_MODRM_00_R,7
P2338486,G1682860P2338486_014444_PL01DF_FTXXX_US1XM1X0XXXHXXXXX_T3THR_NE1_038_DAC,9
P2487038,G1676357P2487038_014444_PL01DF_FTXXX_US1XM1X2XXXHXXXXX_LB_CAM_MISS_00_MT,7
P2324568,G1687518P2324568_014444_PL01DF_FTXXX_US1XM1X0XXXHXXXXX_UL1_FT_T0_WCB_EVICTIONS_ORP_002,23
P2245258,G1690326P2245258_014444_PL01DF_FTXXX_US1XM1X0XXXHXXXXX_MEU_PMH_FT_RSRV_BIT_MODEC_4_9,5
P2437776,G1701724P2437776_014444_PL01DF_FTXXX_US1XM1X2XXXHXXXXX_TMRCHAINTESTOUTPUT6A,8
P2430814,G1682774P2430814_014444_PL01DF_FTXXX_US1XM1X2XXXHXXXXX_LOCKRAND_MT_TOGGLE,2
P2437546,G1692642P2437546_014444_PL01DF_FTXXX_US1XM1X2XXXHXXXXX_ISROUTPUT3,6
P2254048,G1691321P2254048_014444_PL01DF_FTXXX_US1XM1X0XXXHXXXXX_CMPXCHG8B_0FC7_1_ISA_DS_P_01,2
P2254068,G1641414P2254068_014444_PL01DF_FTXXX_US1XM1X0XXXHXXXXX_EXC_DB_TF_PROT,1
P2253478,G1688630P2253478_014444_PL01DF_FTXXX_US1XM1X0XXXHXXXXX_COMBM2_RAND_KM_RM1_E_4,1
P2452670,G1679795P2452670_014444_PL01DF_FTXXX_US1XM1X0XXXHXXXXX_YT7_PREFQ_T0,16
P2248388,G1683426P2248388_014444_PL01DF_FTXXX_US1XM1X0XXXHXXXXX_CMOVLE_NG_0F4E_MODRM_01_R,1
P2434826,G1674586P2434826_014444_PL01DF_FBXXX_US1XM1X2XXXHXXXXX_S_MART_RANDOM_339911,1
P2503038,G1682327P2503038_014444_PL01DF_FTXXX_US1XM1X2XXXQXXXXX_MOS_MOLLARYM_LB_CAM1_SPHIT_33_MT1,1
P2243368,G1697231P2243368_014444_PL01DF_FTXXX_US1XM1X0XXXHXXXXX_CVTP_DSI,44
P2418572,G1683937P2418572_014444_PL01DF_FTXXX_US1XM1X0XXXHXXXXX_SIMPLE_FSB_DATA_PARITY_ERROR,149
P2430574,G1693347P2430574_014444_PL01DF_FTXXX_US1XM1X2XXXHXXXXX_LOCKRAND_MT_TOGGLE,1
P2400070,G1709716P2400070_014444_PL01DV_FTXXX_US1XM1X2XXXHXXXXX_BAV_APIC_INIT_LOCAL_1,6
P2497658,G1684335P2497658_014444_PL01DF_FTXXX_US1XM1X1XXXQXXXXX_BOGBR_3_2,1
P2478728,G1691663P2478728_014444_PL01DF_FTXXX_US1XM1X0XXXHXXXXX_SAAT_FT_PL0_RHINE_RAND_013,3
P2314818,G1676536P2314818_014444_PL01DF_FTXXX_UX1XM1X2XXXHXXXXX_PM_SEGREG_WR_CS_SS,176
P2431124,G1678057P2431124_014444_PL01DF_FTXXX_US1XM1X2XXXHXXXXX_LOCKRAND_MT_TOGGLE,1
P2246958,G1697625P2246958_014444_PL01DV_FTXXX_US1XM1X2XXXHXXXXX_BAV_LOCK,1
P2255508,G1672220P2255508_014444_PL01DF_FTXXX_US1XM1X0XXXHXXXXX_SEG_PRIVILEGE__STACK_SWITCH_RET__0000,8
P2325018,G1679222P2325018_014444_PL01DF_FTXXX_US1XM1X0XXXHXXXXX_FT_PG_ASSIST,27
P2429974,G1681778P2429974_014444_PL01DF_FTXXX_US1XM1X2XXXHXXXXX_LOCKRAND_MT_TOGGLE,6
P2254198,G1690623P2254198_014444_PL01DF_FTXXX_US1XM1X0XXXHXXXXX_PAGE_NP_PF_VS_CODE_FETCH_LENGTH,7
P2513178,G1692324P2513178_014444_PL01DF_FTXXX_US1XM1X2XXXHXXXXX_TC_FLUSH_ALL_WAYS_MT_0,2
P2243728,G1690567P2243728_014444_PL01DF_FTXXX_US1XM1X0XXXHXXXXX_FIRM_FIXRC_ALLOPS,7
P2325278,G1701788P2325278_014444_PL01DF_FTXXX_US1XM1X0XXXHXXXXX_CACHEABLE_UNCACHEABLE_PAGE_SPLIT_ORP_,8
P2430754,G1675232P2430754_014444_PL01DF_FTXXX_US1XM1X0XXXHXXXXX_BPI_YTADDRESS_LOGIC_T0,21
P2447700,G1695343P2447700_014444_PL01DF_FTXXX_US1XM1X2XXXHXXXXX_TMRCHAINTESTOUTPUT8A,1
P2801834,G1692102P2801834_014444_PL01DF_FUXXX_UX1XM1X0XXXHXXXXX_UL1_TAGPARITYMISS_PBIST_CODE,1
P2430984,G1699499P2430984_014444_PL01DF_FTXXX_US1XM1X2XXXHXXXXX_LOCKRAND_MT_TOGGLE,1
P2434246,G1680600P2434246_014444_PL01DF_FTXXX_US1XM1X0XXXHXXXXX_MOS_MOSLARYM_SMC_PA_CAM_BITS_SPLIT_0_,1
P2260708,G1677549P2260708_014444_PL01DF_FTXXX_US1XM1X0XXXHXXXXX_JUMPGATECS_LOC_CPL2_DPL1_RPL3,1
P2323838,G1689515P2323838_014444_PL01DF_FTXXX_US1XM1X0XXXHXXXXX_BASIC,14
P2254798,G1680531P2254798_014444_PL01DF_FTXXX_US1XM1X0XXXHXXXXX_PAGEB4M_BASIC_MIXED_ASSIST,1
P2253558,G1694264P2253558_014444_PL01DF_FTXXX_US1XM1X0XXXHXXXXX_INVALID_COMPLETELY_UNUSED_MODRM,1
P2479518,G1685167P2479518_014444_PL01DF_FTXXX_US1XM1X0XXXHXXXXX_DAC_FT_PL2_RHINE_RAND_018,1
P2324638,G1694074P2324638_014444_PL01DF_FTXXX_US1XM1X0XXXHXXXXX_PAGEC4K_LINEAR_PDE_ID_PTE_AD_ASSIST_S,1
P2437016,G1696165P2437016_014444_PL01DF_FTXXX_US1XM1X2XXXHXXXXX_ISROUTPUT1,81
P2429564,G1679997P2429564_014444_PL01DF_FTXXX_US1XM1X2XXXHXXXXX_MEMORY_EXECUTION_480980566,9
P2448650,G1679827P2448650_014444_PL01DF_FTXXX_US1XM1X1XXXQXXXXX_SAAT_PAGE_ASSIST,1
P2495238,G1694187P2495238_014444_PL01DF_FTXXX_US1XM1X2XXXQXXXXX_MOS_MOLLARYM_LB_CAM0_HIT_13_MT1,1
P2430774,G1676287P2430774_014444_PL01DF_FTXXX_US1XM1X1XXXQXXXXX_BPI_YTADDRESS_LOGIC_T1,13
P2247478,G1682009P2247478_014444_PL01DV_FTXXX_US1XM1X0XXXHXXXXX_BAV_APIC_PRI4_FIXED,113
P2468294,G1682721P2468294_014444_PL01DF_FTXXX_US1XM1X0XXXHXXXXX_SAAT_FT_RHINE_RAND_005,11
P2324408,G1687870P2324408_014444_PL01DF_FTXXX_US1XM1X0XXXHXXXXX_MEU_UL1_FG_UL1READ,21
P2468284,G1701534P2468284_014444_PL01DF_FTXXX_US1XM1X0XXXHXXXXX_SAAT_FT_RHINE_RAND_004,1
P2429374,G1694192P2429374_014444_PL01DF_FTXXX_US1XM1X2XXXHXXXXX_MITE_MT_CALL_RET_SMC_719642950,16
P2468134,G1689872P2468134_014444_PL01DF_FTXXX_US1XM1X0XXXHXXXXX_PMH_FT_PL1_RHINE_RAND_000,2
P2261228,G1685843P2261228_014444_PL01DF_FTXXX_US1XM1X0XXXHXXXXX_GXXNUM_PDDN_1,2
P2508818,G1702143P2508818_014444_PL01DF_FTXXX_US1XM1X1XXXQXXXXX_TC_ALL_WAYS_SETS64_127,2
P2244278,G1690491P2244278_014444_PL01DF_FTXXX_US1XM1X0XXXHXXXXX_FMXD_FAX_ARITH2,5
P2430394,G1677395P2430394_014444_PL01DF_FTXXX_US1XM1X2XXXHXXXXX_LOCKRAND_MT_TOGGLE,1
P2437586,G1680709P2437586_014444_PL01DF_FTXXX_US1XM1X2XXXHXXXXX_ISROUTPUT2,16
P2387948,G1686576P2387948_014444_PL01DF_FTXXX_US1XM1X0XXXHXXXXX_QUICK,2
P2252698,G1678097P2252698_014444_PL01DF_FTXXX_US1XM1X0XXXHXXXXX_BSU_L1L2EVICTS_SNP,73
P2249048,G1678469P2249048_014444_PL01DF_FTXXX_US1XM1X0XXXHXXXXX_BTR_0FB3_ISA_DS_P_04,1
P2429884,G1682557P2429884_014444_PL01DW_FTXXX_US1XM1X2XXXHXXXXX_LOCKRAND_MT_TOGGLE,12
P2326878,G1679660P2326878_014444_PL01DF_FTXXX_US1XM1X0XXXHXXXXX_SBB_18_MODRM_00_P,11
P2468194,G1684201P2468194_014444_PL01DF_FTXXX_US1XM1X0XXXHXXXXX_PMH_FT_RHINE_RAND_004,1
P2479438,G1702273P2479438_014444_PL01DF_FTXXX_US1XM1X0XXXHXXXXX_PMH_FT_PL2_RHINE_RAND_020,1
P2325088,G1682055P2325088_014444_PL01DF_FTXXX_US1XM1X0XXXHXXXXX_UL1_FT_T0_WOB_SNP_EVICTIONS_COMPL_ORP,1
P2477778,G1678417P2477778_014444_PL01DF_FTXXX_US1XM1X0XXXHXXXXX_EMON_PMI_BASIC,46
P2431234,G1682283P2431234_014444_PL01DF_FTXXX_US1XM1X2XXXHXXXXX_LOCKRAND_MT_TOGGLE,1
P2434036,G1678728P2434036_014444_PL01DF_FTXXX_US1XM1X0XXXHXXXXX_MOS_MOSLARYM_LA_CAM_HIGHBITS_1,36
P2478648,G1682699P2478648_014444_PL01DF_FTXXX_US1XM1X0XXXHXXXXX_MOB_FT_PL1_RHINE_RAND_015,7
P2429944,G1675864P2429944_014444_PL01DF_FTXXX_US1XM1X2XXXHXXXXX_LOCKRAND_MT_TOGGLE,8
P2474938,G1697115P2474938_014444_PL01DF_FTXXX_US1XM1X0XXXHXXXXX_PAGE_TLB_FLUSHING,16
P2217498,G1691847P2217498_014444_PL01DW_FTXXX_US1XM1X0XXXHXXXXX_PAGE_FULL_TLB,33
P2509368,G1678956P2509368_014444_PL01DF_FTXXX_US1XM1X1XXXQXXXXX_TC_FLUSH_ALL_WAYS_SETS128_159,6
P2260158,G1683943P2260158_014444_PL01DF_FTXXX_US1XM1X0XXXHXXXXX_VGEN_RM_TEMPLATE,1
P2422632,G1685077P2422632_014444_PL01DF_FTXXX_US1XM1X0XXXHXXXXX_FSB_CREG_SET3_T0,6
P2411352,G1650558P2411352_014444_PL01DF_FTXXX_US1XM1X1XXXQXXXXX_TBPU_CR_LBR_T1,1
P2503768,G1694738P2503768_014444_PL01DF_FTXXX_US1XM1X0XXXHXXXXX_FG_TBPU_TBSHIFTM,2
P2246518,G1691517P2246518_014444_PL01DF_FTXXX_US1XM1X0XXXHXXXXX_COMBM2_RAND_KM_RM2_E_2,1
P2246588,G1691047P2246588_014444_PL01DF_FTXXX_US1XM1X0XXXHXXXXX_FMXD_MIXED7,12
P2442688,G1691484P2442688_014444_PL01DF_FTXXX_US1XM1X0XXXHXXXXX_PMH_FT_T1__B4K_ADG_ORP_000,12
P2801754,G1683307P2801754_014444_PL01DF_FUXXX_UX1XM1X0XXXHXXXXX_UL1_SINGLEBITECC_PBIST_DATA,525
P2243818,G1686823P2243818_014444_PL01DF_FTXXX_US1XM1X0XXXHXXXXX_THR_PAGING2,1
P2496118,G1683085P2496118_014444_PL01DF_FTXXX_US1XM1X0XXXHXXXXX_MOS_SATAGARYM_LA_CAM_TAGL_0,13
P2756282,G1693501P2756282_014444_PL01DF_FBXXX_UX1XM1X0XXXHXXXXX_T3THR_PDC1_05_RNDSTREXCEP,1
P2246508,G1683408P2246508_014444_PL01DF_FTXXX_US1XM1X0XXXHXXXXX_FMXD_MIXED5,2
P2246318,G1682682P2246318_014444_PL01DF_FTXXX_US1XM1X0XXXHXXXXX_FSTP,7
P2447670,G1697900P2447670_014444_PL01DF_FTXXX_US1XM1X2XXXHXXXXX_TMRLINEARCHAINOUTPUT5,1
P2255418,G1678746P2255418_014444_PL01DF_FTXXX_US1XM1X0XXXHXXXXX_MASKMOVQ_SPECIAL_01,45
P2397274,G1678394P2397274_014444_PL01DV_FTXXX_US1XM1X2XXXHXXXXX_BAV_APIC_INTR_DOUBLE_ISR,17
P2244928,G1679836P2244928_014444_PL01DF_FTXXX_US1XM1X0XXXHXXXXX_CRRPTRCHANGEM986H_SPEEDPATH,108
P2260728,G1682218P2260728_014444_PL01DF_FTXXX_US1XM1X0XXXHXXXXX_MOB_SMC1,3
P2504358,G1690993P2504358_014444_PL01DF_FTXXX_US1XM1X1XXXQXXXXX_MOS_SASEGARYM_FLASHCOPY_FDS_HIGHBITS_,1
P2324718,G1683401P2324718_014444_PL01DF_FTXXX_US1XM1X1XXXQXXXXX_PMH_FT_T1__B4K_ADG_3EMONS_ORP_000,1
P2494718,G1691164P2494718_014444_PL01DF_FTXXX_US1XM1X2XXXHXXXXX_MOS_MOLLARYM_LB_CAM1_HIT_04_MT0,1
P2397094,G1683135P2397094_014444_PL01DV_FTXXX_US1XM1X2XXXHXXXXX_BAV_APIC_BUS_MUL_INCOMING,17
P2478788,G1701960P2478788_014444_PL01DF_FTXXX_US1XM1X0XXXHXXXXX_SAAT_FT_PL2_RHINE_RAND_019,1
P2802230,G1682147P2802230_014444_PL01DF_FUXXX_UX1XM1X0XXXHXXXXX_UL1_SINGLEBITECC_EACHBIT_PBIST_DATA,2
P2329818,G1690667P2329818_014444_PL01DF_FBXXX_US1XM1X0XXXHXXXXX_T3THR_PAGING_PAT_TOGGLE_PART2,5
P2437736,G1678485P2437736_014444_PL01DF_FTXXX_US1XM1X0XXXHXXXXX_TMR_CLEAR_A,2
P2430444,G1682598P2430444_014444_PL01DF_FTXXX_US1XM1X2XXXHXXXXX_LOCKRAND_MT_TOGGLE,2
P2323938,G1683557P2323938_014444_PL01DF_FTXXX_US1XM1X0XXXHXXXXX_CHUNKSEL,1
P2222938,G1649993P2222938_014444_PL01DV_FTXXX_US12M1X0XXXAXXXXX_BAV_RETRY_READ_TRANS,1
P2324958,G1681718P2324958_014444_PL01DF_FTXXX_US1XM1X0XXXHXXXXX_UL1_FT_T0_EMON_ENABLE_E12_ORP_000,1
P2431214,G1691737P2431214_014444_PL01DF_FTXXX_US1XM1X2XXXHXXXXX_LOCKRAND_MT_TOGGLE,3
P2245188,G1693424P2245188_014444_PL01DF_FTXXX_US1XM1X0XXXHXXXXX_MEU_PMH_FT_PAGE_ATTRB_LG,12
P2396194,G1694933P2396194_014444_PL01DF_FTXXX_US1XM1X0XXXHXXXXX_IRR_ISR_ODD,35
P2480868,G1675165P2480868_014444_PL01DF_FTXXX_US1XM1X0XXXHXXXXX_UPPER_MEM_LIP_MATCH,3
P2467924,G1701358P2467924_014444_PL01DF_FTXXX_US1XM1X0XXXHXXXXX_DAC_FT_PL1_RHINE_RAND_000,4
P2400150,G1710598P2400150_014444_PL01DV_FTXXX_US1XM1X2XXXHXXXXX_BAV_APIC_INIT_REG_2,1
P2570942,G1689820P2570942_014444_PL01DF_FTXXX_US1XM1X0XXXHXXXXX_CT_ASIZE32_FS_AGU_CARRY_SPECIFIC_2_2,1
P6013449,G1649021P6013449_014444_PL01DF_FBXXX_UX1XM1X0XXXHXXXXX_T3THR_0000913C_GENERIC_WINXP64_REV2,59
P2490538,G1681645P2490538_014444_PL01DF_FTXXX_US1XM1X0XXXHXXXXX_DATAGD_ST_STRB_BITS0,1
P2378930,G1687389P2378930_014444_PL01DF_FTXXX_US1XM1X0XXXHXXXXX_CREG_3WRITE_3READ_SELFCHECK,16
P2442548,G1687089P2442548_014444_PL01DF_FTXXX_US1XM1X2XXXHXXXXX_DPU_UL1_WAYPART_404,10
P2808851,G1678284P2808851_014444_PL01DF_FTXXX_US1XM1X2XXXHXXXXX_HE_64BIT_GENERIC_INT_MT,6
P2259498,G1701298P2259498_014444_PL01DF_FTXXX_US1PM1X0XXXHXXXXX_LD_ST_SMC,3
P2808858,G1699526P2808858_014444_PL01DF_FTXXX_US1XM1X2XXXHXXXXX_HE_64BIT_GENERIC_INT_MT,11
P2474228,G1686922P2474228_014444_PL01DF_FTXXX_US1XM1X0XXXHXXXXX_MITE_MT_CALL_RET_SMC,3
P2325028,G1691561P2325028_014444_PL01DF_FTXXX_US1XM1X0XXXHXXXXX_PMH_FT_T0__B4K_ACFG_ORP_000,25
P2431274,G1698310P2431274_014444_PL01DF_FTXXX_US1XM1X2XXXHXXXXX_LOCKRAND_MT_TOGGLE,2
P2474898,G1682839P2474898_014444_PL01DF_FTXXX_US1XM1X0XXXHXXXXX_PAGE_TLB_FLUSHING,1
P2242798,G1705944P2242798_014444_PL01DF_FTXXX_US1XM1X0XXXHXXXXX_T3_0037_TC,1
P2260358,G1674921P2260358_014444_PL01DF_FTXXX_US1XM1X0XXXHXXXXX_BASIC_PM_MOVS,14
P2479358,G1678900P2479358_014444_PL01DF_FTXXX_US1XM1X0XXXHXXXXX_PMH_FT_PL0_RHINE_RAND_012,3
P2430324,G1695874P2430324_014444_PL01DW_FTXXX_US1XM1X2XXXHXXXXX_LOCKRAND_MT_TOGGLE,2
P2496208,G1695075P2496208_014444_PL01DF_FTXXX_US1XM1X2XXXHXXXXX_MOS_MOLLARYM_LB_CAM0_HIT_21_MT0,1
P2326108,G1671217P2326108_014444_PL01DF_FTXXX_US1XM1X0XXXHXXXXX_MEU_PMH_FT_BADADDR,1
P2248138,G1683004P2248138_014444_PL01DF_FTXXX_US1XM1X0XXXHXXXXX_XADD_LOCK_0FC0_MODRM_01_R,2
P2217388,G1691438P2217388_014444_PL01DW_FTXXX_US1XM1X0XXXHXXXXX_PAGE_FULL_TLB,39
P2433976,G1671542P2433976_014444_PL01DF_FTXXX_US1XM1X0XXXHXXXXX_MS_FG_SYSENTER,12
P2466364,G1686830P2466364_014444_PL01DF_FTXXX_US1XM1X0XXXHXXXXX_BTB_LTAGM_BIM_CONDNT_LOGIC,1
P2434136,G1683196P2434136_014444_PL01DF_FTXXX_US1XM1X0XXXHXXXXX_MOS_MOSLARYM_SMC_PA_CAM_BITS_0_20,1
P2490438,G1682578P2490438_014444_PL01DF_FTXXX_US1XM1X0XXXHXXXXX_DATAGD_LD_STRB_BITS21_24,12
P2468314,G1689681P2468314_014444_PL01DF_FTXXX_US1XM1X0XXXHXXXXX_SAAT_FT_RHINE_RAND_008,9
P2218838,G1679594P2218838_014444_PL01DF_FTXXX_US1XM1X0XXXHXXXXX_MTRR_MODIFY,1
P2479468,G1679637P2479468_014444_PL01DF_FTXXX_US1XM1X0XXXHXXXXX_DAC_FT_PL0_RHINE_RAND_013,1
P2324298,G1682677P2324298_014444_PL01DF_FTXXX_US1XM1X0XXXHXXXXX_LSS_0FB2_MODRM_10_R,2
P2495438,G1675389P2495438_014444_PL01DF_FTXXX_US1XM1X2XXXQXXXXX_MOS_MOLLARYM_LB_CAM0_HIT_18_MT1,1
P2430904,G1682891P2430904_014444_PL01DF_FTXXX_US1XM1X2XXXHXXXXX_LOCKRAND_MT_TOGGLE,2
P2247468,G1701921P2247468_014444_PL01DF_FTXXX_US1XM1X0XXXHXXXXX_ADDPS_0F58_PROT_OPCOV,3
P2465364,G1682434P2465364_014444_PL01DF_FTXXX_US1XM1X1XXXQXXXXX_BTB_ROFFM_DEALLOCATION_LOGIC_1_TC_OFF,1
P2251588,G1688772P2251588_014444_PL01DF_FTXXX_US1XM1X0XXXHXXXXX_DAC_SNOOP_HITBIT20,1
P2513208,G1696196P2513208_014444_PL01DF_FTXXX_US1XM1X2XXXHXXXXX_TC_FLUSH_ALL_WAYS_MT_1,3
P2246818,G1705907P2246818_014444_PL01DF_FTXXX_US1XM1X0XXXHXXXXX_COMBM2_RAND_KM_RM2_E_4,6
P2434076,G1677726P2434076_014444_PL01DF_FTXXX_US1XM1X0XXXHXXXXX_MOS_MOSLARYM_LA_CAM_HIGHBITS_STHIHALF,25
P2494338,G1686988P2494338_014444_PL01DF_FTXXX_US1XM1X2XXXQXXXXX_MOS_MOLLARYM_LB_CAM1_HIT_00_MT1,1
P2243798,G1679714P2243798_014444_PL01DF_FTXXX_US1XM1X0XXXHXXXXX_T3E_040_RSBFAILURE,1
P2396884,G1692984P2396884_014444_PL01DV_FTXXX_US1XM1X2XXXHXXXXX_BAV_APIC_BUS_ICR,25
P2396264,G1680399P2396264_014444_PL01DF_FTXXX_US1XM1X0XXXHXXXXX_INTR_LEVEL_B,2
P2242738,G1685516P2242738_014444_PL01DF_FTXXX_US1XM1X0XXXHXXXXX_KNICVT,8
P2478668,G1694590P2478668_014444_PL01DF_FTXXX_US1XM1X0XXXHXXXXX_MOB_FT_PL1_RHINE_RAND_017,1
P2399980,G1675475P2399980_014444_PL01DV_FTXXX_US1XM1X2XXXHXXXXX_BAV_APIC_BINIT_EOI,545
P2430294,G1699643P2430294_014444_PL01DF_FTXXX_US1XM1X2XXXHXXXXX_LOCKRAND_MT_TOGGLE,2
P2756232,G1675456P2756232_014444_PL01DF_FBXXX_UX1XM1X0XXXHXXXXX_T3THR_CVT_GENERIC,1
P2502948,G1676681P2502948_014444_PL01DF_FTXXX_US1XM1X2XXXHXXXXX_MOS_MOLLARYM_LB_CAM1_SPHIT_31_MT0,1
P2501358,G1704809P2501358_014444_PL01DF_FTXXX_US1XM1X0XXXHXXXXX_MOS_SATAGARYM_LA_CAM_TAGL_5,12
P2474248,G1685852P2474248_014444_PL01DF_FTXXX_US1XM1X0XXXHXXXXX_MITE_MT_CALL_RET_SMC,9
P2251748,G1688868P2251748_014444_PL01DF_FTXXX_US1XM1X0XXXHXXXXX_DAC_SNOOP_HITBIT27,6
P2439006,G1693564P2439006_014444_PL01DF_FTXXX_UX1XM1X1XXXQXXXXX_CREVDETD_SINGLESTEP_T0,1
P2479818,G1702245P2479818_014444_PL01DF_FTXXX_US1XM1X0XXXHXXXXX_MOS_MOB_EMON_BASIC_05,1
P2254988,G1671668P2254988_014444_PL01DF_FTXXX_US1XM1X0XXXHXXXXX_PAGEC4K_PROT_CPL1_CPL2_PDESW_PTESR_SP,1
P2252728,G1684518P2252728_014444_PL01DF_FTXXX_US1XM1X0XXXHXXXXX_BSU_L1L2EVICTS,2
P2501608,G1691660P2501608_014444_PL01DF_FTXXX_US1XM1X2XXXHXXXXX_MOS_MOLLARYM_LB_CAM1_SPHIT_07_MT0,1
P2399950,G1705097P2399950_014444_PL01DV_FTXXX_US1XM1X2XXXHXXXXX_BAV_APIC_RAND_ICR,1
P2429964,G1677749P2429964_014444_PL01DF_FTXXX_US1XM1X2XXXHXXXXX_LOCKRAND_MT_TOGGLE,10
P2252368,G1680910P2252368_014444_PL01DV_FTXXX_US1XM1X0XXXHXXXXX_BAV_APIC_PRI11_FIXED,1
P2429434,G1706123P2429434_014444_PL01DF_FTXXX_US1XM1X1XXXQXXXXX_MEU_SV_ST1_483116630,4
P2468254,G1701986P2468254_014444_PL01DF_FTXXX_US1XM1X0XXXHXXXXX_SAAT_FT_RHINE_RAND_000,2
P2246388,G1679781P2246388_014444_PL01DF_FTXXX_US1XM1X0XXXHXXXXX_FMXD_MIXED2,1
P2245178,G1702189P2245178_014444_PL01DF_FTXXX_US1XM1X0XXXHXXXXX_FA_DIRECTED_SUBD_X87,1
P2479378,G1699515P2479378_014444_PL01DF_FTXXX_US1XM1X0XXXHXXXXX_PMH_FT_PL1_RHINE_RAND_014,1
P2434256,G1672831P2434256_014444_PL01DF_FTXXX_US1XM1X0XXXHXXXXX_MOS_MOSLARYM_SMC_PA_CAM_BITS_SPLIT_0_,8
P2437746,G1679184P2437746_014444_PL01DF_FTXXX_US1XM1X0XXXHXXXXX_TMR_CLEAR_G1,2
P2452690,G1690722P2452690_014444_PL01DF_FTXXX_US1XM1X2XXXHXXXXX_TD_PROT_MODE_STRINGS_MT_439643779,3
P2446260,G1679552P2446260_014444_PL01DF_FTXXX_US1XM1X0XXXHXXXXX_MMDBG_ONE,15
P2496728,G1683570P2496728_014444_PL01DF_FTXXX_US1XM1X2XXXQXXXXX_MOS_MOLLARYM_LB_CAM1_HIT_33_MT1,1
P2325068,G1688399P2325068_014444_PL01DF_FTXXX_US1XM1X0XXXHXXXXX_UL1_FT_T0_WOB_SNP_EVICTIONS_ORP_000,12
P2488528,G1695191P2488528_014444_PL01DF_FTXXX_US1XM1X0XXXHXXXXX_CBP_YTD,11
P2465324,G1693909P2465324_014444_PL01DF_FTXXX_US1XM1X1XXXQXXXXX_BTB_ROFFM_DEALLOCATION_LOGIC_1,4
P2379290,G1688132P2379290_014444_PL01DF_FTXXX_US1XM1X0XXXGXXXXX_CREG_NOCOMMIT_WRITE_READ_SELFCHECK,7
P2404870,G1710426P2404870_014444_PL01DV_FTXXX_US1XM1X2XXXHXXXXX_BAV_APIC_INIT_REG_2,1
P2570922,G1676391P2570922_014444_PL01DF_FTXXX_US1XM1X0XXXHXXXXX_CT_ASIZE32_FS_AGU_CARRY_SPECIFIC_2_1,1
P2399940,G1675058P2399940_014444_PL01DV_FTXXX_US1XM1X2XXXHXXXXX_BAV_APIC_RAND_BSU_CYCLES,5
P2502518,G1674458P2502518_014444_PL01DF_FTXXX_US1XM1X2XXXHXXXXX_MOS_MOLLARYM_LB_CAM0_SPHIT_21_MT0,1
P2246018,G1696280P2246018_014444_PL01DF_FTXXX_US1XM1X0XXXHXXXXX_PAGEB4K_FULL_DTLB,22
P2217578,G1676945P2217578_014444_PL01DF_FTXXX_US1XM1X0XXXHXXXXX_PAT_SPLIT_L2M,1
P2243508,G1701053P2243508_014444_PL01DF_FTXXX_US1XM1X0XXXHXXXXX_LIM_CHK,2
P2430194,G1680653P2430194_014444_PL01DF_FTXXX_US1XM1X2XXXHXXXXX_LOCKRAND_MT_TOGGLE,1
P2496738,G1673893P2496738_014444_PL01DF_FTXXX_US1XM1X2XXXHXXXXX_MOS_MOLLARYM_LB_CAM0_HIT_34_MT0,1
P2430744,G1676029P2430744_014444_PL01DF_FTXXX_US1XM1X2XXXHXXXXX_LOCKRAND_MT_TOGGLE,1
P2324608,G1675468P2324608_014444_PL01DF_FTXXX_US1XM1X0XXXHXXXXX_UL1_FT_T0_WCB_EVICTIONS_ORP_000,10
P2299578,G1685253P2299578_014444_PL01DF_FTXXX_US1XM1X2XXXHXXXXX_VEGA_SHREMP_332506615,6
P2457724,G1694840P2457724_014444_PL01DF_FTXXX_US1XM1X1XXXQXXXXX_CBP_YTB,5
P2509378,G1680309P2509378_014444_PL01DF_FTXXX_US1XM1X0XXXHXXXXX_TC_FLUSH_ALL_WAYS_SETS160_191,10
P2429404,G1700088P2429404_014444_PL01DF_FTXXX_US1XM1X2XXXHXXXXX_TESTPAGE_416851376,3
P2430124,G1691209P2430124_014444_PL01DF_FTXXX_US1XM1X2XXXHXXXXX_LOCKRAND_MT_TOGGLE,1
P2261928,G1686449P2261928_014444_PL01DF_FTXXX_US1XM1X0XXXHXXXXX_VME1_IASM,120
P2448630,G1679800P2448630_014444_PL01DF_FTXXX_US1XM1X2XXXHXXXXX_MODPAGD_PAGE_SPLIT_MT_4,6
P2249118,G1689920P2249118_014444_PL01DF_FTXXX_US1XM1X0XXXHXXXXX_CMOVNB_AE_NC_0F43_MODRM_00_R,28
P2501868,G1695548P2501868_014444_PL01DF_FTXXX_US1XM1X2XXXHXXXXX_MOS_MOLLARYM_LB_CAM0_SPHIT_11_MT0,1
P2468204,G1701756P2468204_014444_PL01DF_FTXXX_US1XM1X0XXXHXXXXX_PMH_FT_RHINE_RAND_006,2
P2259438,G1686493P2259438_014444_PL01DF_FTXXX_US1PM1X0XXXHXXXXX_GEN8WMT_J,10
P2212418,G1681966P2212418_014444_PL01DF_FTXXX_US1XM1X0XXXHXXXXX_YT_BKPT_REG_ACCESS,5
P2431074,G1695349P2431074_014444_PL01DF_FTXXX_US1XM1X2XXXHXXXXX_LOCKRAND_MT_TOGGLE,2
P2242438,G1689191P2242438_014444_PL01DF_FTXXX_US1XM1X0XXXHXXXXX_DAC_EMON,31
P2210378,G1696630P2210378_014444_PL01DW_FTXXX_US1XM1X0XXXHXXXXX_PAGE_RSVD_BITS_PF,920
P2452160,G1680353P2452160_014444_PL01DF_FTXXX_US1XM1X0XXXHXXXXX_TBPU_CR_LBR_HI_NLIP_REV2,1
P2478658,G1701786P2478658_014444_PL01DF_FTXXX_US1XM1X0XXXHXXXXX_MOB_FT_PL1_RHINE_RAND_016,1
P2326268,G1683432P2326268_014444_PL01DF_FBXXX_US1XM1X0XXXHXXXXX_T3THR_RCPPS,2
P2400660,G1682714P2400660_014444_PL01DV_FTXXX_US1XM1X0XXXHXXXXX_BAV_NO_APIC_LOCKED_PARTIAL_STPCLK,22
P2502658,G1685550P2502658_014444_PL01DF_FTXXX_US1XM1X2XXXHXXXXX_MOS_MOLLARYM_LB_CAM1_SPHIT_24_MT0,1
P2244338,G1695072P2244338_014444_PL01DF_FTXXX_US1XM1X0XXXHXXXXX_FMXD_FAX_ARITH5,1
P2452700,G1681480P2452700_014444_PL01DF_FTXXX_US1XM1X2XXXHXXXXX_TD_PROT_MODE_SYSCALL_MT_812389931,37
P2397174,G1682205P2397174_014444_PL01DV_FTXXX_US1XM1X2XXXHXXXXX_BAV_APIC_INTR_SINGLE_FIXED,3
P2325078,G1692496P2325078_014444_PL01DF_FTXXX_US1XM1X0XXXHXXXXX_UL1_FT_T0_WCB_UL1_FILLS_ORP_001,2
P2465214,G1693594P2465214_014444_PL01DF_FTXXX_US1XM1X0XXXHXXXXX_BTB_LOFFM_DEALLOCATION_LOGIC,6
P2468094,G1700404P2468094_014444_PL01DF_FTXXX_US1XM1X0XXXHXXXXX_MOB_FT_RHINE_RAND_001,2
P2244318,G1652945P2244318_014444_PL01DF_FTXXX_US1XM1X0XXXHXXXXX_FMXD_FAX_ARITH4,3
P2255778,G1675292P2255778_014444_PL01DF_FTXXX_US1XM1X2XXXHXXXXX_CALL_OVERFLOW_MT,8
P2483348,G1673993P2483348_014444_PL01DF_FTXXX_US1XM1X0XXXHXXXXX_TC_RESET_CREG,60
P2329388,G1685551P2329388_014444_PL01DF_FTXXX_US1XM1X0XXXHXXXXX_FSPIMUX3,25
P2501378,G1678567P2501378_014444_PL01DF_FTXXX_US1XM1X2XXXHXXXXX_MOS_SATAGARYM_THREAD_VALID_CLEAR_3,1
P2801759,G1692734P2801759_014444_PL01DF_FUXXX_UX1XM1X0XXXHXXXXX_UL1_SINGLEBITECC_PBIST_DATA,10
P2448980,G1681351P2448980_014444_PL01DF_FTXXX_US1XM1X0XXXHXXXXX_EXEC_FT_T0__FRITSFPU_UNDFL_FMUL_ORP_0,1
P2430504,G1688233P2430504_014444_PL01DF_FTXXX_US1XM1X2XXXHXXXXX_LOCKRAND_MT_TOGGLE,1
P2808856,G1685382P2808856_014444_PL01DF_FTXXX_US1XM1X2XXXHXXXXX_HE_64BIT_GENERIC_INT_MT,7
P2329658,G1676260P2329658_014444_PL01DF_FTXXX_US1XM1X2XXXHXXXXX_MEU_4KPAGE_SPLIT_X2_MT,1
P2246758,G1684189P2246758_014444_PL01DF_FTXXX_US1XM1X2XXXHXXXXX_MULTI_CNT_BTR,2
P2223088,G1693902P2223088_014444_PL01DV_FTXXX_US1XM1X0XXXHXXXXX_BAV_STORE_SPLIT_MTRR_1,1
P2255938,G1683005P2255938_014444_PL01DF_FTXXX_US1XM1X0XXXHXXXXX_CMOVL_NGE_0F4C_MODRM_10_P,16
P2570992,G1680671P2570992_014444_PL01DF_FTXXX_US1XM1X0XXXHXXXXX_CT_ASIZE32_FS_AGU_CARRY_SPECIFIC_7,1
P2496828,G1680292P2496828_014444_PL01DF_FTXXX_US1XM1X2XXXHXXXXX_MOS_MOLLARYM_LB_CAM1_HIT_35_MT0,1
P2248588,G1689420P2248588_014444_PL01DF_FTXXX_US1XM1X0XXXHXXXXX_RCPPS_0F53_REAL_OPCOV,1
P2396124,G1688900P2396124_014444_PL01DF_FTXXX_US1XM1X0XXXHXXXXX_CREVDETD_MULTEVENTS_T1_3,3
P2430704,G1677684P2430704_014444_PL01DF_FTXXX_US1XM1X2XXXHXXXXX_LOCKRAND_MT_TOGGLE,1
P2487858,G1687658P2487858_014444_PL01DF_FTXXX_US1XM1X0XXXHXXXXX_SIMPLE_PIC_DATA_PARITY_ERROR,2
P2422442,G1682066P2422442_014444_PL01DF_FTXXX_US1XM1X0XXXHXXXXX_SNPQ_DEFEATURE_ENTRIES2,10
P2246218,G1705755P2246218_014444_PL01DF_FTXXX_US1XM1X0XXXHXXXXX_COMBM2_RAND_KM_RM1_E_10,1
P2401514,G1681195P2401514_014444_PL01DF_FTXXX_US1XM1X0XXXHXXXXX_EMON_ACCESS,6
P6074561,G1885362P6074561_014444_PL01DF_FBXXX_UX1XM1X0XXXHXXXXX_WINBEZ,10
P2469084,G1689949P2469084_014444_PL01DF_FTXXX_US1XM1X0XXXHXXXXX_BTB_RIGHT_ARRAYS_LOGIC_2,19
P2445240,G1691537P2445240_014444_PL01DF_FTXXX_US1XM1X0XXXHXXXXX_DPU_UL1_RAND_STORE_DATA_14,1
P2250058,G1691302P2250058_014444_PL01DF_FTXXX_US1XM1X0XXXHXXXXX_TD_TB_004_SPEED_GLOBALM_RW,2
P2494808,G1694547P2494808_014444_PL01DF_FTXXX_US1XM1X2XXXQXXXXX_MOS_MOLLARYM_LB_CAM1_HIT_06_MT1,1
P2467724,G1685392P2467724_014444_PL01DV_FTXXX_US1XM1X0XXXHXXXXX_BAV_A20M_WBINVD,1
P2323998,G1671139P2323998_014444_PL01DF_FBXXX_US1XM1X1XXXQXXXXX_FUNC_EVTPREFQ,14
P2501528,G1679533P2501528_014444_PL01DF_FTXXX_US1XM1X2XXXHXXXXX_MOS_MOLLARYM_LB_CAM1_SPHIT_05_MT0,1
P2430624,G1691492P2430624_014444_PL01DF_FTXXX_US1XM1X2XXXHXXXXX_LOCKRAND_MT_TOGGLE,1
P2463724,G1682213P2463724_014444_PL01DF_FTXXX_US1XM1X2XXXHXXXXX_TD_PROT_MODE_FARCALL_MT_133855825,5155
P2434046,G1681461P2434046_014444_PL01DF_FTXXX_US1XM1X0XXXHXXXXX_MOS_MOSLARYM_LA_CAM_HIGHBITS_LDHIHALF,13
P2431054,G1686079P2431054_014444_PL01DF_FTXXX_US1XM1X2XXXHXXXXX_LOCKRAND_MT_TOGGLE,1
P2442818,G1679865P2442818_014444_PL01DV_FTXXX_US1XM1X2XXXHXXXXX_BAV_APIC_RAND_BSU_CYCLES,2
P2396084,G1681962P2396084_014444_PL01DF_FTXXX_US1XM1X0XXXHXXXXX_CREVDETD_MULTEVENTS_T0_4,202
P2382490,G1693945P2382490_014444_PL01DF_FTXXX_US1XM1X0XXXHXXXXX_CREG_WRITE_READ_WRITE_SELFCHECK,1
P2250138,G1683658P2250138_014444_PL01DF_FTXXX_US1XM1X0XXXHXXXXX_BTB_GLOBAL_ARR_TEST,1
P2396234,G1672454P2396234_014444_PL01DF_FTXXX_US1XM1X0XXXHXXXXX_CREVDETD_MULTEVENTS_T1_2,178
P2243938,G1679700P2243938_014444_PL01DF_FTXXX_US1XM1X0XXXHXXXXX_MSBUSTOGGLE2,1
P2463144,G1677622P2463144_014444_PL01DF_FTXXX_US1XM1X0XXXHXXXXX_RANDOM_MMX_FP2_322277092,2
P2222578,G1649972P2222578_014444_PL01DV_FTXXX_US12M1X0XXXAXXXXX_CHECK_REG,1
P2222608,G1681243P2222608_014444_PL01DV_FTXXX_US1XM1X0XXXHXXXXX_SNOOP_HITM2,1
P2479838,G1678945P2479838_014444_PL01DF_FTXXX_US1XM1X0XXXHXXXXX_MOS_MOB_EMON_BASIC_07,1
P2326538,G1691908P2326538_014444_PL01DV_FTXXX_US1XM1X0XXXHXXXXX_BAV_APIC_RAND_BSU_QUAD_SAFE,1
P2465234,G1696484P2465234_014444_PL01DF_FTXXX_US1XM1X0XXXHXXXXX_BTB_LOFFM_DEALLOCATION_LOGIC_1,3
P2243778,G1693118P2243778_014444_PL01DF_FTXXX_US1XM1X0XXXHXXXXX_TC_IMM_MCF,1
P2261548,G1690814P2261548_014444_PL01DF_FTXXX_US1XM1X0XXXHXXXXX_PXXNUM,1
P2246128,G1675051P2246128_014444_PL01DF_FTXXX_US1XM1X0XXXHXXXXX_DAC_SNOOP_HITBIT17,1
P2246438,G1681927P2246438_014444_PL01DF_FTXXX_US1XM1X0XXXHXXXXX_COMBM2_RAND_KM_RM3_E_10,10
P2495398,G1690313P2495398_014444_PL01DF_FTXXX_US1XM1X2XXXQXXXXX_MOS_MOLLARYM_LB_CAM0_HIT_17_MT1,1
P2395498,G1652604P2395498_014040_PL01DT_FTXXX_UX1XM1X0XXXXXXXXX_TAP_IDCODE_TMS,135
P2505858,G1677777P2505858_014444_PL01DF_FTXXX_US1XM1X0XXXHXXXXX_MOS_SASEGARYM_FLASHCOPY_FDS_HIGHBITS_,3
P2243268,G1681965P2243268_014444_PL01DF_FTXXX_US1XM1X0XXXHXXXXX_THR_IMUL,1
P2324708,G1680263P2324708_014444_PL01DF_FTXXX_US1XM1X0XXXHXXXXX_PMH_FT_T0__B4K_ACFG_3EMONS_ORP_000,1
P2212238,G1683958P2212238_014444_PL01DF_FTXXX_US1XM1X0XXXHXXXXX_BF_M4_MOVDDUP,26
P2442758,G1697715P2442758_014444_PL01DF_FTXXX_US1XM1X2XXXHXXXXX_FSPIMUX4ODD,55
P2468174,G1698024P2468174_014444_PL01DF_FTXXX_US1XM1X0XXXHXXXXX_PMH_FT_RHINE_RAND_002,1
P2242828,G1682230P2242828_014444_PL01DF_FTXXX_US1XM1X0XXXHXXXXX_IFALU_TRAVEL1,19
P2430854,G1699351P2430854_014444_PL01DF_FTXXX_US1XM1X2XXXHXXXXX_LOCKRAND_MT_TOGGLE,1
P2502468,G1685220P2502468_014444_PL01DF_FTXXX_US1XM1X2XXXQXXXXX_MOS_MOLLARYM_LB_CAM1_SPHIT_19_MT1,1
P2397524,G1710133P2397524_014444_PL01DV_FTXXX_US1XM1X2XXXHXXXXX_BAV_APIC_INTR_PMON_SMI,1
P2243648,G1676234P2243648_014444_PL01DF_FTXXX_US1XM1X0XXXHXXXXX_T3C_010_FPUSTATEIMAGE_MISMATCH,1
P2478688,G1684160P2478688_014444_PL01DF_FTXXX_US1XM1X0XXXHXXXXX_MOB_FT_PL2_RHINE_RAND_019,1
P2430494,G1679301P2430494_014444_PL01DF_FTXXX_US1XM1X2XXXHXXXXX_LOCKRAND_MT_TOGGLE,1
P2248768,G1672727P2248768_014444_PL01DF_FTXXX_US1XM1X0XXXHXXXXX_MOVDQU_F30F6F_REAL_OPCOV,1
P2261888,G1700280P2261888_014444_PL01DF_FTXXX_US1XM1X0XXXHXXXXX_SXXSEM,1
P2252898,G1680131P2252898_014444_PL01DF_FTXXX_US1XM1X0XXXHXXXXX_MEU_PMH_FT_PDECCH_TOGGLE_ATR,1
P2404540,G1676030P2404540_014444_PL01DV_FTXXX_US1XM1X2XXXHXXXXX_BAV_APIC_INTR_LOC_EXTINT_HI,2
P2447610,G1701612P2447610_014444_PL01DF_FTXXX_US1XM1X2XXXHXXXXX_TMRLINEARCHAINOUTPUT6A,2
P2502888,G1693150P2502888_014444_PL01DF_FTXXX_US1XM1X2XXXHXXXXX_MOS_MOLLARYM_LB_CAM0_SPHIT_30_MT0,2
P2756272,G1682933P2756272_014444_PL01DF_FBXXX_UX1XM1X0XXXHXXXXX_T3THR_MIN_PIPEBOMB_FP_SSE2,3
P2262858,G1675087P2262858_014444_PL01DF_FTXXX_US1XM1X0XXXHXXXXX_CALLGATECS_GLOB_CPL2_DPL2_RPL3,1
P2378980,G1693841P2378980_014444_PL01DF_FTXXX_US1XM1X0XXXHXXXXX_CREG_3WRITE_3READ_SELFCHECK,4
P2249338,G1676389P2249338_014444_PL01DF_FTXXX_US1XM1X0XXXHXXXXX_CMOVE_Z_0F44_MEM_AFLAGS_P,4
P2467184,G1683281P2467184_014444_PL01DF_FTXXX_US1XM1X0XXXHXXXXX_DPU_DATAGM_0_7_0,2
P2509288,G1698936P2509288_014444_PL01DF_FTXXX_US1XM1X1XXXQXXXXX_TC_FLUSH_ALL_WAYS_SETS0_31,1
P2260418,G1685099P2260418_014444_PL01DF_FTXXX_US1XM1X0XXXHXXXXX_TC_EMON,4
P2502758,G1680482P2502758_014444_PL01DF_FTXXX_US1XM1X2XXXHXXXXX_MOS_MOLLARYM_LB_CAM0_SPHIT_27_MT0,1
P2801908,G1682124P2801908_014444_PL01DF_FUXXX_UX1XM1X0XXXHXXXXX_UL1_STATEUNCORR_PBIST_DATA,2
P2329378,G1698159P2329378_014444_PL01DF_FTXXX_US1XM1X2XXXHXXXXX_FSPIMUX4,1123
P2499118,G1688011P2499118_014444_PL01DF_FTXXX_US1XM1X2XXXHXXXXX_MOS_SATAGARYM_THREAD_VALID_CLEAR_6,1
P2513228,G1695103P2513228_014444_PL01DF_FTXXX_US1XM1X2XXXHXXXXX_TC_FLUSH_ALL_WAYS_MT_2,3
P2801764,G1677647P2801764_014444_PL01DF_FUXXX_UX1XM1X0XXXHXXXXX_UL1_SINGLEBITECC_PBIST_CODE,9
P2468014,G1698188P2468014_014444_PL01DF_FTXXX_US1XM1X0XXXHXXXXX_DAC_FT_RHINE_RAND_003,2
P2385882,G1677692P2385882_014444_PL01DF_FTXXX_US1XM1X0XXXHXXXXX_FUNC_EVTDBGDAT2,4
P2451900,G1693260P2451900_014444_PL01DF_FTXXX_US1XM1X1XXXQXXXXX_TBPU_CR_LBR_IPD_REV1_T1,1
P2216848,G1696222P2216848_014444_PL01DF_FTXXX_US1XM1X0XXXHXXXXX_REP10_YT,15
P2324948,G1672737P2324948_014444_PL01DF_FTXXX_US1XM1X0XXXHXXXXX_UL1_FT_T0_EMON_ENABLE_E6_ORP_000,1
P2246678,G1681015P2246678_014444_PL01DF_FTXXX_US1XM1X0XXXHXXXXX_ISA_INT_OPCOV_81_83_CS16_R,1
P2469054,G1701375P2469054_014444_PL01DF_FTXXX_US1XM1X0XXXHXXXXX_BTB_LEFT_ARRAYS_LOGIC_1,30
P2422102,G1673918P2422102_014444_PL01DF_FTXXX_US1XM1X0XXXHXXXXX_GLOBAL_CT,2
P2437766,G1686682P2437766_014444_PL01DF_FTXXX_US1XM1X2XXXHXXXXX_TMRCHAINTESTOUTPUT6,1
P2430864,G1682391P2430864_014444_PL01DF_FTXXX_US1XM1X0XXXHXXXXX_BPBTPRTGUTBS_UTBITS63TO32AND16,5
P2808859,G1696408P2808859_014444_PL01DF_FTXXX_US1XM1X2XXXHXXXXX_HE_64BIT_GENERIC_INT_MT,1
P2222928,G1688800P2222928_014444_PL01DV_FTXXX_US1XM1X0XXXHXXXXX_BAV_SNOOPED_HITM_DEFER,1
P2246098,G1704255P2246098_014444_PL01DF_FTXXX_US1XM1X0XXXHXXXXX_COMBM2_RAND_KM_RM1_E_9,1
P2245008,G1677538P2245008_014444_PL01DF_FTXXX_US1XM1X0XXXHXXXXX_FMXD_INT9,1
P2801766,G1692908P2801766_014444_PL01DF_FUXXX_UX1XM1X0XXXHXXXXX_UL1_SINGLEBITECC_PBIST_CODE,20
P2463754,G1709879P2463754_014444_PL01DF_FTXXX_US1XM1X2XXXHXXXXX_TD_PROT_MODE_FARCALL_MT_984397015,468
P2468274,G1701755P2468274_014444_PL01DF_FTXXX_US1XM1X0XXXHXXXXX_SAAT_FT_RHINE_RAND_003,10
P2430024,G1679696P2430024_014444_PL01DW_FTXXX_US1XM1X2XXXHXXXXX_LOCKRAND_MT_TOGGLE,1
P2430184,G1688282P2430184_014444_PL01DF_FTXXX_US1XM1X2XXXHXXXXX_LOCKRAND_MT_TOGGLE,2
P2469776,G1688196P2469776_014444_PL01DF_FTXXX_US1XM1X0XXXHXXXXX_YT4_DMP_T0_PWRDN,2
P2756242,G1693076P2756242_014444_PL01DF_FBXXX_UX1XM1X0XXXHXXXXX_T3THR_CVTPS2PD_PSCB2_23,1
P2243008,G1702631P2243008_014444_PL01DF_FTXXX_US1XM1X0XXXHXXXXX_UL1D6K_40K,14
P2433926,G1687044P2433926_014444_PL01DF_FTXXX_US1XM1X1XXXQXXXXX_BPSBCH_SBCHDSPATKNMRKNST1_ALLOC1TO0,2
P2437686,G1689479P2437686_014444_PL01DF_FTXXX_US1XM1X2XXXHXXXXX_ISROUTPUT1A,1
P2249558,G1706247P2249558_014444_PL01DF_FTXXX_US1XM1X0XXXHXXXXX_COMBM2_RAND_KM_RM1_E_7,4
P2244758,G1680545P2244758_014444_PL01DF_FTXXX_US1XM1X0XXXHXXXXX_MEU_PMH_FIXED_MTRR_MISS_UC_6,1
P2445190,G1694878P2445190_014444_PL01DF_FTXXX_US1XM1X0XXXHXXXXX_DPU_UL1_RAND_STORE_DATA_9,6
P2479348,G1698648P2479348_014444_PL01DF_FTXXX_US1XM1X0XXXHXXXXX_PMH_FT_PL0_RHINE_RAND_011,4
P2481718,G1697264P2481718_014444_PL01DF_FTXXX_US1XM1X2XXXHXXXXX_TD_PROT_MODE_BASIC_MT,2
P2324598,G1675818P2324598_014444_PL01DF_FTXXX_US1XM1X0XXXHXXXXX_UL1_FT_T0_WCB_SNOOP_EVICTIONS_ORP_001,18
P2801900,G1687992P2801900_014444_PL01DF_FUXXX_UX1XM1X0XXXHXXXXX_UL1_STATECORR_PBIST_DATA,10
P2213228,G1690100P2213228_014444_PL01DW_FTXXX_US1XM1X0XXXHXXXXX_PAGE_RSVD_BITS_PF,11
P2222748,G1650057P2222748_014444_PL01DV_FTXXX_US12M1X0XXXAXXXXX_BAV_WRONG_RESP,1
P2252148,G1683223P2252148_014444_PL01DV_FTXXX_US1XM1X1XXXQXXXXX_BAV_APIC_PRI11_FIXED,1
P2571132,G1682162P2571132_014444_PL01DF_FTXXX_US1XM1X0XXXHXXXXX_CT_ASIZE32_FS_AGU_CARRY_SPECIFIC_2_15,1
P2260078,G1674742P2260078_014444_PL01DF_FTXXX_US1XM1X0XXXHXXXXX_FP_FST,2
P2378750,G1683886P2378750_014444_PL01DF_FTXXX_UX1XM1X0XXXGXXXXX_CREG_3WRITE_3READ_SELFCHECK,96
P2247318,G1688892P2247318_014444_PL01DF_FTXXX_US1XM1X0XXXHXXXXX_HAYSTACK_NWDB3_17,1
P2429664,G1711522P2429664_014444_PL01DF_FTXXX_US1XM1X2XXXHXXXXX_MIXED_OPERATING_MODE_647584923,3
P2808871,G1676222P2808871_014444_PL01DF_FTXXX_US1XM1X2XXXHXXXXX_HE_64BIT_GENERIC_INT_MT,11
P2256018,G1695481P2256018_014444_PL01DF_FTXXX_US1XM1X0XXXHXXXXX_PAGE_AD_PF,1
P2245758,G1649008P2245758_014444_PL01DF_FTXXX_US1XM1X0XXXHXXXXX_DAC_SNOOP_HIT32,13
P2445260,G1687030P2445260_014444_PL01DF_FTXXX_US1XM1X0XXXHXXXXX_DPU_UL1_RAND_STORE_DATA_16,1
P2465224,G1690203P2465224_014444_PL01DF_FTXXX_US1XM1X0XXXHXXXXX_BTB_ROFFM_DEALLOCATION_LOGIC,13
P2244688,G1674547P2244688_014444_PL01DF_FTXXX_US1XM1X0XXXHXXXXX_FMXD_MMX2,1
P2466354,G1683703P2466354_014444_PL01DF_FTXXX_US1XM1X0XXXHXXXXX_BTB_LTAGM_BIM_CONDNT_GLOBAL_OFF_LOGIC,30
P2429984,G1697100P2429984_014444_PL01DF_FTXXX_US1XM1X2XXXHXXXXX_LOCKRAND_MT_TOGGLE,10
P2248638,G1690504P2248638_014444_PL01DF_FTXXX_US1XM1X0XXXHXXXXX_SQRTSD_F20F51_REAL_OPCOV,2
P2245458,G1688084P2245458_014444_PL01DF_FTXXX_US1XM1X0XXXHXXXXX_USWC_RANDWB,1
P2440746,G1679857P2440746_014444_PL01DF_FTXXX_US1XM1X0XXXHXXXXX_UPPER_MEM_CALL_RET,23
P2501938,G1684072P2501938_014444_PL01DF_FTXXX_US1XM1X2XXXHXXXXX_MOS_MOLLARYM_LB_CAM1_SPHIT_11_MT0,1
P2253858,G1673317P2253858_014444_PL01DF_FTXXX_US1XM1X0XXXHXXXXX_SEG_DESC_FETCH_LIMIT_LDT,6
P2468104,G1696388P2468104_014444_PL01DF_FTXXX_US1XM1X0XXXHXXXXX_MOB_FT_RHINE_RAND_002,1
P2467214,G1682512P2467214_014444_PL01DF_FTXXX_US1XM1X0XXXHXXXXX_DPU_DATAGM_8_15_1,3
P2388678,G1682016P2388678_014444_PL01DF_FTXXX_US1XM1X0XXXHXXXXX_T3THR_NE1_038_DAC,1
P2329458,G1673418P2329458_014444_PL01DF_FTXXX_US1XM1X2XXXHXXXXX_IRRHIPRI,16
P2447110,G1683387P2447110_014444_PL01DF_FTXXX_US1XM1X2XXXHXXXXX_CRRPLQD_FT_MT_LOCK_REPLAY,1
P2214718,G1691095P2214718_014444_PL01DW_FTXXX_US1XM1X0XXXHXXXXX_PAGE_RSVD_BITS_PF,1
P2253638,G1691232P2253638_014444_PL01DF_FTXXX_US1XM1X0XXXHXXXXX_COMBM2_RAND_KM_RM1_E_3,6
P2466394,G1691604P2466394_014444_PL01DF_FTXXX_US1XM1X0XXXHXXXXX_BTB_RTAGM_BIM_CONDNT_LOGIC,1
P2468634,G1686656P2468634_014444_PL01DF_FTXXX_US1XM1X0XXXHXXXXX_FG_PATCH_TEST_INVERT,1
P2244588,G1676302P2244588_014444_PL01DF_FTXXX_US1XM1X0XXXHXXXXX_MEU_PMH_VAR_MTRR_4K_MATCH_1,2
P2429534,G1686942P2429534_014444_PL01DF_FTXXX_US1XM1X2XXXHXXXXX_TD_PROT_MODE_STRINGS_MT_097824428,4
P2489328,G1678175P2489328_014444_PL01DF_FTXXX_US1XM1X0XXXHXXXXX_MOS_SATAGARYM_LA_CAM_TAGL_3,4
P2449060,G1684552P2449060_014444_PL01DF_FTXXX_US1XM1X0XXXHXXXXX_EXEC_FT_T0__FRITSFPU_RND_EXCEP_ORP_00,1
P2437706,G1689831P2437706_014444_PL01DF_FTXXX_US1XM1X2XXXHXXXXX_TMRLINEARCHAINOUTPUT7A,13
P2434876,G1681412P2434876_014444_PL01DF_FBXXX_US1XM1X2XXXHXXXXX_S_MART_RANDOM_339935,1
P2244778,G1690381P2244778_014444_PL01DF_FTXXX_US1XM1X0XXXHXXXXX_FMXD_MMX7,1
P2252448,G1680728P2252448_014444_PL01DF_FTXXX_US1XM1X0XXXHXXXXX_XCHG_87_MODRM_00_P,1
P2250288,G1684548P2250288_014444_PL01DF_FTXXX_US1XM1X0XXXHXXXXX_WMT_SBFT_MAIN_JEU_RANDOM_TASKING,20
P2473928,G1694747P2473928_014444_PL01DF_FTXXX_US1XM1X0XXXHXXXXX_PAGE_NONCANONICAL_GP_PF,22
P2449410,G1694654P2449410_014444_PL01DF_FTXXX_US1XM1X0XXXHXXXXX_YT4_DMP_T0,9
P2502808,G1691429P2502808_014444_PL01DF_FTXXX_US1XM1X2XXXQXXXXX_MOS_MOLLARYM_LB_CAM0_SPHIT_28_MT1,1
P2382500,G1691165P2382500_014444_PL01DF_FTXXX_US1XM1X0XXXHXXXXX_CREG_WRITE_READ_WRITE_SELFCHECK,1
P2471578,G1681630P2471578_014444_PL01DF_FTXXX_US1XM1X0XXXHXXXXX_BTB_1CALLRET_00FF_LOGIC,10
P2262278,G1684142P2262278_014444_PL01DF_FTXXX_US1XM1X0XXXHXXXXX_TEST32_IASM,2
P2244128,G1690171P2244128_014444_PL01DF_FTXXX_US1XM1X0XXXHXXXXX_FMXD_ARITH2,1
P2324998,G1678777P2324998_014444_PL01DF_FTXXX_US1XM1X0XXXHXXXXX_FLSF1,8
P2430974,G1676049P2430974_014444_PL01DF_FTXXX_US1XM1X2XXXHXXXXX_LOCKRAND_MT_TOGGLE,1
P2247088,G1690305P2247088_014444_PL01DF_FTXXX_US1XM1X0XXXHXXXXX_SBB_83_3_ISA_DS_P_02,3
P2326408,G1681665P2326408_014444_PL01DF_FTXXX_US1XM1X0XXXHXXXXX_WE2_04,7
P2478598,G1687887P2478598_014444_PL01DF_FTXXX_US1XM1X0XXXHXXXXX_MOB_FT_PL0_RHINE_RAND_010,1
P2434426,G1694145P2434426_014444_PL01DF_FTXXX_US1XM1X0XXXHXXXXX_ISTEER_ESCR_COUNTER_CCCR_DEBUG,10
P2445160,G1701892P2445160_014444_PL01DF_FTXXX_US1XM1X0XXXHXXXXX_DPU_UL1_RAND_STORE_DATA_6,1
P2251898,G1683804P2251898_014444_PL01DF_FTXXX_US1XM1X0XXXHXXXXX_DAC_SNOOP_HITBIT35,3
P2474808,G1682193P2474808_014444_PL01DV_FTXXX_US1XM1X2XXXHXXXXX_BAV_APIC_DOUBLE_ISR7,1
P2430174,G1677513P2430174_014444_PL01DF_FTXXX_US1XM1X2XXXHXXXXX_LOCKRAND_MT_TOGGLE,1
P2430654,G1700162P2430654_014444_PL01DF_FTXXX_US1XM1X2XXXHXXXXX_LOCKRAND_MT_TOGGLE,1
P2412066,G1698579P2412066_014444_PL01DF_FTXXX_US1XM1X0XXXHXXXXX_PATCH_MAX_RESOURCES,31
P2261158,G1690598P2261158_014444_PL01DF_FTXXX_US1XM1X0XXXHXXXXX_DNA5R_IASM,1
P2474748,G1683657P2474748_014444_PL01DV_FTXXX_US1XM1X2XXXHXXXXX_BAV_APIC_DOUBLE_ISR1,1
P2431014,G1679393P2431014_014444_PL01DF_FTXXX_US1XM1X0XXXHXXXXX_BPBTPRTGUTBS_UTBITS31TO17,1
P2247718,G1682690P2247718_014444_PL01DF_FTXXX_US1XM1X0XXXHXXXXX_FSBMATCH_MISMATCHBITS,1
P2467414,G1693661P2467414_014444_PL01DF_FTXXX_US1XM1X1XXXQXXXXX_BRKPT_DE_EFFECT_8BYTE_ENCODING_64,18
P2433816,G1683250P2433816_014444_PL01DF_FTXXX_US1XM1X0XXXHXXXXX_BPI_YTADDRESS_LOGIC_T0,1
P2446400,G1697501P2446400_014444_PL01DF_FTXXX_US1XM1X2XXXHXXXXX_RIPREL_LOADS_STORES,1
P2245508,G1696062P2245508_014444_PL01DF_FTXXX_US1XM1X0XXXHXXXXX_TEST33,7
P2429494,G1703607P2429494_014444_PL01DF_FTXXX_US1XM1X0XXXHXXXXX_MEU_SV_ST0_731660486,12
P2248988,G1686603P2248988_014444_PL01DF_FTXXX_US1XM1X0XXXHXXXXX_PMINUB_0FDA_PROT_OPCOV,1
P2463734,G1704881P2463734_014444_PL01DF_FTXXX_US1XM1X2XXXHXXXXX_TD_PROT_MODE_CALL_RET_MT_981640028,57
P2802215,G1683069P2802215_014444_PL01DF_FUXXX_UX1XM1X0XXXHXXXXX_UL1_SINGLEBITECC_EACHBIT_PBIST_DATA,6
P2255478,G1679949P2255478_014444_PL01DF_FTXXX_US1XM1X0XXXHXXXXX_ISA_INT_OPCOV_C0_C1_CS16_R,1
P2463514,G1690740P2463514_014444_PL01DF_FTXXX_US1XM1X0XXXHXXXXX_DPU_UL1_CR_BASIC_0,3
P2468414,G1682472P2468414_014444_PL01DF_FTXXX_US1XM1X0XXXHXXXXX_UL1_FT_RHINE_RAND_009,2
P2246348,G1685683P2246348_014444_PL01DF_FTXXX_US1XM1X0XXXHXXXXX_COMBM2_RAND_KM_RR1_E_5,1
P2503088,G1679064P2503088_014444_PL01DF_FTXXX_US1XM1X2XXXHXXXXX_MOS_MOLLARYM_LB_CAM0_SPHIT_35_MT0,1
P2471728,G1675392P2471728_014444_PL01DF_FTXXX_US1XM1X1XXXQXXXXX_BTB_1CALLRET_FFFF_LOGIC,1
P2503688,G1698821P2503688_014444_PL01DF_FTXXX_US1XM1X1XXXQXXXXX_MOS_SASEGARYM_FLASHCOPY_FDS_HIGHBITS_,8
P2448720,G1678001P2448720_014444_PL01DF_FTXXX_US1XM1X0XXXHXXXXX_EXEC_FT_T0__FRITSFPU_OVRFL_FADD_ORP_0,10
P2256898,G1691104P2256898_014444_PL01DF_FTXXX_US1XM1X0XXXHXXXXX_FP_OPCODE_PREFIX_PROT_MODE,1
P2480018,G1692653P2480018_014444_PL01DF_FTXXX_US1XM1X0XXXHXXXXX_MOS_SAAT_EMON_BASIC_05,1
P2244228,G1704720P2244228_014444_PL01DF_FTXXX_US1XM1X0XXXHXXXXX_COMBM2_RAND_KM_RM1_E_8,1
P2490638,G1689223P2490638_014444_PL01DF_FTXXX_US1XM1X0XXXHXXXXX_DATAG1M_LD_BITS21_24,2
P2260138,G1689621P2260138_014444_PL01DF_FTXXX_US1XM1X2XXXHXXXXX_MANY_MULS,1
P2449810,G1693201P2449810_014444_PL01DF_FTXXX_US1XM1X2XXXHXXXXX_UL1_SAME_SET_TEST,11
P2502508,G1679426P2502508_014444_PL01DF_FTXXX_US1XM1X2XXXQXXXXX_MOS_MOLLARYM_LB_CAM1_SPHIT_20_MT1,2
P2503238,G1675724P2503238_014444_PL01DF_FTXXX_US1XM1X2XXXHXXXXX_MOS_MOLLARYM_LB_CAM1_SPHIT_38_MT0,1
P2504348,G1682299P2504348_014444_PL01DF_FTXXX_US1XM1X1XXXQXXXXX_MOS_SASEGARYM_FLASHCOPY_FDS_HIGHBITS_,8
P2246558,G1706204P2246558_014444_PL01DF_FTXXX_US1XM1X0XXXHXXXXX_MMPCMPCC0,2
P2448070,G1674578P2448070_014444_PL01DF_FBXXX_US1XM1X0XXXHXXXXX_TBTACD_MATCH_TAG,13
P2801755,G1677240P2801755_014444_PL01DF_FUXXX_UX1XM1X0XXXHXXXXX_UL1_SINGLEBITECC_PBIST_DATA,37
P2471458,G1672707P2471458_014444_PL01DF_FTXXX_US1XM1X0XXXHXXXXX_BOGBR_JZJC_NLIPB_0,2
P2468144,G1699613P2468144_014444_PL01DF_FTXXX_US1XM1X0XXXHXXXXX_PMH_FT_PL2_RHINE_RAND_001,2
P2261388,G1691304P2261388_014444_PL01DF_FTXXX_US1XM1X0XXXHXXXXX_XT3PQA,1
P2254128,G1706091P2254128_014444_PL01DF_FTXXX_US1XM1X0XXXHXXXXX_V86_2T_PAGING,1
P2245308,G1650556P2245308_014444_PL01DF_FTXXX_US1XM1X0XXXHXXXXX_MEU_PMH_FT_RSRV_BIT_MODEC_16_21,2
P2429874,G1683421P2429874_014444_PL01DF_FTXXX_US1XM1X2XXXHXXXXX_LOCKRAND_MT_TOGGLE,2
P2396184,G1682592P2396184_014444_PL01DF_FTXXX_US1XM1X0XXXHXXXXX_IRR_ISR_EVEN,24
P2245398,G1686902P2245398_014444_PL01DF_FTXXX_US1XM1X2XXXHXXXXX_EXC_PF_PROT_SS_PROT,1
P2245078,G1687716P2245078_014444_PL01DF_FTXXX_US1XM1X0XXXHXXXXX_FMXD_INT2,1
P2341996,G1683529P2341996_014444_PL01DF_FTXXX_US1XM1X0XXXHXXXXX_WMT_BSU_SNPQ_DP_FG_MATCH_SI_ONES_ENT1,1
P2465244,G1675665P2465244_014444_PL01DF_FTXXX_US1XM1X0XXXHXXXXX_BTB_ROFFM_DEALLOCATION_LOGIC_1,6
P2466074,G1677317P2466074_014444_PL01DF_FTXXX_US1XM1X0XXXHXXXXX_BTB_RRSD_CALLS_RETS_LOGIC_1,1
P2496448,G1695902P2496448_014444_PL01DF_FTXXX_US1XM1X2XXXHXXXXX_MOS_MOLLARYM_LB_CAM0_HIT_27_MT0,1
P2434306,G1685775P2434306_014444_PL01DF_FTXXX_US1XM1X0XXXHXXXXX_ISMATCHN_MATCH_MASK_REG_TEST,10
P2437596,G1689737P2437596_014444_PL01DF_FTXXX_US1XM1X2XXXHXXXXX_ISROUTPUT7,2
P2468624,G1692095P2468624_014444_PL01DF_FTXXX_US1XM1X0XXXHXXXXX_FG_PATCH_TEST,5
P2247438,G1680311P2247438_014444_PL01DV_FTXXX_US1XM1X0XXXHXXXXX_BAV_APIC_PRI1_FIXED,14
P2509298,G1686416P2509298_014444_PL01DF_FTXXX_US1XM1X0XXXHXXXXX_TC_FLUSH_ALL_WAYS_SETS32_63,19
P2326228,G1681371P2326228_014444_PL01DF_FBXXX_US1XM1X0XXXHXXXXX_T3THR_RSQRTPS,13
P2430054,G1677248P2430054_014444_PL01DF_FTXXX_US1XM1X2XXXHXXXXX_LOCKRAND_MT_TOGGLE,2
P2260608,G1686683P2260608_014444_PL01DF_FTXXX_US1XM1X0XXXHXXXXX_DC_DAT_4N_CKB_IASM,2
P2430594,G1679638P2430594_014444_PL01DW_FTXXX_US1XM1X2XXXHXXXXX_LOCKRAND_MT_TOGGLE,1
P2244388,G1693646P2244388_014444_PL01DF_FTXXX_US1XM1X0XXXHXXXXX_FMXD_FAX_ARITH8,1
P2447150,G1675604P2447150_014444_PL01DF_FTXXX_US1XM1X0XXXHXXXXX_BSL1QD_L1_EVICTS_PART3,6
P2502398,G1676366P2502398_014444_PL01DF_FTXXX_US1XM1X2XXXHXXXXX_MOS_MOLLARYM_LB_CAM0_SPHIT_18_MT0,1
P2429644,G1678279P2429644_014444_PL01DF_FTXXX_US1XM1X2XXXHXXXXX_MIXED_OPERATING_MODE_457461202,2
P2443338,G1692219P2443338_014444_PL01DF_FTXXX_US1XM1X0XXXHXXXXX_UL1_FT_T0_RLB_R_W_ACCESS_ORP_001,2
P2247978,G1693429P2247978_014444_PL01DF_FTXXX_US1XM1X0XXXHXXXXX_SHRD_0FAD_MODRM_10_R,1
P2247018,G1683298P2247018_014444_PL01DF_FTXXX_US1XM1X2XXXHXXXXX_RRRR_FCW_MPRED_NUKE_MT,2
P2243888,G1694895P2243888_014444_PL01DF_FTXXX_US1XM1X0XXXHXXXXX_IDIV_F7_7_ISA_DS_P_05,1
P2494698,G1689791P2494698_014444_PL01DF_FTXXX_US1XM1X2XXXHXXXXX_MOS_MOLLARYM_LB_CAM0_HIT_04_MT0,1
P2482132,G1696375P2482132_014444_PL01DF_FTXXX_US1XM1X2XXXHXXXXX_FSB_EMON_BNR_STALL_T1,233
P2808857,G1697550P2808857_014444_PL01DF_FTXXX_US1XM1X2XXXHXXXXX_HE_64BIT_GENERIC_INT_MT,2
P2442538,G1679482P2442538_014444_PL01DW_FTXXX_US1XM1X2XXXHXXXXX_DPU_UL1_WAYPART_242,1
P2243048,G1676034P2243048_014444_PL01DF_FTXXX_US1XM1X0XXXHXXXXX_T3_0127_FP_FISTP,1
P2443288,G1679674P2443288_014444_PL01DF_FTXXX_US1XM1X0XXXHXXXXX_DPU_UL1_NON_64BYTE_FETCH_0,3
P2246628,G1684250P2246628_014444_PL01DF_FTXXX_US1XM1X0XXXHXXXXX_FMXD_MIXED8,2
P2242618,G1689751P2242618_014444_PL01DF_FTXXX_US1XM1X0XXXHXXXXX_T3_0048,1
P2479538,G1700775P2479538_014444_PL01DF_FTXXX_US1XM1X0XXXHXXXXX_DAC_FT_PL2_RHINE_RAND_020,2
P2446920,G1676595P2446920_014444_PL01DF_FTXXX_US1XM1X1XXXQXXXXX_CREVMUXD_BTM,16
P2429394,G1696354P2429394_014444_PL01DF_FTXXX_US1XM1X0XXXHXXXXX_MOS_MOSLARYM_LA_CAM_HIGHBITS_0,25
P2245278,G1693275P2245278_014444_PL01DF_FTXXX_US1XM1X0XXXHXXXXX_MEU_PMH_FT_RSRV_BIT_MODEC_10_15,6
P2259688,G1710547P2259688_014444_PL01DF_FTXXX_US1XM1X0XXXHXXXXX_SPEEDPATH_PIPEX3,256
P2452070,G1675887P2452070_014444_PL01DF_FTXXX_US1XM1X0XXXHXXXXX_LTAGLOFF_STEW_BPBTBIM_ODDENTRIES_COUN,19
P2467404,G1682507P2467404_014444_PL01DF_FTXXX_US1XM1X1XXXQXXXXX_BRKPT_ENABLING_64,1
P2437566,G1701482P2437566_014444_PL01DF_FTXXX_US1XM1X2XXXHXXXXX_ISROUTPUT6,2
P2801767,G1689497P2801767_014444_PL01DF_FUXXX_UX1XM1X0XXXHXXXXX_UL1_SINGLEBITECC_PBIST_CODE,5
P2244908,G1688045P2244908_014444_PL01DF_FTXXX_US1XM1X0XXXHXXXXX_FAST_STR_EVENT1,16
P2449210,G1673050P2449210_014444_PL01DF_FTXXX_US1XM1X0XXXHXXXXX_FSB_EMON_IOQ_ADDRMATCH_ALL,9
P2479368,G1682742P2479368_014444_PL01DF_FTXXX_US1XM1X0XXXHXXXXX_PMH_FT_PL0_RHINE_RAND_013,1
P2430634,G1678451P2430634_014444_PL01DF_FTXXX_US1XM1X2XXXHXXXXX_LOCKRAND_MT_TOGGLE,2
P2430284,G1681138P2430284_014444_PL01DF_FTXXX_US1XM1X2XXXHXXXXX_LOCKRAND_MT_TOGGLE,1
P2243138,G1676473P2243138_014444_PL01DF_FTXXX_US1XM1X0XXXHXXXXX_IFALU_BACK2BACK_ADD,1
P2326058,G1693348P2326058_014444_PL01DF_FBXXX_US1XM1X0XXXHXXXXX_WE_0102,3
P2404040,G1673454P2404040_014444_PL01DV_FTXXX_US1XM1X2XXXHXXXXX_BAV_APIC_BUS_PHY_FIXED,4
P2247518,G1694713P2247518_014444_PL01DV_FTXXX_US1XM1X0XXXHXXXXX_BAV_APIC_PRI7_FIXED,11
P2501448,G1690975P2501448_014444_PL01DF_FTXXX_US1XM1X2XXXQXXXXX_MOS_MOLLARYM_LB_CAM1_SPHIT_03_MT1,13
P2249318,G1689701P2249318_014444_PL01DF_FTXXX_US1XM1X0XXXHXXXXX_ADC_11_SIB_MODRM_DBIT_1_P,3
P2503128,G1681272P2503128_014444_PL01DF_FTXXX_US1XM1X2XXXQXXXXX_MOS_MOLLARYM_LB_CAM1_SPHIT_35_MT1,1
P2446050,G1685226P2446050_014444_PL01DF_FBXXX_US1XM1X2XXXHXXXXX_BPBTB_TAR_2PORT_RDS_XTHRD_GLOBAL,1
P2496188,G1683677P2496188_014444_PL01DF_FTXXX_US1XM1X2XXXHXXXXX_MOS_MOLLARYM_LB_CAM1_HIT_20_MT0,1
P2506038,G1702383P2506038_014444_PL01DF_FTXXX_US1XM1X1XXXQXXXXX_FLASHCOPY_READ_0_T1,6
P2448830,G1675119P2448830_014444_PL01DF_FTXXX_US1XM1X0XXXHXXXXX_EXEC_FT_T0__FRITSFPU_RND_EXCEP_ORP_00,3
P2245418,G1685445P2245418_014444_PL01DF_FTXXX_US1XM1X0XXXHXXXXX_DAC_LDHITST_BITS15_6,1
P2325058,G1680456P2325058_014444_PL01DF_FTXXX_US1XM1X1XXXQXXXXX_PMH_FT_T1__B4K_ACFG_ORP_000,1
P2260128,G1693908P2260128_014444_PL01DF_FTXXX_US1XM1X2XXXHXXXXX_MANY_DIVRS,10
P2570892,G1672619P2570892_014444_PL01DF_FTXXX_US1XM1X0XXXHXXXXX_CT_ASIZE32_FS_AGU_CARRY_SPECIFIC_2,2
P2245488,G1690945P2245488_014444_PL01DF_FTXXX_US1XM1X0XXXHXXXXX_DAC_REPWAY,28
P2467774,G1685453P2467774_014444_PL01DF_FTXXX_US1XM1X0XXXHXXXXX_FMXD_MIXED1_TESTGEN,2
P2469796,G1690128P2469796_014444_PL01DF_FTXXX_US1XM1X0XXXHXXXXX_YT3_PREFQ_T0_PWRDN,2
P2242758,G1687843P2242758_014444_PL01DF_FTXXX_US1XM1X0XXXHXXXXX_FUSE_MSR,56
P2430244,G1675390P2430244_014444_PL01DF_FTXXX_US1XM1X2XXXHXXXXX_LOCKRAND_MT_TOGGLE,1
P2449080,G1677177P2449080_014444_PL01DF_FTXXX_US1XM1X0XXXHXXXXX_EXEC_FT_T0__FRITSFPU_GEN_EXT_ORP_001,5
P2463744,G1702203P2463744_014444_PL01DF_FTXXX_US1XM1X2XXXHXXXXX_TD_PROT_MODE_ARRAY_TEST_MT_233455398,5
P2431254,G1689844P2431254_014444_PL01DF_FTXXX_US1XM1X2XXXHXXXXX_LOCKRAND_MT_TOGGLE,1
P2448740,G1683739P2448740_014444_PL01DF_FTXXX_US1XM1X0XXXHXXXXX_EXEC_FT_T0__FRITSFPU_SQRT_ORP_001,3
P2430384,G1681339P2430384_014444_PL01DF_FTXXX_US1XM1X2XXXHXXXXX_LOCKRAND_MT_TOGGLE,3
P2401436,G1683050P2401436_014444_PL01DF_FTXXX_US1XM1X2XXXHXXXXX_EMON_MT_PMI,17
P2430564,G1693903P2430564_014444_PL01DF_FTXXX_US1XM1X2XXXHXXXXX_LOCKRAND_MT_TOGGLE,1
P2244548,G1678780P2244548_014444_PL01DF_FTXXX_US1XM1X0XXXHXXXXX_UL1_LOAD_L0,2
P2468024,G1702347P2468024_014444_PL01DF_FTXXX_US1XM1X0XXXHXXXXX_DAC_FT_RHINE_RAND_004,5
P2397234,G1675121P2397234_014444_PL01DV_FTXXX_US1XM1X2XXXHXXXXX_BAV_APIC_DOUBLE_ISR_DIFF_GROUPS,12
P2401446,G1694727P2401446_014444_PL01DF_FTXXX_US1XM1X0XXXHXXXXX_EMON_ACCESS,14
P2260638,G1702074P2260638_014444_PL01DF_FTXXX_US1XM1X0XXXHXXXXX_DC_DAT_4N_FA_IASM,2
P2513318,G1693680P2513318_014444_PL01DF_FTXXX_US1XM1X2XXXHXXXXX_TC_FLUSH_ALL_WAYS_MT_7,4
P2802219,G1682995P2802219_014444_PL01DF_FUXXX_UX1XM1X0XXXHXXXXX_UL1_SINGLEBITECC_EACHBIT_PBIST_DATA,1
P2248698,G1690981P2248698_014444_PL01DF_FTXXX_US1XM1X0XXXHXXXXX_PAGEC2M_FULL_DTLB,39
P2570932,G1695338P2570932_014444_PL01DF_FTXXX_US1XM1X0XXXHXXXXX_CT_ASIZE32_FS_AGU_CARRY_SPECIFIC_5,1
P2251978,G1693499P2251978_014444_PL01DF_FTXXX_US1XM1X0XXXHXXXXX_SEG_PRIVILEGE__INT_N__0002,1
P2244868,G1677162P2244868_014444_PL01DF_FTXXX_US1XM1X0XXXHXXXXX_SAAT_DRCAM_HIT_LD3_FT_T0,4
